# Blender 4.1.1
# www.blender.org
mtllib tdBoss.mtl
o Cube
v 0.314862 -1.257434 6.018159
v 0.313683 -1.327429 6.088160
v 0.384144 -1.328324 6.018159
v 0.309482 -1.576737 6.088160
v 0.308303 -1.646731 6.018159
v 0.379000 -1.577622 6.018159
v 0.314862 -1.257434 4.158159
v 0.384144 -1.328323 4.158160
v 0.313683 -1.327428 4.088160
v 0.308303 -1.646731 4.158159
v 0.309483 -1.576736 4.088160
v 0.379000 -1.577622 4.158159
v -0.314862 -1.257434 6.018159
v -0.384144 -1.328324 6.018159
v -0.313683 -1.327429 6.088160
v -0.308303 -1.646731 6.018159
v -0.309482 -1.576737 6.088160
v -0.379000 -1.577623 6.018159
v -0.314862 -1.257434 4.158159
v -0.313683 -1.327428 4.088160
v -0.384144 -1.328323 4.158160
v -0.308303 -1.646731 4.158159
v -0.379000 -1.577622 4.158159
v -0.309482 -1.576736 4.088160
v -1.457200 -1.282753 6.018159
v -1.453651 -1.352706 6.088160
v -1.383651 -1.350813 6.018159
v -1.441012 -1.601863 6.088160
v -1.437463 -1.671815 6.018159
v -1.371109 -1.599973 6.018159
v -1.457200 -1.282753 4.158160
v -1.383651 -1.350812 4.158159
v -1.453651 -1.352705 4.088160
v -1.437463 -1.671815 4.158159
v -1.441012 -1.601863 4.088160
v -1.371109 -1.599972 4.158159
v -2.078015 -1.299592 6.018159
v -2.144997 -1.371455 6.018160
v -2.075191 -1.369561 6.088160
v -2.062304 -1.688751 6.018159
v -2.065129 -1.618781 6.088160
v -2.135225 -1.620680 6.018160
v -2.078015 -1.299591 4.158159
v -2.075190 -1.369561 4.088160
v -2.144997 -1.371455 4.158159
v -2.062304 -1.688750 4.158159
v -2.135225 -1.620680 4.158159
v -2.065129 -1.618780 4.088160
v -3.200635 -1.308266 6.018160
v -3.202648 -1.378251 6.088160
v -3.133496 -1.379193 6.018160
v -3.209816 -1.627523 6.088160
v -3.211828 -1.697508 6.018160
v -3.138992 -1.628488 6.018160
v -3.200635 -1.308266 4.158159
v -3.133496 -1.379193 4.158159
v -3.202647 -1.378250 4.088160
v -3.211828 -1.697507 4.158159
v -3.209816 -1.627523 4.088159
v -3.138992 -1.628488 4.158159
v -3.809002 -1.290881 6.018160
v -3.884490 -1.356648 6.018159
v -3.816099 -1.360691 6.088160
v -3.848477 -1.679148 6.018159
v -3.841379 -1.609339 6.088160
v -3.912529 -1.605139 6.018159
v -3.809002 -1.290881 4.158159
v -3.816099 -1.360690 4.088160
v -3.884490 -1.356647 4.158160
v -3.848476 -1.679148 4.158159
v -3.912529 -1.605139 4.158159
v -3.841379 -1.609338 4.088160
v -4.884853 -1.181806 6.018160
v -4.909132 -1.249543 6.088160
v -4.843775 -1.260571 6.018160
v -4.995605 -1.490809 6.088160
v -5.019884 -1.558546 6.018159
v -4.924927 -1.502813 6.018159
v -4.884853 -1.181805 4.158160
v -4.843775 -1.260571 4.158159
v -4.909131 -1.249542 4.088160
v -5.019883 -1.558546 4.158159
v -4.995605 -1.490809 4.088160
v -4.924927 -1.502813 4.158159
v -5.421414 -1.043949 6.018159
v -5.519220 -1.083214 6.018159
v -5.463535 -1.106892 6.088160
v -5.655683 -1.394025 6.018159
v -5.613562 -1.331082 6.088160
v -5.679066 -1.303786 6.018159
v -5.421414 -1.043949 4.158160
v -5.463535 -1.106892 4.088160
v -5.519220 -1.083214 4.158160
v -5.655683 -1.394024 4.158159
v -5.679066 -1.303786 4.158160
v -5.613562 -1.331082 4.088160
v -6.125257 -0.581285 6.018160
v -6.209759 -0.614809 6.088160
v -6.183701 -0.656339 6.018160
v -6.510741 -0.734217 6.088160
v -6.595243 -0.767741 6.018159
v -6.477467 -0.784900 6.018160
v -6.125257 -0.581284 4.158159
v -6.183701 -0.656339 4.158159
v -6.209759 -0.614809 4.088160
v -6.595243 -0.767741 4.158159
v -6.510741 -0.734217 4.088160
v -6.477466 -0.784900 4.158159
v -6.281651 -0.216440 6.018160
v -6.384894 -0.181105 6.018159
v -6.376686 -0.227567 6.088160
v -6.810222 -0.278325 6.018160
v -6.715186 -0.267198 6.088160
v -6.724990 -0.212698 6.018159
v -6.281650 -0.216440 4.158159
v -6.376686 -0.227567 4.088160
v -6.384894 -0.181105 4.158160
v -6.810222 -0.278325 4.158159
v -6.724990 -0.212698 4.158160
v -6.715186 -0.267198 4.088160
v -6.186477 0.485681 6.018159
v -6.275331 0.512607 6.088160
v -6.302349 0.471412 6.018160
v -6.591811 0.608511 6.088160
v -6.680665 0.635437 6.018159
v -6.624125 0.557494 6.018160
v -6.186477 0.485681 4.158160
v -6.302349 0.471412 4.158159
v -6.275331 0.512607 4.088160
v -6.680665 0.635437 4.158160
v -6.591811 0.608511 4.088160
v -6.624125 0.557494 4.158159
v -5.901752 0.797633 6.018160
v -5.927421 0.879417 6.018160
v -5.970790 0.846413 6.088160
v -6.285730 1.068938 6.018160
v -6.216692 1.020158 6.088160
v -6.163033 1.060545 6.018159
v -5.901752 0.797633 4.158160
v -5.970790 0.846413 4.088160
v -5.927421 0.879417 4.158160
v -6.285730 1.068938 4.158160
v -6.163033 1.060545 4.158160
v -6.216692 1.020158 4.088160
v -5.035834 1.145257 6.018160
v -5.064912 1.211987 6.088160
v -5.127980 1.196882 6.018160
v -5.168482 1.449666 6.088160
v -5.197560 1.516395 6.018159
v -5.238391 1.432927 6.018160
v -5.035834 1.145256 4.158160
v -5.127980 1.196882 4.158160
v -5.064912 1.211986 4.088160
v -5.197560 1.516395 4.158159
v -5.168482 1.449665 4.088160
v -5.238391 1.432927 4.158160
v -4.465247 1.238259 6.018160
v -4.414634 1.315940 6.018160
v -4.481338 1.307275 6.088160
v -4.554738 1.622109 6.018159
v -4.538648 1.553093 6.088160
v -4.467520 1.562282 6.018160
v -4.465247 1.238259 4.158160
v -4.481338 1.307274 4.088160
v -4.414634 1.315939 4.158159
v -4.554738 1.622108 4.158160
v -4.467520 1.562282 4.158159
v -4.538648 1.553093 4.088160
v -3.370388 1.305972 6.018160
v -3.373560 1.375934 6.088160
v -3.442712 1.375002 6.018160
v -3.384860 1.625125 6.088160
v -3.388032 1.695087 6.018159
v -3.455683 1.624150 6.018159
v -3.370388 1.305972 4.158160
v -3.442712 1.375001 4.158160
v -3.373560 1.375934 4.088160
v -3.388032 1.695087 4.158160
v -3.384860 1.625125 4.088160
v -3.455683 1.624149 4.158159
v -2.757609 1.310308 6.018160
v -2.687520 1.379333 6.018160
v -2.757052 1.380306 6.088160
v -2.754511 1.699628 6.018160
v -2.755068 1.629629 6.088160
v -2.684627 1.628651 6.018160
v -2.757609 1.310307 4.158160
v -2.757052 1.380306 4.088160
v -2.687520 1.379332 4.158159
v -2.754511 1.699628 4.158159
v -2.684627 1.628650 4.158159
v -2.755068 1.629629 4.088160
v -1.629530 1.287426 6.018160
v -1.626182 1.357384 6.088160
v -1.695989 1.359277 6.018160
v -1.614258 1.606560 6.088160
v -1.610910 1.676517 6.018160
v -1.684355 1.608460 6.018159
v -1.629530 1.287426 4.158160
v -1.695990 1.359276 4.158160
v -1.626182 1.357383 4.088160
v -1.610910 1.676517 4.158159
v -1.614258 1.606559 4.088160
v -1.684355 1.608460 4.158160
v -1.005800 1.270567 6.018160
v -0.932660 1.338640 6.018160
v -1.002776 1.340532 6.088160
v -0.988980 1.659701 6.018160
v -0.992004 1.589736 6.088160
v -0.922215 1.587851 6.018160
v -1.005800 1.270567 4.158160
v -1.002776 1.340532 4.088160
v -0.932660 1.338640 4.158160
v -0.988980 1.659701 4.158160
v -0.922215 1.587851 4.158160
v -0.992004 1.589736 4.088160
v 0.140060 1.255221 6.018160
v 0.139535 1.325220 6.088160
v 0.069076 1.324329 6.018160
v 0.137667 1.574543 6.088160
v 0.137142 1.644542 6.018159
v 0.068151 1.573654 6.018160
v 0.140060 1.255221 4.158160
v 0.069075 1.324328 4.158159
v 0.139535 1.325220 4.088160
v 0.137142 1.644542 4.158160
v 0.137667 1.574543 4.088160
v 0.068150 1.573654 4.158159
v 0.769283 1.264186 6.018160
v 0.836681 1.336050 6.018160
v 0.766567 1.334159 6.088160
v 0.754178 1.653358 6.018160
v 0.756894 1.583386 6.088160
v 0.826682 1.585271 6.018160
v 0.769283 1.264186 4.158160
v 0.766567 1.334158 4.088160
v 0.836681 1.336050 4.158159
v 0.754178 1.653358 4.158160
v 0.826682 1.585271 4.158159
v 0.756894 1.583386 4.088160
v 1.905686 1.294917 6.018160
v 1.902660 1.364882 6.088160
v 1.832853 1.362988 6.018160
v 1.891883 1.614085 6.088160
v 1.888857 1.684051 6.018160
v 1.821787 1.612185 6.018160
v 1.905685 1.294916 4.158160
v 1.832853 1.362988 4.158159
v 1.902660 1.364882 4.088160
v 1.888857 1.684051 4.158160
v 1.891883 1.614085 4.088160
v 1.821787 1.612185 4.158159
v 2.524220 1.307037 6.018160
v 2.592336 1.378001 6.018160
v 2.522803 1.377029 6.088160
v 2.516342 1.696321 6.018160
v 2.517759 1.626329 6.088160
v 2.588200 1.627309 6.018160
v 2.524220 1.307037 4.158160
v 2.522803 1.377029 4.088160
v 2.592336 1.378001 4.158160
v 2.516342 1.696321 4.158159
v 2.588199 1.627309 4.158160
v 2.517758 1.626329 4.088160
v 3.641889 1.300819 6.018159
v 3.647070 1.370718 6.088160
v 3.578292 1.373183 6.018160
v 3.665524 1.619683 6.088160
v 3.670704 1.689582 6.018159
v 3.594540 1.622229 6.018160
v 3.641889 1.300819 4.158160
v 3.578292 1.373182 4.158160
v 3.647069 1.370718 4.088160
v 3.670704 1.689582 4.158160
v 3.665523 1.619683 4.088160
v 3.594539 1.622229 4.158160
v 4.243945 1.265379 6.018159
v 4.323330 1.327835 6.018160
v 4.256015 1.334827 6.088160
v 4.311077 1.651633 6.018159
v 4.299006 1.582186 6.088160
v 4.370146 1.574826 6.018159
v 4.243945 1.265379 4.158160
v 4.256015 1.334826 4.088160
v 4.323330 1.327835 4.158160
v 4.311076 1.651633 4.158160
v 4.370145 1.574826 4.158160
v 4.299006 1.582186 4.088160
v 5.278244 1.087726 6.018160
v 5.314846 1.152468 6.088160
v 5.251701 1.167419 6.018160
v 5.445211 1.383068 6.088160
v 5.481812 1.447810 6.018160
v 5.375380 1.399959 6.018160
v 5.278244 1.087726 4.158159
v 5.251701 1.167419 4.158159
v 5.314845 1.152468 4.088160
v 5.481812 1.447810 4.158159
v 5.445211 1.383068 4.088160
v 5.375380 1.399959 4.158159
v 5.764298 0.901201 6.018160
v 5.868388 0.924860 6.018160
v 5.823272 0.956526 6.088160
v 6.092298 1.208907 6.018160
v 6.033325 1.153582 6.088160
v 6.089240 1.115570 6.018160
v 5.764298 0.901201 4.158160
v 5.823271 0.956525 4.088160
v 5.868388 0.924860 4.158160
v 6.092298 1.208907 4.158159
v 6.089239 1.115570 4.158160
v 6.033324 1.153582 4.088160
v 6.263668 0.325853 6.018160
v 6.357165 0.342502 6.088160
v 6.349575 0.389054 6.018160
v 6.690186 0.401802 6.088160
v 6.783683 0.418451 6.018160
v 6.679763 0.456210 6.018160
v 6.263668 0.325853 4.158159
v 6.349575 0.389054 4.158159
v 6.357165 0.342502 4.088160
v 6.783683 0.418451 4.158159
v 6.690186 0.401802 4.088160
v 6.679763 0.456210 4.158159
v 6.308922 -0.067607 6.018159
v 6.396425 -0.117527 6.018160
v 6.405062 -0.071098 6.088160
v 6.843634 -0.087023 6.018159
v 6.747494 -0.083532 6.088160
v 6.738119 -0.138064 6.018160
v 6.308921 -0.067607 4.158160
v 6.405061 -0.071098 4.088160
v 6.396425 -0.117527 4.158159
v 6.843634 -0.087023 4.158160
v 6.738119 -0.138064 4.158159
v 6.747494 -0.083532 4.088160
v 6.003297 -0.722194 6.018159
v 6.078939 -0.765487 6.088160
v 6.123104 -0.732990 6.018159
v 6.348361 -0.919688 6.088160
v 6.424003 -0.962981 6.018159
v 6.401224 -0.878795 6.018159
v 6.003297 -0.722194 4.158159
v 6.123104 -0.732990 4.158159
v 6.078939 -0.765487 4.088160
v 6.424002 -0.962981 4.158159
v 6.348361 -0.919688 4.088160
v 6.401224 -0.878795 4.158159
v 5.600255 -0.968304 6.018159
v 5.595586 -1.050984 6.018159
v 5.651474 -1.027572 6.088160
v 5.885123 -1.297943 6.018159
v 5.833905 -1.238674 6.088160
v 5.768605 -1.266236 6.018159
v 5.600255 -0.968303 4.158160
v 5.651474 -1.027572 4.088160
v 5.595586 -1.050984 4.158159
v 5.885123 -1.297942 4.158159
v 5.768605 -1.266236 4.158159
v 5.833905 -1.238674 4.088160
v 4.627079 -1.217347 6.018160
v 4.646227 -1.285948 6.088160
v 4.712949 -1.277356 6.018160
v 4.714428 -1.530292 6.088160
v 4.733576 -1.598893 6.018159
v 4.785537 -1.521031 6.018160
v 4.627079 -1.217347 4.158159
v 4.712949 -1.277356 4.158159
v 4.646227 -1.285948 4.088160
v 4.733576 -1.598893 4.158159
v 4.714428 -1.530292 4.088160
v 4.785537 -1.521031 4.158159
v 4.036806 -1.277459 6.018160
v 3.978118 -1.351126 6.018159
v 4.046511 -1.347102 6.088160
v 4.090784 -1.664802 6.018159
v 4.081079 -1.595158 6.088160
v 4.009931 -1.599377 6.018159
v 4.036806 -1.277459 4.158159
v 4.046511 -1.347102 4.088160
v 3.978118 -1.351126 4.158159
v 4.090784 -1.664801 4.158159
v 4.009932 -1.599377 4.158160
v 4.081079 -1.595158 4.088160
v 2.928620 -1.312001 6.018159
v 2.928773 -1.382001 6.088160
v 2.997925 -1.381050 6.018160
v 2.929318 -1.631328 6.088160
v 2.929471 -1.701327 6.018159
v 3.000142 -1.630372 6.018159
v 2.928620 -1.312001 4.158160
v 2.997925 -1.381050 4.158160
v 2.928773 -1.382001 4.088160
v 2.929471 -1.701327 4.158159
v 2.929318 -1.631327 4.088160
v 3.000142 -1.630371 4.158159
v 2.312012 -1.304077 6.018159
v 2.240281 -1.373090 6.018160
v 2.309814 -1.374058 6.088160
v 2.299788 -1.693302 6.018159
v 2.301986 -1.623320 6.088160
v 2.231545 -1.622336 6.018160
v 2.312012 -1.304076 4.158159
v 2.309814 -1.374058 4.088160
v 2.240282 -1.373090 4.158159
v 2.299788 -1.693301 4.158159
v 2.231545 -1.622336 4.158159
v 2.301986 -1.623320 4.088160
v 1.179328 -1.275249 6.018160
v 1.176078 -1.345209 6.088160
v 1.246192 -1.347102 6.018159
v 1.164501 -1.594394 6.088160
v 1.161250 -1.664354 6.018160
v 1.234289 -1.596278 6.018160
v 1.179329 -1.275249 4.158159
v 1.246193 -1.347102 4.158159
v 1.176078 -1.345209 4.088160
v 1.161251 -1.664354 4.158159
v 1.164501 -1.594394 4.088159
v 1.234289 -1.596278 4.158159
v 0.553140 -1.260464 6.018160
v 0.480608 -1.329551 6.018160
v 0.551069 -1.330448 6.088160
v 0.541618 -1.649701 6.018159
v 0.543689 -1.579717 6.088160
v 0.474172 -1.578833 6.018160
v 0.553140 -1.260464 4.158159
v 0.551069 -1.330448 4.088160
v 0.480608 -1.329550 4.158159
v 0.541618 -1.649700 4.158159
v 0.474172 -1.578833 4.158159
v 0.543690 -1.579717 4.088160
v -0.594971 -1.260998 6.018160
v -0.592742 -1.330979 6.088160
v -0.522282 -1.330081 6.018159
v -0.584805 -1.580239 6.088160
v -0.582577 -1.650220 6.018159
v -0.515289 -1.579356 6.018159
v -0.594971 -1.260998 4.158159
v -0.522282 -1.330081 4.158160
v -0.592742 -1.330979 4.088160
v -0.582577 -1.650220 4.158159
v -0.584805 -1.580239 4.088159
v -0.515289 -1.579356 4.158159
v -1.220852 -1.276370 6.018160
v -1.287662 -1.348222 6.018160
v -1.217548 -1.346329 6.088160
v -1.202474 -1.665468 6.018160
v -1.205778 -1.595509 6.088160
v -1.275566 -1.597393 6.018160
v -1.220852 -1.276370 4.158159
v -1.217548 -1.346329 4.088160
v -1.287661 -1.348221 4.158159
v -1.202473 -1.665467 4.158159
v -1.275566 -1.597393 4.158159
v -1.205778 -1.595509 4.088159
v -2.352984 -1.304647 6.018159
v -2.350938 -1.374631 6.088160
v -2.281406 -1.373662 6.018160
v -2.343647 -1.623901 6.088160
v -2.341600 -1.693886 6.018159
v -2.273207 -1.622918 6.018160
v -2.352984 -1.304647 4.158159
v -2.281406 -1.373662 4.158159
v -2.350937 -1.374631 4.088160
v -2.341600 -1.693885 4.158159
v -2.343647 -1.623901 4.088160
v -2.273207 -1.622918 4.158159
v -2.969242 -1.311439 6.018159
v -3.038823 -1.380489 6.018160
v -2.969673 -1.381438 6.088160
v -2.971638 -1.700762 6.018159
v -2.971207 -1.630762 6.088160
v -3.042030 -1.629804 6.018159
v -2.969242 -1.311438 4.158159
v -2.969673 -1.381438 4.088160
v -3.038823 -1.380488 4.158159
v -2.971638 -1.700761 4.158159
v -3.042029 -1.629804 4.158159
v -2.971207 -1.630762 4.088160
v -4.076801 -1.275117 6.018159
v -4.086963 -1.344726 6.088160
v -4.018568 -1.348745 6.018159
v -4.123160 -1.592659 6.088160
v -4.133322 -1.662268 6.018159
v -4.052011 -1.596883 6.018159
v -4.076801 -1.275117 4.158159
v -4.018568 -1.348745 4.158160
v -4.086963 -1.344726 4.088160
v -4.133322 -1.662268 4.158159
v -4.123160 -1.592659 4.088159
v -4.052011 -1.596882 4.158159
v -4.665811 -1.212372 6.018160
v -4.752415 -1.272284 6.018159
v -4.685688 -1.280864 6.088160
v -4.776362 -1.593308 6.018159
v -4.756485 -1.524817 6.088160
v -4.827592 -1.515543 6.018159
v -4.665811 -1.212372 4.158159
v -4.685688 -1.280863 4.088160
v -4.752415 -1.272283 4.158160
v -4.776362 -1.593308 4.158159
v -4.827592 -1.515543 4.158159
v -4.756485 -1.524817 4.088160
v -5.631817 -0.955226 6.018160
v -5.684574 -1.013776 6.088160
v -5.628632 -1.037123 6.018160
v -5.872485 -1.222321 6.088160
v -5.925241 -1.280872 6.018159
v -5.807240 -1.249947 6.018159
v -5.631817 -0.955225 4.158159
v -5.628632 -1.037122 4.158159
v -5.684574 -1.013776 4.088160
v -5.925241 -1.280871 4.158159
v -5.872484 -1.222321 4.088160
v -5.807240 -1.249946 4.158159
v -6.027930 -0.704341 6.018160
v -6.148451 -0.713385 6.018159
v -6.105033 -0.746249 6.088160
v -6.456762 -0.937424 6.018159
v -6.379659 -0.895516 6.088160
v -6.431487 -0.854100 6.018159
v -6.027930 -0.704341 4.158159
v -6.105032 -0.746249 4.088160
v -6.148451 -0.713385 4.158160
v -6.456761 -0.937423 4.158159
v -6.431487 -0.854100 4.158159
v -6.379659 -0.895516 4.088160
v -6.314042 -0.041497 6.018160
v -6.410256 -0.043641 6.088160
v -6.401512 -0.090064 6.018160
v -6.752955 -0.051275 6.088160
v -6.849169 -0.053418 6.018160
v -6.743687 -0.105811 6.018160
v -6.314042 -0.041497 4.158159
v -6.401511 -0.090064 4.158159
v -6.410256 -0.043641 4.088160
v -6.849169 -0.053418 4.158159
v -6.752954 -0.051275 4.088160
v -6.743686 -0.105811 4.158159
v -6.259615 0.352077 6.018159
v -6.339808 0.415134 6.018160
v -6.352654 0.370033 6.088160
v -6.777081 0.451944 6.018159
v -6.684042 0.433988 6.088160
v -6.667899 0.487522 6.018160
v -6.259615 0.352077 4.158160
v -6.352654 0.370033 4.088160
v -6.339807 0.415135 4.158159
v -6.777081 0.451944 4.158160
v -6.667898 0.487522 4.158159
v -6.684042 0.433988 4.088160
v -5.732504 0.914039 6.018160
v -5.790022 0.970168 6.088160
v -5.842999 0.944591 6.018160
v -5.994892 1.170090 6.088160
v -6.052410 1.226219 6.018160
v -6.057241 1.139247 6.018159
v -5.732504 0.914039 4.158160
v -5.842999 0.944591 4.158160
v -5.790022 0.970168 4.088160
v -6.052410 1.226219 4.158159
v -5.994892 1.170090 4.088160
v -6.057241 1.139247 4.158160
v -5.242002 1.096237 6.018160
v -5.214365 1.176287 6.018160
v -5.277495 1.161305 6.088160
v -5.439404 1.458133 6.018159
v -5.403912 1.393065 6.088160
v -5.334061 1.409927 6.018160
v -5.242002 1.096237 4.158160
v -5.277495 1.161305 4.088160
v -5.214365 1.176287 4.158160
v -5.439404 1.458133 4.158159
v -5.334061 1.409926 4.158160
v -5.403912 1.393064 4.088160
v -4.203946 1.267703 6.018160
v -4.215560 1.337191 6.088160
v -4.283881 1.332987 6.018160
v -4.256927 1.584697 6.088160
v -4.268540 1.654185 6.018159
v -4.328068 1.580235 6.018160
v -4.203946 1.267702 4.158160
v -4.283881 1.332987 4.158160
v -4.215560 1.337191 4.088160
v -4.268540 1.654185 4.158160
v -4.256927 1.584696 4.088160
v -4.328068 1.580234 4.158160
v -3.601788 1.302890 6.018160
v -3.537390 1.373730 6.018160
v -3.606541 1.372805 6.088160
v -3.628224 1.691742 6.018160
v -3.623471 1.621828 6.088160
v -3.552649 1.622810 6.018160
v -3.601788 1.302890 4.158159
v -3.606541 1.372805 4.088160
v -3.537390 1.373730 4.158160
v -3.628224 1.691742 4.158159
v -3.552649 1.622810 4.158159
v -3.623471 1.621827 4.088160
v -2.483244 1.306464 6.018160
v -2.481677 1.376455 6.088160
v -2.551208 1.377426 6.018160
v -2.476094 1.625749 6.088160
v -2.474527 1.695739 6.018159
v -2.546534 1.626730 6.018160
v -2.483244 1.306464 4.158160
v -2.551209 1.377426 4.158160
v -2.481677 1.376455 4.088160
v -2.474527 1.695739 4.158160
v -2.476094 1.625749 4.088160
v -2.546535 1.626730 4.158160
v -1.864445 1.293798 6.018160
v -1.791565 1.361869 6.018160
v -1.861371 1.363762 6.088160
v -1.847348 1.682926 6.018160
v -1.850422 1.612962 6.088160
v -1.780327 1.611062 6.018160
v -1.864445 1.293797 4.158160
v -1.861371 1.363762 4.088160
v -1.791565 1.361869 4.158160
v -1.847348 1.682926 4.158159
v -1.780327 1.611061 4.158159
v -1.850422 1.612961 4.088160
v -0.727755 1.263066 6.018160
v -0.725094 1.333040 6.088160
v -0.795207 1.334931 6.018160
v -0.715613 1.582271 6.088160
v -0.712951 1.652244 6.018159
v -0.785401 1.584156 6.018160
v -0.727755 1.263066 4.158160
v -0.795207 1.334931 4.158160
v -0.725094 1.333039 4.088160
v -0.712951 1.652244 4.158160
v -0.715613 1.582271 4.088160
v -0.785401 1.584156 4.158159
v -0.098224 1.254693 6.018160
v -0.027396 1.323802 6.018160
v -0.097856 1.324693 6.088160
v -0.096177 1.644017 6.018159
v -0.096545 1.574018 6.088160
v -0.027029 1.573128 6.018160
v -0.098224 1.254693 4.158160
v -0.097856 1.324693 4.088160
v -0.027396 1.323801 4.158160
v -0.096178 1.644017 4.158160
v -0.027029 1.573128 4.158160
v -0.096546 1.574018 4.088160
v 1.047325 1.271688 6.018160
v 1.044247 1.341652 6.088160
v 0.974133 1.339760 6.018160
v 1.033283 1.590851 6.088160
v 1.030205 1.660815 6.018160
v 0.963494 1.588966 6.018160
v 1.047325 1.271687 4.158160
v 0.974132 1.339759 4.158159
v 1.044247 1.341652 4.088160
v 1.030205 1.660815 4.158160
v 1.033283 1.590851 4.088160
v 0.963494 1.588966 4.158160
v 1.670771 1.288545 6.018160
v 1.737278 1.360397 6.018160
v 1.667472 1.358503 6.088160
v 1.652419 1.677643 6.018160
v 1.655719 1.607684 6.088160
v 1.725815 1.609584 6.018160
v 1.670771 1.288545 4.158160
v 1.667471 1.358503 4.088160
v 1.737278 1.360396 4.158159
v 1.652419 1.677643 4.158159
v 1.725815 1.609584 4.158159
v 1.655719 1.607684 4.088160
v 2.798587 1.310883 6.018160
v 2.798180 1.380883 6.088160
v 2.728644 1.379908 6.018160
v 2.796734 1.630207 6.088160
v 2.796328 1.700206 6.018159
v 2.726289 1.629229 6.018160
v 2.798586 1.310883 4.158160
v 2.728644 1.379908 4.158160
v 2.798180 1.380882 4.088160
v 2.796328 1.700206 4.158160
v 2.796734 1.630207 4.088160
v 2.726289 1.629229 4.158159
v 3.411009 1.305427 6.018160
v 3.483614 1.374451 6.018160
v 3.414459 1.375382 6.088160
v 3.430198 1.694504 6.018160
v 3.426748 1.624549 6.088160
v 3.497574 1.623571 6.018160
v 3.411008 1.305427 4.158160
v 3.414459 1.375382 4.088160
v 3.483614 1.374451 4.158159
v 3.430197 1.694504 4.158159
v 3.497574 1.623571 4.158159
v 3.426747 1.624549 4.088160
v 4.503967 1.233237 6.018160
v 4.520791 1.302159 6.088160
v 4.454087 1.310812 6.018160
v 4.580713 1.547649 6.088160
v 4.597537 1.616571 6.018160
v 4.509592 1.556850 6.018160
v 4.503967 1.233237 4.158160
v 4.454087 1.310812 4.158160
v 4.520791 1.302159 4.088160
v 4.597537 1.616571 4.158159
v 4.580713 1.547649 4.088160
v 4.509591 1.556849 4.158160
v 5.071997 1.136584 6.018160
v 5.165292 1.187973 6.018160
v 5.102212 1.203046 6.088160
v 5.240050 1.506233 6.018160
v 5.209834 1.439771 6.088160
v 5.279726 1.423003 6.018160
v 5.071996 1.136584 4.158160
v 5.102212 1.203046 4.088160
v 5.165291 1.187973 4.158160
v 5.240049 1.506233 4.158160
v 5.279725 1.423002 4.158160
v 5.209834 1.439771 4.088160
v 5.925851 0.779454 6.018159
v 5.996541 0.826967 6.088160
v 5.953044 0.859878 6.018159
v 6.248323 0.996200 6.088160
v 6.319013 1.043713 6.018159
v 6.194794 1.036678 6.018160
v 5.925851 0.779455 4.158160
v 5.953044 0.859878 4.158160
v 5.996540 0.826968 4.088160
v 6.319013 1.043713 4.158160
v 6.248323 0.996200 4.088160
v 6.194794 1.036678 4.158160
v 6.201523 0.462933 6.018160
v 6.318464 0.447085 6.018160
v 6.291276 0.488233 6.088160
v 6.700710 0.603648 6.018160
v 6.610958 0.578348 6.088160
v 6.643102 0.527283 6.018160
v 6.201523 0.462933 4.158159
v 6.291276 0.488233 4.088160
v 6.318463 0.447085 4.158159
v 6.700710 0.603648 4.158159
v 6.643101 0.527283 4.158159
v 6.610957 0.578348 4.088160
v 6.277192 -0.242600 6.018159
v 6.371915 -0.255056 6.088160
v 6.380018 -0.208580 6.018160
v 6.709302 -0.299422 6.088160
v 6.804026 -0.311878 6.018159
v 6.719213 -0.244932 6.018159
v 6.277192 -0.242599 4.158160
v 6.380018 -0.208579 4.158160
v 6.371915 -0.255056 4.088160
v 6.804026 -0.311878 4.158160
v 6.709302 -0.299422 4.088160
v 6.719213 -0.244931 4.158159
v 6.110994 -0.604304 6.018159
v 6.168415 -0.680955 6.018160
v 6.194317 -0.639356 6.088160
v 6.574417 -0.799255 6.018159
v 6.491095 -0.764204 6.088160
v 6.457663 -0.814822 6.018159
v 6.110994 -0.604304 4.158160
v 6.194316 -0.639356 4.088160
v 6.168415 -0.680955 4.158159
v 6.574417 -0.799255 4.158159
v 6.457663 -0.814822 4.158159
v 6.491095 -0.764204 4.088160
v 5.390171 -1.057436 6.018159
v 5.430641 -1.120949 6.088160
v 5.486279 -1.097203 6.018160
v 5.574787 -1.347170 6.088160
v 5.615257 -1.410683 6.018159
v 5.640337 -1.319943 6.018159
v 5.390171 -1.057436 4.158159
v 5.486279 -1.097203 4.158159
v 5.430641 -1.120949 4.088160
v 5.615257 -1.410683 4.158159
v 5.574787 -1.347170 4.088160
v 5.640337 -1.319942 4.158159
v 4.847763 -1.189162 6.018159
v 4.804311 -1.265626 6.018159
v 4.871046 -1.257083 6.088160
v 4.977259 -1.566928 6.018159
v 4.953976 -1.499007 6.088160
v 4.882885 -1.508317 6.018159
v 4.847763 -1.189162 4.158159
v 4.871046 -1.257083 4.088160
v 4.804311 -1.265625 4.158160
v 4.977259 -1.566928 4.158159
v 4.882885 -1.508317 4.158159
v 4.953976 -1.499006 4.088160
v 3.769018 -1.293252 6.018160
v 3.775657 -1.363085 6.088160
v 3.844045 -1.359038 6.018159
v 3.799304 -1.611818 6.088160
v 3.805943 -1.681652 6.018159
v 3.870453 -1.607624 6.018159
v 3.769019 -1.293252 4.158159
v 3.844046 -1.359038 4.158159
v 3.775658 -1.363085 4.088160
v 3.805944 -1.681651 4.158159
v 3.799305 -1.611818 4.088160
v 3.870453 -1.607624 4.158159
v 3.160020 -1.308819 6.018160
v 3.092605 -1.379752 6.018159
v 3.161754 -1.378808 6.088160
v 3.169668 -1.698083 6.018159
v 3.167933 -1.628094 6.088160
v 3.097112 -1.629057 6.018159
v 3.160020 -1.308819 4.158159
v 3.161755 -1.378808 4.088160
v 3.092605 -1.379752 4.158159
v 3.169668 -1.698083 4.158159
v 3.097112 -1.629057 4.158159
v 3.167934 -1.628094 4.088160
v 2.036784 -1.298473 6.018159
v 2.033911 -1.368442 6.088160
v 2.103715 -1.370335 6.018159
v 2.023678 -1.617657 6.088160
v 2.020805 -1.687626 6.018159
v 2.093772 -1.619557 6.018160
v 2.036784 -1.298473 4.158159
v 2.103716 -1.370335 4.158159
v 2.033911 -1.368442 4.088160
v 2.020805 -1.687626 4.158159
v 2.023678 -1.617657 4.088160
v 2.093772 -1.619557 4.158159
v 1.415865 -1.281634 6.018159
v 1.342188 -1.349693 6.018160
v 1.412306 -1.351586 6.088160
v 1.396072 -1.670695 6.018159
v 1.399631 -1.600742 6.088160
v 1.329839 -1.598858 6.018160
v 1.415866 -1.281634 4.158160
v 1.412307 -1.351586 4.088160
v 1.342188 -1.349693 4.158159
v 1.396073 -1.670695 4.158160
v 1.329839 -1.598858 4.158159
v 1.399632 -1.600742 4.088160
v 0.273040 -1.256904 6.018160
v 0.272017 -1.326900 6.088160
v 0.342478 -1.327794 6.018159
v 0.268374 -1.576212 6.088160
v 0.267352 -1.646209 6.018159
v 0.337892 -1.577099 6.018159
v 0.273040 -1.256903 4.158159
v 0.342478 -1.327794 4.158159
v 0.272017 -1.326900 4.088160
v 0.267352 -1.646208 4.158159
v 0.268375 -1.576212 4.088160
v 0.337892 -1.577098 4.158159
v -0.356685 -1.257964 6.018160
v -0.425809 -1.328854 6.018160
v -0.355349 -1.327958 6.088160
v -0.349255 -1.647254 6.018159
v -0.350591 -1.577260 6.088160
v -0.420107 -1.578146 6.018159
v -0.356685 -1.257964 4.158159
v -0.355349 -1.327958 4.088160
v -0.425809 -1.328853 4.158159
v -0.349255 -1.647254 4.158159
v -0.420107 -1.578145 4.158159
v -0.350591 -1.577260 4.088160
vn -0.0000 -0.0000 1.0000
vn -0.9998 -0.0206 -0.0000
vn -0.0000 -1.0000 -0.0000
vn 0.9998 -0.0206 -0.0000
vn -0.0000 -0.0000 -1.0000
vn 0.5829 0.5697 0.5794
vn 0.5718 -0.5849 0.5752
vn 0.5829 0.5697 -0.5794
vn 0.5718 -0.5849 -0.5753
vn -0.5829 0.5697 0.5794
vn -0.5718 -0.5849 0.5753
vn -0.5829 0.5697 -0.5794
vn -0.5718 -0.5849 -0.5753
vn 0.7152 0.6989 -0.0000
vn 0.7046 -0.0145 0.7094
vn 0.6990 -0.7151 -0.0000
vn 0.7094 -0.0120 -0.7047
vn -0.0000 0.7071 -0.7071
vn -0.0000 -0.7071 -0.7071
vn -0.7094 -0.0120 -0.7047
vn -0.7152 0.6989 -0.0000
vn -0.6990 -0.7151 -0.0000
vn -0.7094 -0.0120 0.7047
vn -0.0000 0.7071 0.7071
vn -0.0000 -0.7071 0.7071
vn -0.0000 1.0000 -0.0000
vn -0.9992 -0.0392 -0.0000
vn 0.0271 -0.9996 -0.0000
vn 0.9987 0.0503 -0.0000
vn 0.5567 0.6016 0.5729
vn 0.5975 -0.5519 0.5818
vn 0.5567 0.6016 -0.5729
vn 0.5975 -0.5519 -0.5818
vn -0.5962 0.5557 0.5795
vn -0.5582 -0.5980 0.5752
vn -0.5962 0.5557 -0.5795
vn -0.5582 -0.5980 -0.5752
vn 0.6792 0.7340 -0.0000
vn 0.7062 0.0358 0.7071
vn 0.7346 -0.6785 -0.0000
vn 0.7067 0.0356 -0.7066
vn -0.0192 0.7067 -0.7072
vn 0.0192 -0.7067 -0.7072
vn -0.7059 -0.0285 -0.7077
vn -0.7315 0.6818 -0.0000
vn -0.6824 -0.7310 -0.0000
vn -0.7059 -0.0285 0.7077
vn -0.0192 0.7067 0.7072
vn 0.0192 -0.7067 0.7072
vn -0.0271 0.9996 -0.0000
vn -0.9937 0.1121 -0.0000
vn -0.0288 -0.9996 -0.0000
vn 0.9998 -0.0220 -0.0000
vn 0.5927 0.5610 0.5779
vn 0.5619 -0.5930 0.5767
vn 0.5927 0.5610 -0.5779
vn 0.5619 -0.5930 -0.5767
vn -0.5419 0.6219 0.5653
vn -0.6109 -0.5287 0.5892
vn -0.5419 0.6219 -0.5653
vn -0.6109 -0.5287 -0.5892
vn 0.7262 0.6874 -0.0000
vn 0.7112 -0.0157 0.7028
vn 0.6878 -0.7259 -0.0000
vn 0.7027 -0.0202 -0.7112
vn 0.0202 0.7069 -0.7070
vn -0.0203 -0.7067 -0.7072
vn -0.6968 0.0786 -0.7130
vn -0.6569 0.7540 -0.0000
vn -0.7561 -0.6544 -0.0000
vn -0.6968 0.0786 0.7129
vn 0.0202 0.7067 0.7072
vn -0.0204 -0.7069 0.7070
vn 0.0286 0.9996 -0.0000
vn -0.8097 0.5868 -0.0000
vn -0.2505 -0.9681 -0.0000
vn 0.9482 -0.3177 -0.0000
vn 0.7076 0.3690 0.6026
vn 0.4227 -0.7201 0.5503
vn 0.7076 0.3690 -0.6025
vn 0.4227 -0.7201 -0.5502
vn -0.3180 0.7921 0.5209
vn -0.7529 -0.1951 0.6285
vn -0.3180 0.7921 -0.5209
vn -0.7529 -0.1951 -0.6285
vn 0.8867 0.4624 -0.0000
vn 0.6925 -0.2320 0.6831
vn 0.5062 -0.8624 -0.0000
vn 0.6629 -0.2376 -0.7100
vn 0.1744 0.6777 -0.7143
vn -0.1749 -0.6765 -0.7153
vn -0.5764 0.4177 -0.7023
vn -0.3726 0.9280 -0.0000
vn -0.9680 -0.2508 -0.0000
vn -0.5764 0.4177 0.7023
vn 0.1739 0.6769 0.7153
vn -0.1753 -0.6773 0.7145
vn 0.2488 0.9685 -0.0000
vn -0.0925 0.9957 -0.0000
vn -0.9156 -0.4022 -0.0000
vn 0.4009 -0.9161 -0.0000
vn 0.6590 -0.5132 0.5498
vn -0.1210 -0.8305 0.5438
vn 0.6590 -0.5132 -0.5498
vn -0.1210 -0.8305 -0.5438
vn 0.2789 0.8149 0.5082
vn -0.4992 0.6484 0.5747
vn 0.2789 0.8149 -0.5082
vn -0.4992 0.6484 -0.5747
vn 0.7890 -0.6144 -0.0000
vn 0.3296 -0.7531 0.5695
vn -0.1442 -0.9896 -0.0000
vn 0.2812 -0.7088 -0.6469
vn 0.5573 0.2402 -0.7948
vn -0.5591 -0.2448 -0.7921
vn -0.0726 0.7820 -0.6190
vn 0.3238 0.9461 -0.0000
vn -0.6101 0.7923 -0.0000
vn -0.0726 0.7820 0.6190
vn 0.5609 0.2404 0.7922
vn -0.5564 -0.2444 0.7942
vn 0.9191 0.3940 -0.0000
vn 0.6095 0.7928 -0.0000
vn -0.7392 0.6735 -0.0000
vn -0.2584 -0.9660 -0.0000
vn 0.1077 -0.8744 0.4730
vn -0.6316 -0.4581 0.6255
vn 0.1077 -0.8744 -0.4730
vn -0.6316 -0.4581 -0.6255
vn 0.7698 0.2416 0.5908
vn 0.0578 0.8449 0.5318
vn 0.7698 0.2416 -0.5908
vn 0.0578 0.8449 -0.5318
vn 0.1222 -0.9925 -0.0000
vn -0.2404 -0.7932 0.5596
vn -0.8095 -0.5872 -0.0000
vn -0.1995 -0.7458 -0.6356
vn 0.4733 -0.4319 -0.7678
vn -0.4739 0.4317 -0.7675
vn 0.4260 0.6030 -0.6745
vn 0.9541 0.2995 -0.0000
vn 0.0682 0.9977 -0.0000
vn 0.4260 0.6030 0.6745
vn 0.4736 -0.4321 0.7674
vn -0.4736 0.4315 0.7678
vn 0.7386 -0.6741 -0.0000
vn 0.9777 0.2099 -0.0000
vn -0.1623 0.9867 -0.0000
vn -0.9058 -0.4237 -0.0000
vn -0.4138 -0.7386 0.5322
vn -0.7042 0.3445 0.6209
vn -0.4138 -0.7386 -0.5322
vn -0.7042 0.3445 -0.6209
vn 0.6765 -0.4408 0.5900
vn 0.4671 0.6810 0.5640
vn 0.6765 -0.4408 -0.5900
vn 0.4671 0.6810 -0.5640
vn -0.4888 -0.8724 -0.0000
vn -0.6773 -0.2951 0.6739
vn -0.8983 0.4394 -0.0000
vn -0.6386 -0.2987 -0.7092
vn 0.1132 -0.6944 -0.7106
vn -0.1143 0.6949 -0.7099
vn 0.6820 0.1590 -0.7139
vn 0.8378 -0.5459 -0.0000
vn 0.5657 0.8246 -0.0000
vn 0.6820 0.1590 0.7139
vn 0.1135 -0.6952 0.7098
vn -0.1140 0.6942 0.7107
vn 0.1609 -0.9870 -0.0000
vn 0.9999 -0.0116 -0.0000
vn -0.0072 1.0000 -0.0000
vn -0.9986 -0.0520 -0.0000
vn -0.5678 -0.5949 0.5689
vn -0.5866 0.5594 0.5857
vn -0.5678 -0.5949 -0.5689
vn -0.5866 0.5594 -0.5857
vn 0.5730 -0.5818 0.5772
vn 0.5818 0.5728 0.5774
vn 0.5730 -0.5818 -0.5772
vn 0.5818 0.5728 -0.5774
vn -0.6904 -0.7234 -0.0000
vn -0.7108 -0.0322 0.7026
vn -0.7237 0.6901 -0.0000
vn -0.7022 -0.0366 -0.7110
vn 0.0050 -0.7071 -0.7071
vn -0.0051 0.7072 -0.7070
vn 0.7048 -0.0056 -0.7094
vn 0.7017 -0.7125 -0.0000
vn 0.7126 0.7016 -0.0000
vn 0.7048 -0.0056 0.7094
vn 0.0050 -0.7072 0.7070
vn -0.0051 0.7071 0.7071
vn 0.0071 -1.0000 -0.0000
vn 0.9991 -0.0419 -0.0000
vn 0.0270 0.9996 -0.0000
vn -0.9989 0.0466 -0.0000
vn -0.5975 -0.5527 0.5809
vn -0.5567 0.6007 0.5738
vn -0.5975 -0.5527 -0.5809
vn -0.5567 0.6007 -0.5738
vn 0.5576 -0.5991 0.5747
vn 0.5967 0.5545 0.5800
vn 0.5576 -0.5991 -0.5747
vn 0.5967 0.5545 -0.5800
vn -0.7341 -0.6790 -0.0000
vn -0.7072 0.0330 0.7062
vn -0.6797 0.7335 -0.0000
vn -0.7058 0.0338 -0.7076
vn -0.0191 -0.7067 -0.7072
vn 0.0191 0.7067 -0.7072
vn 0.7075 -0.0297 -0.7061
vn 0.6813 -0.7320 -0.0000
vn 0.7326 0.6807 -0.0000
vn 0.7075 -0.0297 0.7061
vn -0.0191 -0.7067 0.7072
vn 0.0191 0.7067 0.7072
vn -0.0270 -0.9996 -0.0000
vn 0.9992 0.0401 -0.0000
vn -0.0143 0.9999 -0.0000
vn -1.0000 -0.0037 -0.0000
vn -0.5684 -0.5839 0.5796
vn -0.5863 0.5706 0.5750
vn -0.5684 -0.5839 -0.5796
vn -0.5863 0.5706 -0.5750
vn 0.5941 -0.5572 0.5801
vn 0.5602 0.5966 0.5746
vn 0.5942 -0.5572 -0.5801
vn 0.5602 0.5966 -0.5746
vn -0.6976 -0.7165 -0.0000
vn -0.7048 -0.0026 0.7094
vn -0.7166 0.6975 -0.0000
vn -0.7095 -0.0053 -0.7047
vn 0.0101 -0.7070 -0.7071
vn -0.0101 0.7070 -0.7071
vn 0.7075 0.0275 -0.7061
vn 0.7294 -0.6841 -0.0000
vn 0.6846 0.7290 -0.0000
vn 0.7075 0.0275 0.7061
vn 0.0101 -0.7070 0.7071
vn -0.0101 0.7070 0.7071
vn 0.0142 -0.9999 -0.0000
vn 0.9999 0.0166 -0.0000
vn -0.0196 0.9998 -0.0000
vn -0.9990 -0.0444 -0.0000
vn -0.5592 -0.5983 0.5738
vn -0.5951 0.5554 0.5808
vn -0.5592 -0.5983 -0.5738
vn -0.5951 0.5554 -0.5808
vn 0.5891 -0.5654 0.5773
vn 0.5656 0.5889 0.5774
vn 0.5891 -0.5654 -0.5773
vn 0.5656 0.5889 -0.5774
vn -0.6828 -0.7306 -0.0000
vn -0.7073 -0.0306 0.7062
vn -0.7311 0.6823 -0.0000
vn -0.7058 -0.0313 -0.7077
vn 0.0139 -0.7069 -0.7071
vn -0.0138 0.7069 -0.7072
vn 0.7047 0.0143 -0.7093
vn 0.7214 -0.6925 -0.0000
vn 0.6927 0.7212 -0.0000
vn 0.7047 0.0143 0.7094
vn 0.0138 -0.7069 0.7072
vn -0.0138 0.7069 0.7071
vn 0.0196 -0.9998 -0.0000
vn 0.9825 -0.1862 -0.0000
vn 0.0592 0.9982 -0.0000
vn -0.9979 0.0651 -0.0000
vn -0.6111 -0.5371 0.5815
vn -0.5430 0.6140 0.5729
vn -0.6111 -0.5371 -0.5815
vn -0.5430 0.6140 -0.5729
vn 0.5129 -0.6520 0.5584
vn 0.6367 0.4897 0.5956
vn 0.5129 -0.6520 -0.5584
vn 0.6367 0.4897 -0.5956
vn -0.7511 -0.6601 -0.0000
vn -0.7117 0.0464 0.7009
vn -0.6624 0.7491 -0.0000
vn -0.7003 0.0519 -0.7120
vn -0.0416 -0.7057 -0.7073
vn 0.0418 0.7055 -0.7075
vn 0.6885 -0.1305 -0.7134
vn 0.6183 -0.7859 -0.0000
vn 0.7927 0.6096 -0.0000
vn 0.6885 -0.1305 0.7134
vn -0.0415 -0.7055 0.7075
vn 0.0418 0.7057 0.7073
vn -0.0588 -0.9983 -0.0000
vn 0.6536 -0.7569 -0.0000
vn 0.3644 0.9312 -0.0000
vn -0.8829 0.4696 -0.0000
vn -0.7451 -0.2482 0.6191
vn -0.3471 0.7720 0.5325
vn -0.7451 -0.2482 -0.6191
vn -0.3471 0.7720 -0.5325
vn 0.1914 -0.8421 0.5043
vn 0.7743 -0.0254 0.6323
vn 0.1914 -0.8421 -0.5043
vn 0.7743 -0.0254 -0.6323
vn -0.9488 -0.3160 -0.0000
vn -0.6573 0.3496 0.6676
vn -0.4101 0.9121 -0.0000
vn -0.6195 0.3502 -0.7025
vn -0.2492 -0.6466 -0.7210
vn 0.2505 0.6419 -0.7247
vn 0.4779 -0.5534 -0.6822
vn 0.2216 -0.9751 -0.0000
vn 0.9995 -0.0328 -0.0000
vn 0.4779 -0.5534 0.6822
vn -0.2470 -0.6436 0.7244
vn 0.2522 0.6445 0.7218
vn -0.3583 -0.9336 -0.0000
vn -0.0600 -0.9982 -0.0000
vn 0.9930 0.1178 -0.0000
vn -0.1993 0.9799 -0.0000
vn -0.5082 0.6907 0.5145
vn 0.2824 0.7773 0.5621
vn -0.5082 0.6907 -0.5145
vn 0.2824 0.7773 -0.5621
vn -0.4179 -0.7325 0.5374
vn 0.3663 -0.7572 0.5408
vn -0.4179 -0.7325 -0.5374
vn 0.3663 -0.7572 -0.5408
vn -0.5926 0.8055 -0.0000
vn -0.1454 0.8165 0.5588
vn 0.3415 0.9399 -0.0000
vn -0.1563 0.7684 -0.6205
vn -0.5889 -0.0682 -0.8054
vn 0.5899 0.0697 -0.8045
vn -0.0286 -0.7867 -0.6167
vn -0.4955 -0.8686 -0.0000
vn 0.4355 -0.9002 -0.0000
vn -0.0286 -0.7867 0.6167
vn -0.5902 -0.0679 0.8044
vn 0.5888 0.0698 0.8052
vn -0.9935 -0.1143 -0.0000
vn -0.7794 -0.6265 -0.0000
vn 0.5279 -0.8493 -0.0000
vn 0.4643 0.8857 -0.0000
vn 0.0797 0.8840 0.4607
vn 0.7241 0.1959 0.6613
vn 0.0797 0.8840 -0.4607
vn 0.7241 0.1959 -0.6613
vn -0.7879 0.0445 0.6142
vn -0.2227 -0.8183 0.5299
vn -0.7879 0.0445 -0.6142
vn -0.2227 -0.8183 -0.5299
vn 0.0897 0.9960 -0.0000
vn 0.4038 0.7056 0.5823
vn 0.9653 0.2612 -0.0000
vn 0.3506 0.6688 -0.6555
vn -0.3499 0.5730 -0.7411
vn 0.3559 -0.5725 -0.7386
vn -0.5449 -0.4709 -0.6938
vn -0.9984 0.0564 -0.0000
vn -0.2626 -0.9649 -0.0000
vn -0.5449 -0.4709 0.6938
vn -0.3530 0.5757 0.7375
vn 0.3536 -0.5702 0.7415
vn -0.5212 0.8535 -0.0000
vn -0.9919 -0.1271 -0.0000
vn 0.1020 -0.9948 -0.0000
vn 0.9584 0.2855 -0.0000
vn 0.4810 0.6883 0.5430
vn 0.6586 -0.4395 0.6109
vn 0.4810 0.6883 -0.5430
vn 0.6586 -0.4395 -0.6109
vn -0.6322 0.5037 0.5888
vn -0.5187 -0.6410 0.5658
vn -0.6322 0.5037 -0.5887
vn -0.5187 -0.6410 -0.5658
vn 0.5728 0.8197 -0.0000
vn 0.6979 0.1948 0.6892
vn 0.8318 -0.5551 -0.0000
vn 0.6738 0.2007 -0.7111
vn -0.0715 0.7021 -0.7085
vn 0.0720 -0.7024 -0.7081
vn -0.6951 -0.0969 -0.7123
vn -0.7821 0.6231 -0.0000
vn -0.6290 -0.7774 -0.0000
vn -0.6951 -0.0969 0.7123
vn -0.0716 0.7025 0.7081
vn 0.0719 -0.7021 0.7085
vn -0.1013 0.9949 -0.0000
vn -0.9994 0.0350 -0.0000
vn -0.0127 -0.9999 -0.0000
vn 1.0000 0.0089 -0.0000
vn 0.5764 0.5785 0.5772
vn 0.5785 -0.5762 0.5774
vn 0.5763 0.5785 -0.5772
vn 0.5785 -0.5762 -0.5774
vn -0.5684 0.5907 0.5727
vn -0.5862 -0.5637 0.5819
vn -0.5684 0.5907 -0.5727
vn -0.5862 -0.5637 -0.5819
vn 0.7058 0.7084 -0.0000
vn 0.7114 0.0063 0.7028
vn 0.7085 -0.7057 -0.0000
vn 0.7029 0.0015 -0.7112
vn 0.0091 0.7070 -0.7071
vn -0.0090 -0.7071 -0.7071
vn -0.7045 0.0247 -0.7093
vn -0.6933 0.7206 -0.0000
vn -0.7208 -0.6931 -0.0000
vn -0.7045 0.0247 0.7093
vn 0.0091 0.7071 0.7071
vn -0.0090 -0.7070 0.7071
vn 0.0129 0.9999 -0.0000
vn -0.9997 0.0258 -0.0000
vn -0.0236 -0.9997 -0.0000
vn 0.9989 -0.0477 -0.0000
vn 0.5955 0.5542 0.5815
vn 0.5587 -0.5994 0.5732
vn 0.5955 0.5542 -0.5815
vn 0.5587 -0.5994 -0.5732
vn -0.5641 0.5922 0.5754
vn -0.5905 -0.5619 0.5793
vn -0.5641 0.5922 -0.5754
vn -0.5905 -0.5619 -0.5793
vn 0.7321 0.6812 -0.0000
vn 0.7057 -0.0337 0.7077
vn 0.6818 -0.7315 -0.0000
vn 0.7074 -0.0329 -0.7061
vn 0.0167 0.7068 -0.7072
vn -0.0167 -0.7068 -0.7072
vn -0.7093 0.0183 -0.7047
vn -0.6897 0.7241 -0.0000
vn -0.7244 -0.6894 -0.0000
vn -0.7093 0.0183 0.7047
vn 0.0167 0.7068 0.7072
vn -0.0167 -0.7068 0.7072
vn 0.0236 0.9997 -0.0000
vn -0.9988 -0.0485 -0.0000
vn 0.0246 -0.9997 -0.0000
vn 0.9996 0.0280 -0.0000
vn 0.5636 0.5931 0.5750
vn 0.5909 -0.5611 0.5797
vn 0.5636 0.5931 -0.5750
vn 0.5909 -0.5611 -0.5797
vn -0.5957 0.5539 0.5817
vn -0.5586 -0.5997 0.5730
vn -0.5957 0.5539 -0.5817
vn -0.5586 -0.5997 -0.5730
vn 0.6889 0.7249 -0.0000
vn 0.7045 0.0224 0.7094
vn 0.7252 -0.6886 -0.0000
vn 0.7093 0.0199 -0.7046
vn -0.0174 0.7068 -0.7072
vn 0.0174 -0.7068 -0.7072
vn -0.7073 -0.0334 -0.7061
vn -0.7323 0.6809 -0.0000
vn -0.6815 -0.7318 -0.0000
vn -0.7073 -0.0334 0.7061
vn -0.0174 0.7068 0.7072
vn 0.0174 -0.7068 0.7072
vn -0.0246 0.9997 -0.0000
vn -0.9999 0.0129 -0.0000
vn 0.0109 -0.9999 -0.0000
vn 0.9995 0.0329 -0.0000
vn 0.5688 0.5899 0.5731
vn 0.5858 -0.5645 0.5815
vn 0.5688 0.5899 -0.5731
vn 0.5858 -0.5645 -0.5815
vn -0.5756 0.5800 0.5765
vn -0.5792 -0.5746 0.5782
vn -0.5756 0.5800 -0.5765
vn -0.5792 -0.5746 -0.5782
vn 0.6941 0.7199 -0.0000
vn 0.7092 0.0207 0.7047
vn 0.7200 -0.6939 -0.0000
vn 0.7045 0.0232 -0.7093
vn -0.0078 0.7071 -0.7071
vn 0.0077 -0.7071 -0.7071
vn -0.7029 0.0043 -0.7112
vn -0.7044 0.7098 -0.0000
vn -0.7099 -0.7043 -0.0000
vn -0.7029 0.0043 0.7112
vn -0.0078 0.7071 0.7071
vn 0.0077 -0.7071 0.7071
vn -0.0110 0.9999 -0.0000
vn -0.9554 0.2953 -0.0000
vn -0.1066 -0.9943 -0.0000
vn 0.9910 -0.1336 -0.0000
vn 0.6333 0.5009 0.5900
vn 0.5172 -0.6432 0.5645
vn 0.6333 0.5009 -0.5900
vn 0.5172 -0.6432 -0.5645
vn -0.4785 0.6917 0.5409
vn -0.6599 -0.4348 0.6128
vn -0.4785 0.6917 -0.5409
vn -0.6599 -0.4347 -0.6128
vn 0.7843 0.6203 -0.0000
vn 0.7092 -0.0956 0.6985
vn 0.6267 -0.7793 -0.0000
vn 0.6946 -0.1014 -0.7122
vn 0.0749 0.7020 -0.7082
vn -0.0752 -0.7016 -0.7086
vn -0.6723 0.2078 -0.7105
vn -0.5689 0.8224 -0.0000
vn -0.8351 -0.5501 -0.0000
vn -0.6723 0.2078 0.7105
vn 0.0747 0.7017 0.7086
vn -0.0753 -0.7020 0.7082
vn 0.1059 0.9944 -0.0000
vn -0.4452 0.8954 -0.0000
vn -0.5427 -0.8399 -0.0000
vn 0.7660 -0.6428 -0.0000
vn 0.7858 0.0306 0.6178
vn 0.2156 -0.8229 0.5257
vn 0.7858 0.0306 -0.6178
vn 0.2156 -0.8229 -0.5257
vn -0.0665 0.8867 0.4576
vn -0.7183 0.2179 0.6607
vn -0.0665 0.8867 -0.4576
vn -0.7183 0.2179 -0.6607
vn 0.9992 0.0389 -0.0000
vn 0.5904 -0.4955 0.6371
vn 0.2535 -0.9673 -0.0000
vn 0.5368 -0.4837 -0.6913
vn 0.3618 0.5686 -0.7388
vn -0.3623 -0.5623 -0.7434
vn -0.3376 0.6791 -0.6518
vn -0.0748 0.9972 -0.0000
vn -0.9569 0.2903 -0.0000
vn -0.3376 0.6791 0.6518
vn 0.3582 0.5655 0.7429
vn -0.3650 -0.5648 0.7401
vn 0.5351 0.8448 -0.0000
vn 0.2155 0.9765 -0.0000
vn -0.9900 0.1412 -0.0000
vn 0.0460 -0.9989 -0.0000
vn 0.4088 -0.7362 0.5393
vn -0.3749 -0.7547 0.5384
vn 0.4088 -0.7362 -0.5393
vn -0.3749 -0.7547 -0.5384
vn 0.5254 0.6681 0.5269
vn -0.2591 0.7951 0.5483
vn 0.5254 0.6681 -0.5269
vn -0.2591 0.7951 -0.5483
vn 0.4854 -0.8743 -0.0000
vn 0.0382 -0.8306 0.5556
vn -0.4448 -0.8956 -0.0000
vn 0.0175 -0.7876 -0.6159
vn 0.5891 -0.0815 -0.8039
vn -0.5875 0.0838 -0.8049
vn 0.1484 0.7687 -0.6221
vn 0.6181 0.7861 -0.0000
vn -0.3098 0.9508 -0.0000
vn 0.1484 0.7687 0.6221
vn 0.5875 -0.0818 0.8051
vn -0.5887 0.0836 0.8040
vn 0.9906 -0.1370 -0.0000
vn 0.8900 0.4560 -0.0000
vn -0.3538 0.9353 -0.0000
vn -0.6725 -0.7401 -0.0000
vn -0.2331 -0.8431 0.4845
vn -0.7552 0.0420 0.6542
vn -0.2331 -0.8431 -0.4845
vn -0.7552 0.0420 -0.6542
vn 0.7444 -0.2570 0.6163
vn 0.3514 0.7679 0.5356
vn 0.7444 -0.2570 -0.6163
vn 0.3514 0.7679 -0.5356
vn -0.2665 -0.9638 -0.0000
vn -0.5480 -0.5616 0.6199
vn -0.9985 0.0555 -0.0000
vn -0.4936 -0.5433 -0.6791
vn 0.2404 -0.6472 -0.7235
vn -0.2452 0.6480 -0.7211
vn 0.6235 0.3401 -0.7040
vn 0.9452 -0.3264 -0.0000
vn 0.4161 0.9093 -0.0000
vn 0.6234 0.3401 0.7040
vn 0.2424 -0.6499 0.7203
vn -0.2436 0.6457 0.7237
vn 0.3482 -0.9374 -0.0000
vn 0.9981 0.0611 -0.0000
vn -0.0586 0.9983 -0.0000
vn -0.9844 -0.1759 -0.0000
vn -0.5270 -0.6453 0.5531
vn -0.6227 0.5012 0.6009
vn -0.5270 -0.6453 -0.5531
vn -0.6227 0.5012 -0.6009
vn 0.5999 -0.5453 0.5854
vn 0.5541 0.6075 0.5691
vn 0.5999 -0.5453 -0.5854
vn 0.5541 0.6075 -0.5691
vn -0.6326 -0.7745 -0.0000
vn -0.7071 -0.1182 0.6972
vn -0.7790 0.6271 -0.0000
vn -0.6920 -0.1237 -0.7112
vn 0.0412 -0.7055 -0.7075
vn -0.0414 0.7056 -0.7074
vn 0.7018 0.0477 -0.7107
vn 0.7399 -0.6727 -0.0000
vn 0.6739 0.7388 -0.0000
vn 0.7018 0.0477 0.7107
vn 0.0413 -0.7057 0.7073
vn -0.0414 0.7055 0.7075
vn 0.0583 -0.9983 -0.0000
vn 0.9990 -0.0451 -0.0000
vn 0.0204 0.9998 -0.0000
vn -0.9998 0.0187 -0.0000
vn -0.5895 -0.5646 0.5777
vn -0.5651 0.5897 0.5770
vn -0.5895 -0.5646 -0.5777
vn -0.5651 0.5897 -0.5770
vn 0.5591 -0.5986 0.5737
vn 0.5952 0.5551 0.5810
vn 0.5591 -0.5986 -0.5737
vn 0.5952 0.5551 -0.5810
vn -0.7222 -0.6917 -0.0000
vn -0.7093 0.0133 0.7048
vn -0.6919 0.7220 -0.0000
vn -0.7047 0.0158 -0.7093
vn -0.0145 -0.7069 -0.7072
vn 0.0144 0.7069 -0.7071
vn 0.7058 -0.0318 -0.7077
vn 0.6826 -0.7308 -0.0000
vn 0.7313 0.6820 -0.0000
vn 0.7058 -0.0318 0.7077
vn -0.0145 -0.7069 0.7071
vn 0.0144 0.7069 0.7072
vn -0.0205 -0.9998 -0.0000
vn 1.0000 -0.0015 -0.0000
vn 0.0133 0.9999 -0.0000
vn -0.9992 0.0393 -0.0000
vn -0.5940 -0.5575 0.5799
vn -0.5604 0.5963 0.5748
vn -0.5940 -0.5575 -0.5799
vn -0.5604 0.5963 -0.5748
vn 0.5689 -0.5830 0.5800
vn 0.5859 0.5715 0.5746
vn 0.5689 -0.5830 -0.5800
vn 0.5859 0.5715 -0.5746
vn -0.7291 -0.6844 -0.0000
vn -0.7059 0.0278 0.7078
vn -0.6848 0.7287 -0.0000
vn -0.7076 0.0269 -0.7061
vn -0.0094 -0.7071 -0.7071
vn 0.0094 0.7070 -0.7071
vn 0.7095 -0.0037 -0.7047
vn 0.6984 -0.7157 -0.0000
vn 0.7158 0.6983 -0.0000
vn 0.7095 -0.0037 0.7047
vn -0.0094 -0.7070 0.7071
vn 0.0094 0.7071 0.7071
vn -0.0133 -0.9999 -0.0000
vn 0.9989 0.0460 -0.0000
vn -0.0270 0.9996 -0.0000
vn -0.9991 -0.0426 -0.0000
vn -0.5574 -0.5993 0.5745
vn -0.5969 0.5542 0.5802
vn -0.5574 -0.5993 -0.5745
vn -0.5969 0.5542 -0.5802
vn 0.5974 -0.5530 0.5808
vn 0.5568 0.6005 0.5739
vn 0.5974 -0.5530 -0.5808
vn 0.5568 0.6005 -0.5739
vn -0.6810 -0.7323 -0.0000
vn -0.7058 -0.0311 0.7078
vn -0.7328 0.6804 -0.0000
vn -0.7074 -0.0302 -0.7061
vn 0.0191 -0.7067 -0.7072
vn -0.0191 0.7067 -0.7072
vn 0.7058 0.0333 -0.7077
vn 0.7339 -0.6793 -0.0000
vn 0.6799 0.7333 -0.0000
vn 0.7058 0.0333 0.7076
vn 0.0191 -0.7067 0.7072
vn -0.0191 0.7067 0.7072
vn 0.0270 -0.9996 -0.0000
vn 0.9984 -0.0559 -0.0000
vn 0.0090 1.0000 -0.0000
vn -1.0000 -0.0094 -0.0000
vn -0.5734 -0.5810 0.5777
vn -0.5813 0.5737 0.5770
vn -0.5734 -0.5810 -0.5777
vn -0.5813 0.5737 -0.5770
vn 0.5670 -0.5964 0.5681
vn 0.5873 0.5578 0.5864
vn 0.5670 -0.5964 -0.5681
vn 0.5873 0.5578 -0.5864
vn -0.7024 -0.7118 -0.0000
vn -0.7094 -0.0067 0.7048
vn -0.7118 0.7024 -0.0000
vn -0.7048 -0.0041 -0.7094
vn -0.0063 -0.7072 -0.7070
vn 0.0064 0.7071 -0.7071
vn 0.7021 -0.0393 -0.7110
vn 0.6890 -0.7248 -0.0000
vn 0.7250 0.6887 -0.0000
vn 0.7021 -0.0393 0.7110
vn -0.0063 -0.7071 0.7071
vn 0.0064 0.7072 0.7070
vn -0.0089 -1.0000 -0.0000
vn 0.8991 -0.4378 -0.0000
vn 0.1693 0.9856 -0.0000
vn -0.9755 0.2201 -0.0000
vn -0.6779 -0.4359 0.5921
vn -0.4647 0.6843 0.5620
vn -0.6779 -0.4359 -0.5921
vn -0.4647 0.6843 -0.5620
vn 0.4094 -0.7433 0.5290
vn 0.7055 0.3363 0.6238
vn 0.4094 -0.7433 -0.5290
vn 0.7055 0.3363 -0.6238
vn -0.8411 -0.5408 -0.0000
vn -0.7048 0.1590 0.6913
vn -0.5618 0.8273 -0.0000
vn -0.6807 0.1662 -0.7135
vn -0.1183 -0.6941 -0.7101
vn 0.1188 0.6931 -0.7110
vn 0.6349 -0.3091 -0.7080
vn 0.4825 -0.8759 -0.0000
vn 0.9027 0.4303 -0.0000
vn 0.6349 -0.3091 0.7080
vn -0.1180 -0.6933 0.7110
vn 0.1192 0.6938 0.7102
vn -0.1677 -0.9858 -0.0000
vn 0.2398 -0.9708 -0.0000
vn 0.7554 0.6552 -0.0000
vn -0.5903 0.8072 -0.0000
vn -0.7618 0.2576 0.5944
vn -0.0480 0.8483 0.5273
vn -0.7618 0.2576 -0.5944
vn -0.0480 0.8483 -0.5273
vn -0.1186 -0.8754 0.4685
vn 0.6216 -0.4689 0.6275
vn -0.1186 -0.8754 -0.4685
vn 0.6216 -0.4689 -0.6275
vn -0.9473 0.3203 -0.0000
vn -0.4731 0.6469 0.5981
vn -0.0565 0.9984 -0.0000
vn -0.4133 0.6149 -0.6716
vn -0.4819 -0.4193 -0.7694
vn 0.4817 0.4180 -0.7702
vn 0.1856 -0.7513 -0.6333
vn -0.1343 -0.9909 -0.0000
vn 0.7983 -0.6022 -0.0000
vn 0.1856 -0.7513 0.6333
vn -0.4810 -0.4189 0.7701
vn 0.4823 0.4184 0.7696
vn -0.7541 -0.6568 -0.0000
vn -0.4200 -0.9075 -0.0000
vn 0.9046 -0.4262 -0.0000
vn 0.1066 0.9943 -0.0000
vn -0.2701 0.8163 0.5107
vn 0.5079 0.6434 0.5728
vn -0.2701 0.8162 -0.5107
vn 0.5079 0.6434 -0.5728
vn -0.6703 -0.5021 0.5464
vn 0.1106 -0.8297 0.5471
vn -0.6703 -0.5021 -0.5464
vn 0.1106 -0.8297 -0.5471
vn -0.3141 0.9494 -0.0000
vn 0.1081 0.8224 0.5585
vn 0.6196 0.7849 -0.0000
vn 0.0837 0.7806 -0.6195
vn -0.5565 0.2557 -0.7905
vn 0.5516 -0.2599 -0.7926
vn -0.2952 -0.7017 -0.6484
vn -0.8003 -0.5995 -0.0000
vn 0.1322 -0.9912 -0.0000
vn -0.2952 -0.7017 0.6484
vn -0.5527 0.2554 0.7933
vn 0.5545 -0.2603 0.7904
vn -0.9087 0.4175 -0.0000
vn -0.9514 -0.3080 -0.0000
vn 0.2379 -0.9713 -0.0000
vn 0.8224 0.5688 -0.0000
vn 0.3253 0.7863 0.5253
vn 0.7530 -0.2081 0.6242
vn 0.3253 0.7863 -0.5253
vn 0.7530 -0.2081 -0.6242
vn -0.6893 0.3917 0.6094
vn -0.4426 -0.7127 0.5443
vn -0.6893 0.3917 -0.6094
vn -0.4426 -0.7127 -0.5443
vn 0.3823 0.9240 -0.0000
vn 0.6417 0.4089 0.6488
vn 0.9639 -0.2664 -0.0000
vn 0.5841 0.4040 -0.7041
vn -0.1651 0.6798 -0.7146
vn 0.1666 -0.6804 -0.7137
vn -0.6676 -0.2289 -0.7085
vn -0.8694 0.4941 -0.0000
vn -0.5276 -0.8495 -0.0000
vn -0.6676 -0.2289 0.7085
vn -0.1656 0.6808 0.7135
vn 0.1662 -0.6795 0.7146
vn -0.2360 0.9718 -0.0000
vn -0.9998 -0.0181 -0.0000
vn 0.0258 -0.9997 -0.0000
vn 0.9944 0.1056 -0.0000
vn 0.5433 0.6196 0.5666
vn 0.6098 -0.5314 0.5880
vn 0.5433 0.6196 -0.5666
vn 0.6098 -0.5314 -0.5880
vn -0.5919 0.5626 0.5772
vn -0.5627 -0.5915 0.5775
vn -0.5919 0.5626 -0.5772
vn -0.5627 -0.5915 -0.5775
vn 0.6593 0.7519 -0.0000
vn 0.7117 0.0677 0.6992
vn 0.7539 -0.6570 -0.0000
vn 0.6972 0.0741 -0.7131
vn -0.0181 0.7068 -0.7072
vn 0.0183 -0.7070 -0.7070
vn -0.7027 -0.0174 -0.7112
vn -0.7249 0.6889 -0.0000
vn -0.6893 -0.7245 -0.0000
vn -0.7027 -0.0174 0.7112
vn -0.0181 0.7070 0.7070
vn 0.0182 -0.7068 0.7072
vn -0.0256 0.9997 -0.0000
vn -0.9988 0.0495 -0.0000
vn -0.0271 -0.9996 -0.0000
vn 0.9992 -0.0399 -0.0000
vn 0.5963 0.5554 0.5796
vn 0.5581 -0.5982 0.5751
vn 0.5963 0.5554 -0.5796
vn 0.5581 -0.5982 -0.5751
vn -0.5560 0.6019 0.5732
vn -0.5981 -0.5515 0.5815
vn -0.5560 0.6019 -0.5732
vn -0.5981 -0.5515 -0.5815
vn 0.7318 0.6816 -0.0000
vn 0.7074 -0.0282 0.7062
vn 0.6821 -0.7312 -0.0000
vn 0.7059 -0.0290 -0.7077
vn 0.0192 0.7067 -0.7072
vn -0.0192 -0.7067 -0.7072
vn -0.7072 0.0351 -0.7061
vn -0.6785 0.7346 -0.0000
vn -0.7352 -0.6779 -0.0000
vn -0.7072 0.0351 0.7061
vn 0.0192 0.7067 0.7072
vn -0.0192 -0.7067 0.7072
vn 0.0271 0.9996 -0.0000
vn -0.9997 -0.0229 -0.0000
vn 0.0017 -1.0000 -0.0000
vn 0.9998 -0.0184 -0.0000
vn 0.5825 0.5705 0.5790
vn 0.5722 -0.5841 0.5757
vn 0.5825 0.5705 -0.5790
vn 0.5722 -0.5841 -0.5757
vn -0.5833 0.5688 0.5799
vn -0.5714 -0.5858 0.5748
vn -0.5833 0.5688 -0.5799
vn -0.5714 -0.5858 -0.5748
vn 0.7144 0.6998 -0.0000
vn 0.7046 -0.0130 0.7094
vn 0.6998 -0.7143 -0.0000
vn 0.7094 -0.0104 -0.7047
vn -0.0012 0.7071 -0.7071
vn 0.0012 -0.7071 -0.7071
vn -0.7094 -0.0135 -0.7047
vn -0.7160 0.6981 -0.0000
vn -0.6982 -0.7159 -0.0000
vn -0.7094 -0.0135 0.7047
vn -0.0012 0.7071 0.7071
vn 0.0012 -0.7071 0.7071
vn -0.0017 1.0000 -0.0000
vn 0.7094 -0.0120 0.7047
vn 0.7046 -0.0145 -0.7094
vn -0.7046 -0.0145 -0.7094
vn -0.7046 -0.0145 0.7094
vn 0.7067 0.0356 0.7067
vn 0.7062 0.0358 -0.7071
vn -0.7074 -0.0277 -0.7062
vn -0.7074 -0.0277 0.7062
vn 0.7027 -0.0202 0.7112
vn 0.7112 -0.0157 -0.7028
vn 0.0202 0.7067 -0.7072
vn -0.0204 -0.7069 -0.7070
vn -0.7113 0.0723 -0.6991
vn -0.7113 0.0723 0.6991
vn 0.0202 0.7069 0.7070
vn -0.0203 -0.7067 0.7072
vn 0.6629 -0.2376 0.7100
vn 0.6925 -0.2320 -0.6831
vn 0.1739 0.6769 -0.7153
vn -0.1753 -0.6773 -0.7145
vn -0.6335 0.4239 -0.6473
vn -0.6335 0.4239 0.6473
vn 0.1744 0.6777 0.7143
vn -0.1749 -0.6766 0.7153
vn 0.2812 -0.7088 0.6469
vn 0.3296 -0.7531 -0.5695
vn 0.5609 0.2404 -0.7922
vn -0.5564 -0.2444 -0.7942
vn -0.0965 0.8240 -0.5583
vn -0.0965 0.8240 0.5583
vn 0.5573 0.2402 0.7948
vn -0.5591 -0.2448 0.7922
vn -0.1995 -0.7458 0.6356
vn -0.2404 -0.7932 -0.5596
vn 0.4736 -0.4321 -0.7674
vn -0.4736 0.4315 -0.7678
vn 0.4873 0.6338 -0.6007
vn 0.4872 0.6338 0.6007
vn 0.4733 -0.4319 0.7678
vn -0.4739 0.4317 0.7675
vn -0.6386 -0.2987 0.7092
vn -0.6773 -0.2951 -0.6739
vn 0.1135 -0.6952 -0.7098
vn -0.1140 0.6942 -0.7107
vn 0.7061 0.1516 -0.6917
vn 0.7061 0.1516 0.6917
vn 0.1132 -0.6944 0.7106
vn -0.1143 0.6949 0.7099
vn -0.7022 -0.0366 0.7110
vn -0.7108 -0.0322 -0.7026
vn 0.0050 -0.7072 -0.7070
vn -0.0051 0.7071 -0.7071
vn 0.7094 -0.0082 -0.7048
vn 0.7094 -0.0082 0.7048
vn 0.0050 -0.7071 0.7071
vn -0.0051 0.7072 0.7070
vn -0.7058 0.0338 0.7076
vn -0.7072 0.0330 -0.7062
vn 0.7058 -0.0305 -0.7078
vn 0.7058 -0.0305 0.7078
vn -0.7095 -0.0053 0.7047
vn -0.7048 -0.0026 -0.7094
vn 0.7059 0.0283 -0.7078
vn 0.7059 0.0283 0.7078
vn -0.7059 -0.0313 0.7077
vn -0.7073 -0.0306 -0.7062
vn 0.0138 -0.7069 -0.7072
vn -0.0138 0.7069 -0.7071
vn 0.7093 0.0118 -0.7048
vn 0.7093 0.0118 0.7048
vn 0.0139 -0.7069 0.7071
vn -0.0138 0.7069 0.7072
vn -0.7003 0.0519 0.7120
vn -0.7117 0.0464 -0.7009
vn -0.0415 -0.7055 -0.7075
vn 0.0418 0.7057 -0.7073
vn 0.7091 -0.1232 -0.6942
vn 0.7091 -0.1232 0.6942
vn -0.0416 -0.7057 0.7073
vn 0.0418 0.7055 0.7075
vn -0.6195 0.3502 0.7025
vn -0.6573 0.3496 -0.6676
vn -0.2470 -0.6436 -0.7244
vn 0.2522 0.6445 -0.7218
vn 0.5419 -0.5776 -0.6105
vn 0.5419 -0.5776 0.6105
vn -0.2492 -0.6466 0.7210
vn 0.2505 0.6419 0.7247
vn -0.1563 0.7684 0.6206
vn -0.1454 0.8165 -0.5588
vn -0.5902 -0.0679 -0.8044
vn 0.5888 0.0698 -0.8052
vn -0.0499 -0.8295 -0.5563
vn -0.0499 -0.8295 0.5563
vn -0.5889 -0.0682 0.8054
vn 0.5899 0.0697 0.8045
vn 0.3506 0.6688 0.6555
vn 0.4038 0.7056 -0.5823
vn -0.3530 0.5757 -0.7375
vn 0.3536 -0.5702 -0.7415
vn -0.5992 -0.4816 -0.6395
vn -0.5992 -0.4816 0.6395
vn -0.3499 0.5730 0.7411
vn 0.3559 -0.5725 0.7386
vn 0.6738 0.2007 0.7111
vn 0.6979 0.1948 -0.6892
vn -0.0716 0.7025 -0.7081
vn 0.0719 -0.7021 -0.7085
vn -0.7097 -0.0909 -0.6986
vn -0.7097 -0.0909 0.6986
vn -0.0715 0.7021 0.7085
vn 0.0720 -0.7024 0.7081
vn 0.7029 0.0015 0.7112
vn 0.7113 0.0063 -0.7028
vn 0.0091 0.7071 -0.7071
vn -0.0090 -0.7070 -0.7071
vn -0.7091 0.0223 -0.7047
vn -0.7091 0.0223 0.7047
vn 0.0091 0.7070 0.7071
vn -0.0090 -0.7071 0.7071
vn 0.7074 -0.0329 0.7061
vn 0.7057 -0.0337 -0.7077
vn -0.7045 0.0209 -0.7094
vn -0.7045 0.0209 0.7094
vn 0.7093 0.0199 0.7046
vn 0.7045 0.0224 -0.7094
vn -0.7057 -0.0343 -0.7077
vn -0.7057 -0.0343 0.7077
vn 0.7045 0.0232 0.7093
vn 0.7092 0.0207 -0.7047
vn -0.7113 0.0091 -0.7028
vn -0.7113 0.0091 0.7028
vn 0.6946 -0.1014 0.7122
vn 0.7092 -0.0956 -0.6985
vn 0.0747 0.7017 -0.7086
vn -0.0753 -0.7020 -0.7082
vn -0.6964 0.2021 -0.6886
vn -0.6964 0.2021 0.6886
vn 0.0749 0.7020 0.7082
vn -0.0752 -0.7016 0.7086
vn 0.5368 -0.4837 0.6913
vn 0.5904 -0.4955 -0.6371
vn 0.3582 0.5655 -0.7429
vn -0.3650 -0.5648 -0.7401
vn -0.3896 0.7168 -0.5782
vn -0.3896 0.7168 0.5782
vn 0.3618 0.5686 0.7388
vn -0.3623 -0.5623 0.7434
vn 0.0175 -0.7876 0.6159
vn 0.0382 -0.8306 -0.5556
vn 0.5875 -0.0818 -0.8051
vn -0.5888 0.0836 -0.8040
vn 0.1791 0.8117 -0.5559
vn 0.1791 0.8117 0.5559
vn 0.5891 -0.0815 0.8039
vn -0.5875 0.0838 0.8049
vn -0.4936 -0.5433 0.6791
vn -0.5480 -0.5616 -0.6199
vn 0.2424 -0.6499 -0.7203
vn -0.2436 0.6457 -0.7237
vn 0.6614 0.3389 -0.6691
vn 0.6614 0.3389 0.6691
vn 0.2404 -0.6472 0.7235
vn -0.2452 0.6480 0.7211
vn -0.6920 -0.1237 0.7112
vn -0.7071 -0.1182 -0.6972
vn 0.0413 -0.7057 -0.7074
vn -0.0414 0.7055 -0.7075
vn 0.7104 0.0435 -0.7024
vn 0.7104 0.0435 0.7024
vn 0.0412 -0.7055 0.7075
vn -0.0414 0.7056 0.7074
vn -0.7047 0.0158 0.7093
vn -0.7093 0.0133 -0.7048
vn -0.0145 -0.7069 -0.7071
vn 0.0144 0.7069 -0.7072
vn 0.7073 -0.0311 -0.7062
vn 0.7073 -0.0311 0.7062
vn -0.0145 -0.7069 0.7072
vn 0.0144 0.7069 0.7071
vn -0.7076 0.0269 0.7061
vn -0.7059 0.0278 -0.7078
vn -0.0094 -0.7070 -0.7071
vn 0.0094 0.7071 -0.7071
vn 0.7048 -0.0010 -0.7094
vn 0.7048 -0.0010 0.7094
vn -0.0094 -0.7071 0.7071
vn 0.0094 0.7070 0.7071
vn -0.7074 -0.0302 0.7061
vn -0.7058 -0.0311 -0.7078
vn 0.7073 0.0325 -0.7062
vn 0.7073 0.0325 0.7062
vn -0.7048 -0.0041 0.7094
vn -0.7094 -0.0067 -0.7048
vn -0.0063 -0.7071 -0.7071
vn 0.0064 0.7072 -0.7070
vn 0.7107 -0.0351 -0.7026
vn 0.7107 -0.0351 0.7026
vn -0.0063 -0.7072 0.7070
vn 0.0064 0.7071 0.7071
vn -0.6807 0.1662 0.7135
vn -0.7048 0.1590 -0.6913
vn -0.1180 -0.6933 -0.7110
vn 0.1192 0.6938 -0.7102
vn 0.6735 -0.3062 -0.6728
vn 0.6735 -0.3062 0.6728
vn -0.1183 -0.6941 0.7101
vn 0.1188 0.6931 0.7110
vn -0.4133 0.6149 0.6716
vn -0.4731 0.6469 -0.5981
vn -0.4810 -0.4190 -0.7701
vn 0.4823 0.4184 -0.7696
vn 0.2253 -0.7992 -0.5573
vn 0.2253 -0.7992 0.5573
vn -0.4819 -0.4193 0.7694
vn 0.4817 0.4180 0.7702
vn 0.0837 0.7806 0.6195
vn 0.1081 0.8224 -0.5585
vn -0.5527 0.2554 -0.7933
vn 0.5545 -0.2603 -0.7904
vn -0.3449 -0.7453 -0.5706
vn -0.3449 -0.7453 0.5706
vn -0.5565 0.2557 0.7905
vn 0.5516 -0.2599 0.7926
vn 0.5841 0.4040 0.7041
vn 0.6417 0.4089 -0.6488
vn -0.1656 0.6808 -0.7135
vn 0.1662 -0.6795 -0.7146
vn -0.6916 -0.2239 -0.6867
vn -0.6916 -0.2239 0.6867
vn -0.1651 0.6798 0.7145
vn 0.1666 -0.6804 0.7137
vn 0.6972 0.0741 0.7131
vn 0.7117 0.0677 -0.6992
vn -0.0181 0.7070 -0.7070
vn 0.0182 -0.7068 -0.7072
vn -0.7113 -0.0129 -0.7028
vn -0.7113 -0.0129 0.7028
vn -0.0181 0.7068 0.7072
vn 0.0183 -0.7070 0.7070
vn 0.7059 -0.0290 0.7077
vn 0.7074 -0.0282 -0.7062
vn -0.7056 0.0359 -0.7077
vn -0.7056 0.0359 0.7077
vn 0.7144 0.6997 -0.0000
vn 0.7094 -0.0104 0.7047
vn 0.7046 -0.0130 -0.7094
vn -0.7046 -0.0161 -0.7094
vn -0.7046 -0.0161 0.7094
vt 0.580051 0.772928
vt 0.419949 0.977072
vt 0.419949 0.772928
vt 0.419949 0.508750
vt 0.580051 0.741250
vt 0.419949 0.741250
vt 0.852072 0.508750
vt 0.647928 0.741250
vt 0.647928 0.508750
vt 0.580051 0.008750
vt 0.419949 0.241250
vt 0.419949 0.008750
vt 0.419949 0.272928
vt 0.580051 0.477072
vt 0.419949 0.477072
vt 0.147928 0.741250
vt 0.147928 0.750000
vt 0.125000 0.741250
vt 0.580051 0.000000
vt 0.625000 0.008750
vt 0.147928 0.508750
vt 0.125000 0.508750
vt 0.147928 0.500000
vt 0.625000 0.241250
vt 0.580051 0.250000
vt 0.580051 0.241250
vt 0.352072 0.741250
vt 0.375000 0.741250
vt 0.352072 0.750000
vt 0.625000 0.772928
vt 0.580051 0.750000
vt 0.352072 0.508750
vt 0.352072 0.500000
vt 0.375000 0.508750
vt 0.625000 0.477072
vt 0.580051 0.500000
vt 0.419949 0.000000
vt 0.580051 0.272928
vt 0.625000 0.272928
vt 0.580051 0.508750
vt 0.625000 0.977072
vt 0.580051 0.977072
vt 0.852072 0.741250
s 0
f 17/1/1 2/2/1 15/3/1
f 21/4/2 18/5/2 14/6/2
f 10/7/3 16/8/3 22/9/3
f 6/10/4 8/11/4 3/12/4
f 9/13/5 24/14/5 20/15/5
f 1/16/6 2/17/6 3/18/6
f 4/19/7 5/20/7 6/10/7
f 7/21/8 8/22/8 9/23/8
f 10/24/9 11/25/9 12/26/9
f 13/27/10 14/28/10 15/29/10
f 16/30/11 17/1/11 18/31/11
f 19/32/12 20/33/12 21/34/12
f 22/35/13 23/36/13 24/14/13
f 1/16/14 8/22/14 7/21/14
f 2/37/15 6/10/15 3/12/15
f 10/24/16 6/10/16 5/20/16
f 9/13/17 12/26/17 11/38/17
f 19/32/18 9/23/18 20/33/18
f 22/35/19 11/38/19 10/39/19
f 23/40/20 20/15/20 24/14/20
f 19/32/21 14/6/21 13/27/21
f 16/8/22 23/40/22 22/9/22
f 15/3/23 18/5/23 17/1/23
f 13/27/24 2/17/24 1/16/24
f 5/41/25 17/1/25 16/30/25
f 19/32/26 1/16/26 7/21/26
f 41/1/1 26/2/1 39/3/1
f 45/4/27 42/5/27 38/6/27
f 34/7/28 40/8/28 46/9/28
f 27/12/29 36/26/29 32/11/29
f 33/13/5 48/14/5 44/15/5
f 25/16/30 26/17/30 27/18/30
f 28/19/31 29/20/31 30/10/31
f 31/21/32 32/22/32 33/23/32
f 34/24/33 35/25/33 36/26/33
f 37/27/34 38/28/34 39/29/34
f 40/30/35 41/1/35 42/31/35
f 43/32/36 44/33/36 45/34/36
f 46/35/37 47/36/37 48/14/37
f 31/21/38 27/18/38 32/22/38
f 28/19/39 27/12/39 26/37/39
f 34/24/40 30/10/40 29/20/40
f 35/38/41 32/11/41 36/26/41
f 31/21/42 44/33/42 43/32/42
f 46/35/43 35/38/43 34/39/43
f 47/40/44 44/15/44 48/14/44
f 43/32/45 38/6/45 37/27/45
f 46/9/46 42/5/46 47/40/46
f 39/3/47 42/5/47 41/1/47
f 25/16/48 39/29/48 26/17/48
f 40/30/49 28/42/49 41/1/49
f 43/32/50 25/16/50 31/21/50
f 63/3/1 52/42/1 50/2/1
f 69/4/51 66/5/51 62/6/51
f 58/7/52 64/8/52 70/9/52
f 51/12/53 60/26/53 56/11/53
f 59/38/5 68/15/5 57/13/5
f 49/16/54 50/17/54 51/18/54
f 52/19/55 53/20/55 54/10/55
f 55/21/56 56/22/56 57/23/56
f 58/24/57 59/25/57 60/26/57
f 61/27/58 62/28/58 63/29/58
f 64/30/59 65/1/59 66/31/59
f 67/32/60 68/33/60 69/34/60
f 70/35/61 71/36/61 72/14/61
f 55/21/62 51/18/62 56/22/62
f 50/37/63 54/10/63 51/12/63
f 58/24/64 54/10/64 53/20/64
f 57/13/65 60/26/65 59/38/65
f 67/32/66 57/23/66 68/33/66
f 58/39/67 72/14/67 59/38/67
f 69/4/68 72/14/68 71/40/68
f 67/32/69 62/6/69 61/27/69
f 64/8/70 71/40/70 70/9/70
f 65/1/71 62/6/71 66/5/71
f 61/27/72 50/17/72 49/16/72
f 53/41/73 65/1/73 64/30/73
f 67/32/74 49/16/74 55/21/74
f 87/3/1 76/42/1 74/2/1
f 95/40/75 86/6/75 93/4/75
f 82/7/76 88/8/76 94/9/76
f 78/10/77 80/11/77 75/12/77
f 83/38/5 92/15/5 81/13/5
f 73/16/78 74/17/78 75/18/78
f 76/19/79 77/20/79 78/10/79
f 79/21/80 80/22/80 81/23/80
f 82/24/81 83/25/81 84/26/81
f 85/27/82 86/28/82 87/29/82
f 88/30/83 89/1/83 90/31/83
f 91/32/84 92/33/84 93/34/84
f 94/35/85 95/36/85 96/14/85
f 73/16/86 80/22/86 79/21/86
f 74/37/87 78/10/87 75/12/87
f 82/24/88 78/10/88 77/20/88
f 81/13/89 84/26/89 83/38/89
f 91/32/90 81/23/90 92/33/90
f 82/39/91 96/14/91 83/38/91
f 93/4/92 96/14/92 95/40/92
f 91/32/93 86/6/93 85/27/93
f 88/8/94 95/40/94 94/9/94
f 89/1/95 86/6/95 90/5/95
f 85/27/96 74/17/96 73/16/96
f 77/41/97 89/1/97 88/30/97
f 91/32/98 73/16/98 79/21/98
f 111/3/1 100/42/1 98/2/1
f 119/40/99 110/6/99 117/4/99
f 118/9/100 101/43/100 112/8/100
f 102/10/101 104/11/101 99/12/101
f 107/38/5 116/15/5 105/13/5
f 97/16/102 98/17/102 99/18/102
f 100/19/103 101/20/103 102/10/103
f 103/21/104 104/22/104 105/23/104
f 106/24/105 107/25/105 108/26/105
f 109/27/106 110/28/106 111/29/106
f 112/30/107 113/1/107 114/31/107
f 115/32/108 116/33/108 117/34/108
f 118/35/109 119/36/109 120/14/109
f 97/16/110 104/22/110 103/21/110
f 98/37/111 102/10/111 99/12/111
f 106/24/112 102/10/112 101/20/112
f 105/13/113 108/26/113 107/38/113
f 115/32/114 105/23/114 116/33/114
f 106/39/115 120/14/115 107/38/115
f 117/4/116 120/14/116 119/40/116
f 115/32/117 110/6/117 109/27/117
f 118/9/118 114/5/118 119/40/118
f 113/1/119 110/6/119 114/5/119
f 109/27/120 98/17/120 97/16/120
f 101/41/121 113/1/121 112/30/121
f 115/32/122 97/16/122 103/21/122
f 137/1/1 122/2/1 135/3/1
f 143/40/123 134/6/123 141/4/123
f 142/9/124 125/43/124 136/8/124
f 123/12/125 132/26/125 128/11/125
f 129/13/5 144/14/5 140/15/5
f 121/16/126 122/17/126 123/18/126
f 124/19/127 125/20/127 126/10/127
f 127/21/128 128/22/128 129/23/128
f 130/24/129 131/25/129 132/26/129
f 133/27/130 134/28/130 135/29/130
f 136/30/131 137/1/131 138/31/131
f 139/32/132 140/33/132 141/34/132
f 142/35/133 143/36/133 144/14/133
f 121/16/134 128/22/134 127/21/134
f 124/19/135 123/12/135 122/37/135
f 125/20/136 132/26/136 126/10/136
f 131/38/137 128/11/137 132/26/137
f 127/21/138 140/33/138 139/32/138
f 142/35/139 131/38/139 130/39/139
f 143/40/140 140/15/140 144/14/140
f 133/27/141 141/4/141 134/6/141
f 136/8/142 143/40/142 142/9/142
f 135/3/143 138/5/143 137/1/143
f 121/16/144 135/29/144 122/17/144
f 136/30/145 124/42/145 137/1/145
f 139/32/146 121/16/146 127/21/146
f 161/1/1 146/2/1 159/3/1
f 167/40/147 158/6/147 165/4/147
f 166/9/148 149/43/148 160/8/148
f 147/12/149 156/26/149 152/11/149
f 153/13/5 168/14/5 164/15/5
f 145/16/150 146/17/150 147/18/150
f 148/19/151 149/20/151 150/10/151
f 151/21/152 152/22/152 153/23/152
f 154/24/153 155/25/153 156/26/153
f 157/27/154 158/28/154 159/29/154
f 160/30/155 161/1/155 162/31/155
f 163/32/156 164/33/156 165/34/156
f 166/35/157 167/36/157 168/14/157
f 145/16/158 152/22/158 151/21/158
f 148/19/159 147/12/159 146/37/159
f 149/20/160 156/26/160 150/10/160
f 155/38/161 152/11/161 156/26/161
f 151/21/162 164/33/162 163/32/162
f 166/35/163 155/38/163 154/39/163
f 167/40/164 164/15/164 168/14/164
f 163/32/165 158/6/165 157/27/165
f 166/9/166 162/5/166 167/40/166
f 159/3/167 162/5/167 161/1/167
f 145/16/168 159/29/168 146/17/168
f 160/30/169 148/42/169 161/1/169
f 151/21/170 157/27/170 145/16/170
f 185/1/1 170/2/1 183/3/1
f 191/40/171 182/6/171 189/4/171
f 178/7/172 184/8/172 190/9/172
f 174/10/173 176/11/173 171/12/173
f 177/13/5 192/14/5 188/15/5
f 169/16/174 170/17/174 171/18/174
f 172/19/175 173/20/175 174/10/175
f 175/21/176 176/22/176 177/23/176
f 178/24/177 179/25/177 180/26/177
f 181/27/178 182/28/178 183/29/178
f 184/30/179 185/1/179 186/31/179
f 187/32/180 188/33/180 189/34/180
f 190/35/181 191/36/181 192/14/181
f 169/16/182 176/22/182 175/21/182
f 172/19/183 171/12/183 170/37/183
f 178/24/184 174/10/184 173/20/184
f 179/38/185 176/11/185 180/26/185
f 175/21/186 188/33/186 187/32/186
f 190/35/187 179/38/187 178/39/187
f 191/40/188 188/15/188 192/14/188
f 181/27/189 189/4/189 182/6/189
f 184/8/190 191/40/190 190/9/190
f 183/3/191 186/5/191 185/1/191
f 169/16/192 183/29/192 170/17/192
f 184/30/193 172/42/193 185/1/193
f 175/21/194 181/27/194 169/16/194
f 207/3/1 196/42/1 194/2/1
f 215/40/195 206/6/195 213/4/195
f 214/9/196 197/43/196 208/8/196
f 198/10/197 200/11/197 195/12/197
f 203/38/5 212/15/5 201/13/5
f 193/16/198 194/17/198 195/18/198
f 196/19/199 197/20/199 198/10/199
f 199/21/200 200/22/200 201/23/200
f 202/24/201 203/25/201 204/26/201
f 205/27/202 206/28/202 207/29/202
f 208/30/203 209/1/203 210/31/203
f 211/32/204 212/33/204 213/34/204
f 214/35/205 215/36/205 216/14/205
f 199/21/206 195/18/206 200/22/206
f 194/37/207 198/10/207 195/12/207
f 197/20/208 204/26/208 198/10/208
f 201/13/209 204/26/209 203/38/209
f 211/32/210 201/23/210 212/33/210
f 202/39/211 216/14/211 203/38/211
f 213/4/212 216/14/212 215/40/212
f 205/27/213 213/4/213 206/6/213
f 208/8/214 215/40/214 214/9/214
f 209/1/215 206/6/215 210/5/215
f 205/27/216 194/17/216 193/16/216
f 197/41/217 209/1/217 208/30/217
f 211/32/218 193/16/218 199/21/218
f 233/1/1 218/2/1 231/3/1
f 239/40/219 230/6/219 237/4/219
f 226/7/220 232/8/220 238/9/220
f 219/12/221 228/26/221 224/11/221
f 225/13/5 240/14/5 236/15/5
f 217/16/222 218/17/222 219/18/222
f 220/19/223 221/20/223 222/10/223
f 223/21/224 224/22/224 225/23/224
f 226/24/225 227/25/225 228/26/225
f 229/27/226 230/28/226 231/29/226
f 232/30/227 233/1/227 234/31/227
f 235/32/228 236/33/228 237/34/228
f 238/35/229 239/36/229 240/14/229
f 223/21/230 219/18/230 224/22/230
f 218/37/231 222/10/231 219/12/231
f 221/20/232 228/26/232 222/10/232
f 225/13/233 228/26/233 227/38/233
f 223/21/234 236/33/234 235/32/234
f 238/35/235 227/38/235 226/39/235
f 239/40/236 236/15/236 240/14/236
f 235/32/237 230/6/237 229/27/237
f 232/8/238 239/40/238 238/9/238
f 231/3/239 234/5/239 233/1/239
f 217/16/240 231/29/240 218/17/240
f 232/30/241 220/42/241 233/1/241
f 223/21/242 229/27/242 217/16/242
f 257/1/1 242/2/1 255/3/1
f 263/40/243 254/6/243 261/4/243
f 250/7/244 256/8/244 262/9/244
f 246/10/245 248/11/245 243/12/245
f 249/13/5 264/14/5 260/15/5
f 241/16/246 242/17/246 243/18/246
f 244/19/247 245/20/247 246/10/247
f 247/21/248 248/22/248 249/23/248
f 250/24/249 251/25/249 252/26/249
f 253/27/250 254/28/250 255/29/250
f 256/30/251 257/1/251 258/31/251
f 259/32/252 260/33/252 261/34/252
f 262/35/253 263/36/253 264/14/253
f 241/16/254 248/22/254 247/21/254
f 244/19/255 243/12/255 242/37/255
f 245/20/256 252/26/256 246/10/256
f 251/38/257 248/11/257 252/26/257
f 247/21/258 260/33/258 259/32/258
f 262/35/259 251/38/259 250/39/259
f 263/40/260 260/15/260 264/14/260
f 259/32/261 254/6/261 253/27/261
f 256/8/262 263/40/262 262/9/262
f 255/3/263 258/5/263 257/1/263
f 241/16/264 255/29/264 242/17/264
f 256/30/265 244/42/265 257/1/265
f 259/32/266 241/16/266 247/21/266
f 279/3/1 268/42/1 266/2/1
f 285/4/267 282/5/267 278/6/267
f 286/9/268 269/43/268 280/8/268
f 270/10/269 272/11/269 267/12/269
f 275/38/5 284/15/5 273/13/5
f 265/16/270 266/17/270 267/18/270
f 268/19/271 269/20/271 270/10/271
f 271/21/272 272/22/272 273/23/272
f 274/24/273 275/25/273 276/26/273
f 277/27/274 278/28/274 279/29/274
f 280/30/275 281/1/275 282/31/275
f 283/32/276 284/33/276 285/34/276
f 286/35/277 287/36/277 288/14/277
f 265/16/278 272/22/278 271/21/278
f 266/37/279 270/10/279 267/12/279
f 274/24/280 270/10/280 269/20/280
f 273/13/281 276/26/281 275/38/281
f 283/32/282 273/23/282 284/33/282
f 274/39/283 288/14/283 275/38/283
f 285/4/284 288/14/284 287/40/284
f 283/32/285 278/6/285 277/27/285
f 286/9/286 282/5/286 287/40/286
f 281/1/287 278/6/287 282/5/287
f 277/27/288 266/17/288 265/16/288
f 269/41/289 281/1/289 280/30/289
f 283/32/290 265/16/290 271/21/290
f 303/3/1 292/42/1 290/2/1
f 311/40/291 302/6/291 309/4/291
f 298/7/292 304/8/292 310/9/292
f 291/12/293 300/26/293 296/11/293
f 299/38/5 308/15/5 297/13/5
f 289/16/294 290/17/294 291/18/294
f 292/19/295 293/20/295 294/10/295
f 295/21/296 296/22/296 297/23/296
f 298/24/297 299/25/297 300/26/297
f 301/27/298 302/28/298 303/29/298
f 304/30/299 305/1/299 306/31/299
f 307/32/300 308/33/300 309/34/300
f 310/35/301 311/36/301 312/14/301
f 289/16/302 296/22/302 295/21/302
f 290/37/303 294/10/303 291/12/303
f 298/24/304 294/10/304 293/20/304
f 297/13/305 300/26/305 299/38/305
f 307/32/306 297/23/306 308/33/306
f 298/39/307 312/14/307 299/38/307
f 309/4/308 312/14/308 311/40/308
f 307/32/309 302/6/309 301/27/309
f 304/8/310 311/40/310 310/9/310
f 305/1/311 302/6/311 306/5/311
f 301/27/312 290/17/312 289/16/312
f 293/41/313 305/1/313 304/30/313
f 307/32/314 289/16/314 295/21/314
f 327/3/1 316/42/1 314/2/1
f 335/40/315 326/6/315 333/4/315
f 322/7/316 328/8/316 334/9/316
f 318/10/317 320/11/317 315/12/317
f 323/38/5 332/15/5 321/13/5
f 313/16/318 314/17/318 315/18/318
f 316/19/319 317/20/319 318/10/319
f 319/21/320 320/22/320 321/23/320
f 322/24/321 323/25/321 324/26/321
f 325/27/322 326/28/322 327/29/322
f 328/30/323 329/1/323 330/31/323
f 331/32/324 332/33/324 333/34/324
f 334/35/325 335/36/325 336/14/325
f 313/16/326 320/22/326 319/21/326
f 316/19/327 315/12/327 314/37/327
f 322/24/328 318/10/328 317/20/328
f 323/38/329 320/11/329 324/26/329
f 331/32/330 321/23/330 332/33/330
f 322/39/331 336/14/331 323/38/331
f 335/40/332 332/15/332 336/14/332
f 331/32/333 326/6/333 325/27/333
f 328/8/334 335/40/334 334/9/334
f 327/3/335 330/5/335 329/1/335
f 325/27/336 314/17/336 313/16/336
f 317/41/337 329/1/337 328/30/337
f 331/32/338 313/16/338 319/21/338
f 353/1/1 338/2/1 351/3/1
f 359/40/339 350/6/339 357/4/339
f 346/7/340 352/8/340 358/9/340
f 342/10/341 344/11/341 339/12/341
f 345/13/5 360/14/5 356/15/5
f 337/16/342 338/17/342 339/18/342
f 340/19/343 341/20/343 342/10/343
f 343/21/344 344/22/344 345/23/344
f 346/24/345 347/25/345 348/26/345
f 349/27/346 350/28/346 351/29/346
f 352/30/347 353/1/347 354/31/347
f 355/32/348 356/33/348 357/34/348
f 358/35/349 359/36/349 360/14/349
f 337/16/350 344/22/350 343/21/350
f 340/19/351 339/12/351 338/37/351
f 346/24/352 342/10/352 341/20/352
f 347/38/353 344/11/353 348/26/353
f 343/21/354 356/33/354 355/32/354
f 358/35/355 347/38/355 346/39/355
f 359/40/356 356/15/356 360/14/356
f 355/32/357 350/6/357 349/27/357
f 352/8/358 359/40/358 358/9/358
f 351/3/359 354/5/359 353/1/359
f 337/16/360 351/29/360 338/17/360
f 352/30/361 340/42/361 353/1/361
f 355/32/362 337/16/362 343/21/362
f 377/1/1 362/2/1 375/3/1
f 383/40/363 374/6/363 381/4/363
f 382/9/364 365/43/364 376/8/364
f 363/12/365 372/26/365 368/11/365
f 369/13/5 384/14/5 380/15/5
f 361/16/366 362/17/366 363/18/366
f 364/19/367 365/20/367 366/10/367
f 367/21/368 368/22/368 369/23/368
f 370/24/369 371/25/369 372/26/369
f 373/27/370 374/28/370 375/29/370
f 376/30/371 377/1/371 378/31/371
f 379/32/372 380/33/372 381/34/372
f 382/35/373 383/36/373 384/14/373
f 361/16/374 368/22/374 367/21/374
f 364/19/375 363/12/375 362/37/375
f 370/24/376 366/10/376 365/20/376
f 371/38/377 368/11/377 372/26/377
f 367/21/378 380/33/378 379/32/378
f 382/35/379 371/38/379 370/39/379
f 383/40/380 380/15/380 384/14/380
f 379/32/381 374/6/381 373/27/381
f 376/8/382 383/40/382 382/9/382
f 375/3/383 378/5/383 377/1/383
f 361/16/384 375/29/384 362/17/384
f 376/30/385 364/42/385 377/1/385
f 379/32/386 361/16/386 367/21/386
f 399/3/1 388/42/1 386/2/1
f 407/40/387 398/6/387 405/4/387
f 406/9/388 389/43/388 400/8/388
f 390/10/389 392/11/389 387/12/389
f 395/38/5 404/15/5 393/13/5
f 385/16/390 386/17/390 387/18/390
f 388/19/391 389/20/391 390/10/391
f 391/21/392 392/22/392 393/23/392
f 394/24/393 395/25/393 396/26/393
f 397/27/394 398/28/394 399/29/394
f 400/30/395 401/1/395 402/31/395
f 403/32/396 404/33/396 405/34/396
f 406/35/397 407/36/397 408/14/397
f 385/16/398 392/22/398 391/21/398
f 386/37/399 390/10/399 387/12/399
f 394/24/400 390/10/400 389/20/400
f 393/13/401 396/26/401 395/38/401
f 403/32/402 393/23/402 404/33/402
f 394/39/403 408/14/403 395/38/403
f 405/4/404 408/14/404 407/40/404
f 397/27/405 405/4/405 398/6/405
f 400/8/406 407/40/406 406/9/406
f 401/1/407 398/6/407 402/5/407
f 397/27/408 386/17/408 385/16/408
f 389/41/409 401/1/409 400/30/409
f 403/32/410 385/16/410 391/21/410
f 423/3/1 412/42/1 410/2/1
f 431/40/411 422/6/411 429/4/411
f 430/9/412 413/43/412 424/8/412
f 414/10/413 416/11/413 411/12/413
f 419/38/5 428/15/5 417/13/5
f 409/16/414 410/17/414 411/18/414
f 412/19/415 413/20/415 414/10/415
f 415/21/416 416/22/416 417/23/416
f 418/24/417 419/25/417 420/26/417
f 421/27/418 422/28/418 423/29/418
f 424/30/419 425/1/419 426/31/419
f 427/32/420 428/33/420 429/34/420
f 430/35/421 431/36/421 432/14/421
f 409/16/422 416/22/422 415/21/422
f 410/37/423 414/10/423 411/12/423
f 418/24/424 414/10/424 413/20/424
f 417/13/425 420/26/425 419/38/425
f 427/32/426 417/23/426 428/33/426
f 418/39/427 432/14/427 419/38/427
f 429/4/428 432/14/428 431/40/428
f 427/32/429 422/6/429 421/27/429
f 430/9/430 426/5/430 431/40/430
f 425/1/431 422/6/431 426/5/431
f 421/27/432 410/17/432 409/16/432
f 413/41/433 425/1/433 424/30/433
f 427/32/434 409/16/434 415/21/434
f 449/1/1 434/2/1 447/3/1
f 453/4/435 450/5/435 446/6/435
f 454/9/436 437/43/436 448/8/436
f 438/10/437 440/11/437 435/12/437
f 441/13/5 456/14/5 452/15/5
f 433/16/438 434/17/438 435/18/438
f 436/19/439 437/20/439 438/10/439
f 439/21/440 440/22/440 441/23/440
f 442/24/441 443/25/441 444/26/441
f 445/27/442 446/28/442 447/29/442
f 448/30/443 449/1/443 450/31/443
f 451/32/444 452/33/444 453/34/444
f 454/35/445 455/36/445 456/14/445
f 439/21/446 435/18/446 440/22/446
f 436/19/447 435/12/447 434/37/447
f 442/24/448 438/10/448 437/20/448
f 443/38/449 440/11/449 444/26/449
f 439/21/450 452/33/450 451/32/450
f 454/35/451 443/38/451 442/39/451
f 455/40/452 452/15/452 456/14/452
f 451/32/453 446/6/453 445/27/453
f 448/8/454 455/40/454 454/9/454
f 447/3/455 450/5/455 449/1/455
f 433/16/456 447/29/456 434/17/456
f 448/30/457 436/42/457 449/1/457
f 439/21/458 445/27/458 433/16/458
f 473/1/1 458/2/1 471/3/1
f 479/40/459 470/6/459 477/4/459
f 466/7/460 472/8/460 478/9/460
f 462/10/461 464/11/461 459/12/461
f 465/13/5 480/14/5 476/15/5
f 457/16/462 458/17/462 459/18/462
f 460/19/463 461/20/463 462/10/463
f 463/21/464 464/22/464 465/23/464
f 466/24/465 467/25/465 468/26/465
f 469/27/466 470/28/466 471/29/466
f 472/30/467 473/1/467 474/31/467
f 475/32/468 476/33/468 477/34/468
f 478/35/469 479/36/469 480/14/469
f 457/16/470 464/22/470 463/21/470
f 460/19/471 459/12/471 458/37/471
f 466/24/472 462/10/472 461/20/472
f 467/38/473 464/11/473 468/26/473
f 463/21/474 476/33/474 475/32/474
f 478/35/475 467/38/475 466/39/475
f 479/40/476 476/15/476 480/14/476
f 475/32/477 470/6/477 469/27/477
f 478/9/478 474/5/478 479/40/478
f 471/3/479 474/5/479 473/1/479
f 457/16/480 471/29/480 458/17/480
f 472/30/481 460/42/481 473/1/481
f 475/32/482 457/16/482 463/21/482
f 495/3/1 484/42/1 482/2/1
f 503/40/483 494/6/483 501/4/483
f 490/7/484 496/8/484 502/9/484
f 486/10/485 488/11/485 483/12/485
f 491/38/5 500/15/5 489/13/5
f 481/16/486 482/17/486 483/18/486
f 484/19/487 485/20/487 486/10/487
f 487/21/488 488/22/488 489/23/488
f 490/24/489 491/25/489 492/26/489
f 493/27/490 494/28/490 495/29/490
f 496/30/491 497/1/491 498/31/491
f 499/32/492 500/33/492 501/34/492
f 502/35/493 503/36/493 504/14/493
f 481/16/494 488/22/494 487/21/494
f 482/37/495 486/10/495 483/12/495
f 490/24/496 486/10/496 485/20/496
f 489/13/497 492/26/497 491/38/497
f 499/32/498 489/23/498 500/33/498
f 490/39/499 504/14/499 491/38/499
f 501/4/500 504/14/500 503/40/500
f 499/32/501 494/6/501 493/27/501
f 496/8/502 503/40/502 502/9/502
f 497/1/503 494/6/503 498/5/503
f 493/27/504 482/17/504 481/16/504
f 485/41/505 497/1/505 496/30/505
f 499/32/506 481/16/506 487/21/506
f 519/3/1 508/42/1 506/2/1
f 525/4/507 522/5/507 518/6/507
f 514/7/508 520/8/508 526/9/508
f 510/10/509 512/11/509 507/12/509
f 515/38/5 524/15/5 513/13/5
f 505/16/510 506/17/510 507/18/510
f 508/19/511 509/20/511 510/10/511
f 511/21/512 512/22/512 513/23/512
f 514/24/513 515/25/513 516/26/513
f 517/27/514 518/28/514 519/29/514
f 520/30/515 521/1/515 522/31/515
f 523/32/516 524/33/516 525/34/516
f 526/35/517 527/36/517 528/14/517
f 511/21/518 507/18/518 512/22/518
f 506/37/519 510/10/519 507/12/519
f 514/24/520 510/10/520 509/20/520
f 513/13/521 516/26/521 515/38/521
f 523/32/522 513/23/522 524/33/522
f 514/39/523 528/14/523 515/38/523
f 525/4/524 528/14/524 527/40/524
f 523/32/525 518/6/525 517/27/525
f 520/8/526 527/40/526 526/9/526
f 521/1/527 518/6/527 522/5/527
f 517/27/528 506/17/528 505/16/528
f 509/41/529 521/1/529 520/30/529
f 523/32/530 505/16/530 511/21/530
f 545/1/1 530/2/1 543/3/1
f 551/40/531 542/6/531 549/4/531
f 550/9/532 533/43/532 544/8/532
f 534/10/533 536/11/533 531/12/533
f 537/13/5 552/14/5 548/15/5
f 529/16/534 530/17/534 531/18/534
f 532/19/535 533/20/535 534/10/535
f 535/21/536 536/22/536 537/23/536
f 538/24/537 539/25/537 540/26/537
f 541/27/538 542/28/538 543/29/538
f 544/30/539 545/1/539 546/31/539
f 547/32/540 548/33/540 549/34/540
f 550/35/541 551/36/541 552/14/541
f 529/16/542 536/22/542 535/21/542
f 530/37/543 534/10/543 531/12/543
f 538/24/544 534/10/544 533/20/544
f 537/13/545 540/26/545 539/38/545
f 535/21/546 548/33/546 547/32/546
f 550/35/547 539/38/547 538/39/547
f 551/40/548 548/15/548 552/14/548
f 547/32/549 542/6/549 541/27/549
f 544/8/550 551/40/550 550/9/550
f 543/3/551 546/5/551 545/1/551
f 529/16/552 543/29/552 530/17/552
f 544/30/553 532/42/553 545/1/553
f 535/21/554 541/27/554 529/16/554
f 569/1/1 554/2/1 567/3/1
f 575/40/555 566/6/555 573/4/555
f 562/7/556 568/8/556 574/9/556
f 558/10/557 560/11/557 555/12/557
f 561/13/5 576/14/5 572/15/5
f 553/16/558 554/17/558 555/18/558
f 556/19/559 557/20/559 558/10/559
f 559/21/560 560/22/560 561/23/560
f 562/24/561 563/25/561 564/26/561
f 565/27/562 566/28/562 567/29/562
f 568/30/563 569/1/563 570/31/563
f 571/32/564 572/33/564 573/34/564
f 574/35/565 575/36/565 576/14/565
f 553/16/566 560/22/566 559/21/566
f 556/19/567 555/12/567 554/37/567
f 562/24/568 558/10/568 557/20/568
f 563/38/569 560/11/569 564/26/569
f 559/21/570 572/33/570 571/32/570
f 574/35/571 563/38/571 562/39/571
f 575/40/572 572/15/572 576/14/572
f 571/32/573 566/6/573 565/27/573
f 568/8/574 575/40/574 574/9/574
f 567/3/575 570/5/575 569/1/575
f 553/16/576 567/29/576 554/17/576
f 568/30/577 556/42/577 569/1/577
f 571/32/578 553/16/578 559/21/578
f 593/1/1 578/2/1 591/3/1
f 599/40/579 590/6/579 597/4/579
f 586/7/580 592/8/580 598/9/580
f 582/10/581 584/11/581 579/12/581
f 585/13/5 600/14/5 596/15/5
f 577/16/582 578/17/582 579/18/582
f 580/19/583 581/20/583 582/10/583
f 583/21/584 584/22/584 585/23/584
f 586/24/585 587/25/585 588/26/585
f 589/27/586 590/28/586 591/29/586
f 592/30/587 593/1/587 594/31/587
f 595/32/588 596/33/588 597/34/588
f 598/35/589 599/36/589 600/14/589
f 583/21/590 579/18/590 584/22/590
f 580/19/591 579/12/591 578/37/591
f 586/24/592 582/10/592 581/20/592
f 587/38/593 584/11/593 588/26/593
f 583/21/594 596/33/594 595/32/594
f 598/35/595 587/38/595 586/39/595
f 599/40/596 596/15/596 600/14/596
f 595/32/597 590/6/597 589/27/597
f 592/8/598 599/40/598 598/9/598
f 591/3/599 594/5/599 593/1/599
f 577/16/600 591/29/600 578/17/600
f 592/30/601 580/42/601 593/1/601
f 583/21/602 589/27/602 577/16/602
f 615/3/1 604/42/1 602/2/1
f 623/40/603 614/6/603 621/4/603
f 622/9/604 605/43/604 616/8/604
f 606/10/605 608/11/605 603/12/605
f 611/38/5 620/15/5 609/13/5
f 601/16/606 602/17/606 603/18/606
f 604/19/607 605/20/607 606/10/607
f 607/21/608 608/22/608 609/23/608
f 610/24/609 611/25/609 612/26/609
f 613/27/610 614/28/610 615/29/610
f 616/30/611 617/1/611 618/31/611
f 619/32/612 620/33/612 621/34/612
f 622/35/613 623/36/613 624/14/613
f 601/16/614 608/22/614 607/21/614
f 602/37/615 606/10/615 603/12/615
f 610/24/616 606/10/616 605/20/616
f 609/13/617 612/26/617 611/38/617
f 619/32/618 609/23/618 620/33/618
f 610/39/619 624/14/619 611/38/619
f 621/4/620 624/14/620 623/40/620
f 619/32/621 614/6/621 613/27/621
f 616/8/622 623/40/622 622/9/622
f 617/1/623 614/6/623 618/5/623
f 613/27/624 602/17/624 601/16/624
f 605/41/625 617/1/625 616/30/625
f 619/32/626 601/16/626 607/21/626
f 639/3/1 628/42/1 626/2/1
f 645/4/627 642/5/627 638/6/627
f 634/7/628 640/8/628 646/9/628
f 630/10/629 632/11/629 627/12/629
f 635/38/5 644/15/5 633/13/5
f 625/16/630 626/17/630 627/18/630
f 628/19/631 629/20/631 630/10/631
f 631/21/632 632/22/632 633/23/632
f 634/24/633 635/25/633 636/26/633
f 637/27/634 638/28/634 639/29/634
f 640/30/635 641/1/635 642/31/635
f 643/32/636 644/33/636 645/34/636
f 646/35/637 647/36/637 648/14/637
f 631/21/638 627/18/638 632/22/638
f 626/37/639 630/10/639 627/12/639
f 634/24/640 630/10/640 629/20/640
f 633/13/641 636/26/641 635/38/641
f 643/32/642 633/23/642 644/33/642
f 634/39/643 648/14/643 635/38/643
f 647/40/644 644/15/644 648/14/644
f 643/32/645 638/6/645 637/27/645
f 646/9/646 642/5/646 647/40/646
f 639/3/647 642/5/647 641/1/647
f 637/27/648 626/17/648 625/16/648
f 629/41/649 641/1/649 640/30/649
f 643/32/650 625/16/650 631/21/650
f 665/1/1 650/2/1 663/3/1
f 671/40/651 662/6/651 669/4/651
f 658/7/652 664/8/652 670/9/652
f 651/12/653 660/26/653 656/11/653
f 657/13/5 672/14/5 668/15/5
f 649/16/654 650/17/654 651/18/654
f 652/19/655 653/20/655 654/10/655
f 655/21/656 656/22/656 657/23/656
f 658/24/657 659/25/657 660/26/657
f 661/27/658 662/28/658 663/29/658
f 664/30/659 665/1/659 666/31/659
f 667/32/660 668/33/660 669/34/660
f 670/35/661 671/36/661 672/14/661
f 649/16/662 656/22/662 655/21/662
f 652/19/663 651/12/663 650/37/663
f 653/20/664 660/26/664 654/10/664
f 659/38/665 656/11/665 660/26/665
f 655/21/666 668/33/666 667/32/666
f 670/35/667 659/38/667 658/39/667
f 671/40/668 668/15/668 672/14/668
f 667/32/669 662/6/669 661/27/669
f 664/8/670 671/40/670 670/9/670
f 663/3/671 666/5/671 665/1/671
f 649/16/672 663/29/672 650/17/672
f 664/30/673 652/42/673 665/1/673
f 667/32/674 649/16/674 655/21/674
f 687/3/1 676/42/1 674/2/1
f 695/40/675 686/6/675 693/4/675
f 682/7/676 688/8/676 694/9/676
f 678/10/677 680/11/677 675/12/677
f 683/38/5 692/15/5 681/13/5
f 673/16/678 674/17/678 675/18/678
f 676/19/679 677/20/679 678/10/679
f 679/21/680 680/22/680 681/23/680
f 682/24/681 683/25/681 684/26/681
f 685/27/682 686/28/682 687/29/682
f 688/30/683 689/1/683 690/31/683
f 691/32/684 692/33/684 693/34/684
f 694/35/685 695/36/685 696/14/685
f 673/16/686 680/22/686 679/21/686
f 674/37/687 678/10/687 675/12/687
f 682/24/688 678/10/688 677/20/688
f 681/13/689 684/26/689 683/38/689
f 691/32/690 681/23/690 692/33/690
f 682/39/691 696/14/691 683/38/691
f 693/4/692 696/14/692 695/40/692
f 691/32/693 686/6/693 685/27/693
f 688/8/694 695/40/694 694/9/694
f 689/1/695 686/6/695 690/5/695
f 685/27/696 674/17/696 673/16/696
f 677/41/697 689/1/697 688/30/697
f 679/21/698 685/27/698 673/16/698
f 711/3/1 700/42/1 698/2/1
f 719/40/699 710/6/699 717/4/699
f 706/7/700 712/8/700 718/9/700
f 702/10/701 704/11/701 699/12/701
f 707/38/5 716/15/5 705/13/5
f 697/16/702 698/17/702 699/18/702
f 700/19/703 701/20/703 702/10/703
f 703/21/704 704/22/704 705/23/704
f 706/24/705 707/25/705 708/26/705
f 709/27/706 710/28/706 711/29/706
f 712/30/707 713/1/707 714/31/707
f 715/32/708 716/33/708 717/34/708
f 718/35/709 719/36/709 720/14/709
f 697/16/710 704/22/710 703/21/710
f 698/37/711 702/10/711 699/12/711
f 706/24/712 702/10/712 701/20/712
f 705/13/713 708/26/713 707/38/713
f 715/32/714 705/23/714 716/33/714
f 706/39/715 720/14/715 707/38/715
f 717/4/716 720/14/716 719/40/716
f 715/32/717 710/6/717 709/27/717
f 712/8/718 719/40/718 718/9/718
f 713/1/719 710/6/719 714/5/719
f 709/27/720 698/17/720 697/16/720
f 701/41/721 713/1/721 712/30/721
f 715/32/722 697/16/722 703/21/722
f 735/3/1 724/42/1 722/2/1
f 741/4/723 738/5/723 734/6/723
f 730/7/724 736/8/724 742/9/724
f 723/12/725 732/26/725 728/11/725
f 731/38/5 740/15/5 729/13/5
f 721/16/726 722/17/726 723/18/726
f 724/19/727 725/20/727 726/10/727
f 727/21/728 728/22/728 729/23/728
f 730/24/729 731/25/729 732/26/729
f 733/27/730 734/28/730 735/29/730
f 736/30/731 737/1/731 738/31/731
f 739/32/732 740/33/732 741/34/732
f 742/35/733 743/36/733 744/14/733
f 721/16/734 728/22/734 727/21/734
f 722/37/735 726/10/735 723/12/735
f 730/24/736 726/10/736 725/20/736
f 729/13/737 732/26/737 731/38/737
f 739/32/738 729/23/738 740/33/738
f 730/39/739 744/14/739 731/38/739
f 741/4/740 744/14/740 743/40/740
f 739/32/741 734/6/741 733/27/741
f 736/8/742 743/40/742 742/9/742
f 737/1/743 734/6/743 738/5/743
f 733/27/744 722/17/744 721/16/744
f 725/41/745 737/1/745 736/30/745
f 727/21/746 733/27/746 721/16/746
f 761/1/1 746/2/1 759/3/1
f 765/4/747 762/5/747 758/6/747
f 754/7/748 760/8/748 766/9/748
f 750/10/749 752/11/749 747/12/749
f 753/13/5 768/14/5 764/15/5
f 745/16/750 746/17/750 747/18/750
f 748/19/751 749/20/751 750/10/751
f 751/21/752 752/22/752 753/23/752
f 754/24/753 755/25/753 756/26/753
f 757/27/754 758/28/754 759/29/754
f 760/30/755 761/1/755 762/31/755
f 763/32/756 764/33/756 765/34/756
f 766/35/757 767/36/757 768/14/757
f 745/16/758 752/22/758 751/21/758
f 748/19/759 747/12/759 746/37/759
f 754/24/760 750/10/760 749/20/760
f 755/38/761 752/11/761 756/26/761
f 751/21/762 764/33/762 763/32/762
f 766/35/763 755/38/763 754/39/763
f 767/40/764 764/15/764 768/14/764
f 763/32/765 758/6/765 757/27/765
f 760/8/766 767/40/766 766/9/766
f 759/3/767 762/5/767 761/1/767
f 745/16/768 759/29/768 746/17/768
f 760/30/769 748/42/769 761/1/769
f 763/32/770 745/16/770 751/21/770
f 785/1/1 770/2/1 783/3/1
f 789/4/771 786/5/771 782/6/771
f 778/7/772 784/8/772 790/9/772
f 774/10/773 776/11/773 771/12/773
f 777/13/5 792/14/5 788/15/5
f 769/16/774 770/17/774 771/18/774
f 772/19/775 773/20/775 774/10/775
f 775/21/776 776/22/776 777/23/776
f 778/24/777 779/25/777 780/26/777
f 781/27/778 782/28/778 783/29/778
f 784/30/779 785/1/779 786/31/779
f 787/32/780 788/33/780 789/34/780
f 790/35/781 791/36/781 792/14/781
f 769/16/782 776/22/782 775/21/782
f 772/19/783 771/12/783 770/37/783
f 778/24/784 774/10/784 773/20/784
f 779/38/785 776/11/785 780/26/785
f 775/21/786 788/33/786 787/32/786
f 790/35/787 779/38/787 778/39/787
f 791/40/788 788/15/788 792/14/788
f 781/27/789 789/4/789 782/6/789
f 784/8/790 791/40/790 790/9/790
f 783/3/791 786/5/791 785/1/791
f 769/16/792 783/29/792 770/17/792
f 784/30/793 772/42/793 785/1/793
f 787/32/794 769/16/794 775/21/794
f 809/1/1 794/2/1 807/3/1
f 815/40/795 806/6/795 813/4/795
f 802/7/796 808/8/796 814/9/796
f 795/12/797 804/26/797 800/11/797
f 801/13/5 816/14/5 812/15/5
f 793/16/798 794/17/798 795/18/798
f 796/19/799 797/20/799 798/10/799
f 799/21/800 800/22/800 801/23/800
f 802/24/801 803/25/801 804/26/801
f 805/27/802 806/28/802 807/29/802
f 808/30/803 809/1/803 810/31/803
f 811/32/804 812/33/804 813/34/804
f 814/35/805 815/36/805 816/14/805
f 793/16/806 800/22/806 799/21/806
f 796/19/807 795/12/807 794/37/807
f 802/24/808 798/10/808 797/20/808
f 803/38/809 800/11/809 804/26/809
f 799/21/810 812/33/810 811/32/810
f 814/35/811 803/38/811 802/39/811
f 815/40/812 812/15/812 816/14/812
f 811/32/813 806/6/813 805/27/813
f 808/8/814 815/40/814 814/9/814
f 807/3/815 810/5/815 809/1/815
f 793/16/816 807/29/816 794/17/816
f 808/30/817 796/42/817 809/1/817
f 811/32/818 793/16/818 799/21/818
f 831/3/1 820/42/1 818/2/1
f 839/40/819 830/6/819 837/4/819
f 838/9/820 821/43/820 832/8/820
f 822/10/821 824/11/821 819/12/821
f 827/38/5 836/15/5 825/13/5
f 817/16/822 818/17/822 819/18/822
f 820/19/823 821/20/823 822/10/823
f 823/21/824 824/22/824 825/23/824
f 826/24/825 827/25/825 828/26/825
f 829/27/826 830/28/826 831/29/826
f 832/30/827 833/1/827 834/31/827
f 835/32/828 836/33/828 837/34/828
f 838/35/829 839/36/829 840/14/829
f 817/16/830 824/22/830 823/21/830
f 818/37/831 822/10/831 819/12/831
f 826/24/832 822/10/832 821/20/832
f 825/13/833 828/26/833 827/38/833
f 835/32/834 825/23/834 836/33/834
f 826/39/835 840/14/835 827/38/835
f 837/4/836 840/14/836 839/40/836
f 835/32/837 830/6/837 829/27/837
f 832/8/838 839/40/838 838/9/838
f 833/1/839 830/6/839 834/5/839
f 829/27/840 818/17/840 817/16/840
f 821/41/841 833/1/841 832/30/841
f 835/32/842 817/16/842 823/21/842
f 857/1/1 842/2/1 855/3/1
f 861/4/843 858/5/843 854/6/843
f 850/7/844 856/8/844 862/9/844
f 846/10/845 848/11/845 843/12/845
f 849/13/5 864/14/5 860/15/5
f 841/16/846 842/17/846 843/18/846
f 844/19/847 845/20/847 846/10/847
f 847/21/848 848/22/848 849/23/848
f 850/24/849 851/25/849 852/26/849
f 853/27/850 854/28/850 855/29/850
f 856/30/851 857/1/851 858/31/851
f 859/32/852 860/33/852 861/34/852
f 862/35/853 863/36/853 864/14/853
f 841/16/854 848/22/854 847/21/854
f 842/37/855 846/10/855 843/12/855
f 850/24/856 846/10/856 845/20/856
f 849/13/857 852/26/857 851/38/857
f 847/21/858 860/33/858 859/32/858
f 862/35/859 851/38/859 850/39/859
f 863/40/860 860/15/860 864/14/860
f 853/27/861 861/4/861 854/6/861
f 862/9/862 858/5/862 863/40/862
f 855/3/863 858/5/863 857/1/863
f 841/16/864 855/29/864 842/17/864
f 856/30/865 844/42/865 857/1/865
f 859/32/866 841/16/866 847/21/866
f 17/1/1 4/42/1 2/2/1
f 21/4/2 23/40/2 18/5/2
f 10/7/3 5/43/3 16/8/3
f 6/10/4 12/26/4 8/11/4
f 9/13/5 11/38/5 24/14/5
f 1/16/14 3/18/14 8/22/14
f 2/37/867 4/19/867 6/10/867
f 10/24/16 12/26/16 6/10/16
f 9/13/868 8/11/868 12/26/868
f 19/32/18 7/21/18 9/23/18
f 22/35/19 24/14/19 11/38/19
f 23/40/869 21/4/869 20/15/869
f 19/32/21 21/4/21 14/6/21
f 16/8/22 18/5/22 23/40/22
f 15/3/870 14/6/870 18/5/870
f 13/27/24 15/29/24 2/17/24
f 5/41/25 4/42/25 17/1/25
f 19/32/26 13/27/26 1/16/26
f 41/1/1 28/42/1 26/2/1
f 45/4/27 47/40/27 42/5/27
f 34/7/28 29/43/28 40/8/28
f 27/12/29 30/10/29 36/26/29
f 33/13/5 35/38/5 48/14/5
f 31/21/38 25/16/38 27/18/38
f 28/19/871 30/10/871 27/12/871
f 34/24/40 36/26/40 30/10/40
f 35/38/872 33/13/872 32/11/872
f 31/21/42 33/23/42 44/33/42
f 46/35/43 48/14/43 35/38/43
f 47/40/873 45/4/873 44/15/873
f 43/32/45 45/4/45 38/6/45
f 46/9/46 40/8/46 42/5/46
f 39/3/874 38/6/874 42/5/874
f 25/16/48 37/27/48 39/29/48
f 40/30/49 29/41/49 28/42/49
f 43/32/50 37/27/50 25/16/50
f 63/3/1 65/1/1 52/42/1
f 69/4/51 71/40/51 66/5/51
f 58/7/52 53/43/52 64/8/52
f 51/12/53 54/10/53 60/26/53
f 59/38/5 72/14/5 68/15/5
f 55/21/62 49/16/62 51/18/62
f 50/37/875 52/19/875 54/10/875
f 58/24/64 60/26/64 54/10/64
f 57/13/876 56/11/876 60/26/876
f 67/32/877 55/21/877 57/23/877
f 58/39/878 70/35/878 72/14/878
f 69/4/879 68/15/879 72/14/879
f 67/32/69 69/4/69 62/6/69
f 64/8/70 66/5/70 71/40/70
f 65/1/880 63/3/880 62/6/880
f 61/27/881 63/29/881 50/17/881
f 53/41/882 52/42/882 65/1/882
f 67/32/74 61/27/74 49/16/74
f 87/3/1 89/1/1 76/42/1
f 95/40/75 90/5/75 86/6/75
f 82/7/76 77/43/76 88/8/76
f 78/10/77 84/26/77 80/11/77
f 83/38/5 96/14/5 92/15/5
f 73/16/86 75/18/86 80/22/86
f 74/37/883 76/19/883 78/10/883
f 82/24/88 84/26/88 78/10/88
f 81/13/884 80/11/884 84/26/884
f 91/32/885 79/21/885 81/23/885
f 82/39/886 94/35/886 96/14/886
f 93/4/887 92/15/887 96/14/887
f 91/32/93 93/4/93 86/6/93
f 88/8/94 90/5/94 95/40/94
f 89/1/888 87/3/888 86/6/888
f 85/27/889 87/29/889 74/17/889
f 77/41/890 76/42/890 89/1/890
f 91/32/98 85/27/98 73/16/98
f 111/3/1 113/1/1 100/42/1
f 119/40/99 114/5/99 110/6/99
f 118/9/100 106/7/100 101/43/100
f 102/10/101 108/26/101 104/11/101
f 107/38/5 120/14/5 116/15/5
f 97/16/110 99/18/110 104/22/110
f 98/37/891 100/19/891 102/10/891
f 106/24/112 108/26/112 102/10/112
f 105/13/892 104/11/892 108/26/892
f 115/32/893 103/21/893 105/23/893
f 106/39/894 118/35/894 120/14/894
f 117/4/895 116/15/895 120/14/895
f 115/32/117 117/4/117 110/6/117
f 118/9/118 112/8/118 114/5/118
f 113/1/896 111/3/896 110/6/896
f 109/27/897 111/29/897 98/17/897
f 101/41/898 100/42/898 113/1/898
f 115/32/122 109/27/122 97/16/122
f 137/1/1 124/42/1 122/2/1
f 143/40/123 138/5/123 134/6/123
f 142/9/124 130/7/124 125/43/124
f 123/12/125 126/10/125 132/26/125
f 129/13/5 131/38/5 144/14/5
f 121/16/134 123/18/134 128/22/134
f 124/19/899 126/10/899 123/12/899
f 125/20/136 130/24/136 132/26/136
f 131/38/900 129/13/900 128/11/900
f 127/21/901 129/23/901 140/33/901
f 142/35/902 144/14/902 131/38/902
f 143/40/903 141/4/903 140/15/903
f 133/27/141 139/32/141 141/4/141
f 136/8/142 138/5/142 143/40/142
f 135/3/904 134/6/904 138/5/904
f 121/16/905 133/27/905 135/29/905
f 136/30/906 125/41/906 124/42/906
f 139/32/146 133/27/146 121/16/146
f 161/1/1 148/42/1 146/2/1
f 167/40/147 162/5/147 158/6/147
f 166/9/148 154/7/148 149/43/148
f 147/12/149 150/10/149 156/26/149
f 153/13/5 155/38/5 168/14/5
f 145/16/158 147/18/158 152/22/158
f 148/19/907 150/10/907 147/12/907
f 149/20/160 154/24/160 156/26/160
f 155/38/908 153/13/908 152/11/908
f 151/21/909 153/23/909 164/33/909
f 166/35/910 168/14/910 155/38/910
f 167/40/911 165/4/911 164/15/911
f 163/32/165 165/4/165 158/6/165
f 166/9/166 160/8/166 162/5/166
f 159/3/912 158/6/912 162/5/912
f 145/16/913 157/27/913 159/29/913
f 160/30/914 149/41/914 148/42/914
f 151/21/170 163/32/170 157/27/170
f 185/1/1 172/42/1 170/2/1
f 191/40/171 186/5/171 182/6/171
f 178/7/172 173/43/172 184/8/172
f 174/10/173 180/26/173 176/11/173
f 177/13/5 179/38/5 192/14/5
f 169/16/182 171/18/182 176/22/182
f 172/19/915 174/10/915 171/12/915
f 178/24/184 180/26/184 174/10/184
f 179/38/916 177/13/916 176/11/916
f 175/21/917 177/23/917 188/33/917
f 190/35/918 192/14/918 179/38/918
f 191/40/919 189/4/919 188/15/919
f 181/27/189 187/32/189 189/4/189
f 184/8/190 186/5/190 191/40/190
f 183/3/920 182/6/920 186/5/920
f 169/16/921 181/27/921 183/29/921
f 184/30/922 173/41/922 172/42/922
f 175/21/194 187/32/194 181/27/194
f 207/3/1 209/1/1 196/42/1
f 215/40/195 210/5/195 206/6/195
f 214/9/196 202/7/196 197/43/196
f 198/10/197 204/26/197 200/11/197
f 203/38/5 216/14/5 212/15/5
f 199/21/206 193/16/206 195/18/206
f 194/37/923 196/19/923 198/10/923
f 197/20/208 202/24/208 204/26/208
f 201/13/924 200/11/924 204/26/924
f 211/32/210 199/21/210 201/23/210
f 202/39/211 214/35/211 216/14/211
f 213/4/925 212/15/925 216/14/925
f 205/27/213 211/32/213 213/4/213
f 208/8/214 210/5/214 215/40/214
f 209/1/926 207/3/926 206/6/926
f 205/27/216 207/29/216 194/17/216
f 197/41/217 196/42/217 209/1/217
f 211/32/218 205/27/218 193/16/218
f 233/1/1 220/42/1 218/2/1
f 239/40/219 234/5/219 230/6/219
f 226/7/220 221/43/220 232/8/220
f 219/12/221 222/10/221 228/26/221
f 225/13/5 227/38/5 240/14/5
f 223/21/230 217/16/230 219/18/230
f 218/37/927 220/19/927 222/10/927
f 221/20/232 226/24/232 228/26/232
f 225/13/928 224/11/928 228/26/928
f 223/21/234 225/23/234 236/33/234
f 238/35/235 240/14/235 227/38/235
f 239/40/929 237/4/929 236/15/929
f 235/32/237 237/4/237 230/6/237
f 232/8/238 234/5/238 239/40/238
f 231/3/930 230/6/930 234/5/930
f 217/16/240 229/27/240 231/29/240
f 232/30/241 221/41/241 220/42/241
f 223/21/242 235/32/242 229/27/242
f 257/1/1 244/42/1 242/2/1
f 263/40/243 258/5/243 254/6/243
f 250/7/244 245/43/244 256/8/244
f 246/10/245 252/26/245 248/11/245
f 249/13/5 251/38/5 264/14/5
f 241/16/254 243/18/254 248/22/254
f 244/19/931 246/10/931 243/12/931
f 245/20/256 250/24/256 252/26/256
f 251/38/932 249/13/932 248/11/932
f 247/21/933 249/23/933 260/33/933
f 262/35/934 264/14/934 251/38/934
f 263/40/935 261/4/935 260/15/935
f 259/32/261 261/4/261 254/6/261
f 256/8/262 258/5/262 263/40/262
f 255/3/936 254/6/936 258/5/936
f 241/16/937 253/27/937 255/29/937
f 256/30/938 245/41/938 244/42/938
f 259/32/266 253/27/266 241/16/266
f 279/3/1 281/1/1 268/42/1
f 285/4/267 287/40/267 282/5/267
f 286/9/268 274/7/268 269/43/268
f 270/10/269 276/26/269 272/11/269
f 275/38/5 288/14/5 284/15/5
f 265/16/278 267/18/278 272/22/278
f 266/37/939 268/19/939 270/10/939
f 274/24/280 276/26/280 270/10/280
f 273/13/940 272/11/940 276/26/940
f 283/32/941 271/21/941 273/23/941
f 274/39/942 286/35/942 288/14/942
f 285/4/943 284/15/943 288/14/943
f 283/32/285 285/4/285 278/6/285
f 286/9/286 280/8/286 282/5/286
f 281/1/944 279/3/944 278/6/944
f 277/27/945 279/29/945 266/17/945
f 269/41/946 268/42/946 281/1/946
f 283/32/290 277/27/290 265/16/290
f 303/3/1 305/1/1 292/42/1
f 311/40/291 306/5/291 302/6/291
f 298/7/292 293/43/292 304/8/292
f 291/12/293 294/10/293 300/26/293
f 299/38/5 312/14/5 308/15/5
f 289/16/302 291/18/302 296/22/302
f 290/37/947 292/19/947 294/10/947
f 298/24/304 300/26/304 294/10/304
f 297/13/948 296/11/948 300/26/948
f 307/32/949 295/21/949 297/23/949
f 298/39/950 310/35/950 312/14/950
f 309/4/951 308/15/951 312/14/951
f 307/32/309 309/4/309 302/6/309
f 304/8/310 306/5/310 311/40/310
f 305/1/952 303/3/952 302/6/952
f 301/27/953 303/29/953 290/17/953
f 293/41/954 292/42/954 305/1/954
f 307/32/314 301/27/314 289/16/314
f 327/3/1 329/1/1 316/42/1
f 335/40/315 330/5/315 326/6/315
f 322/7/316 317/43/316 328/8/316
f 318/10/317 324/26/317 320/11/317
f 323/38/5 336/14/5 332/15/5
f 313/16/326 315/18/326 320/22/326
f 316/19/955 318/10/955 315/12/955
f 322/24/328 324/26/328 318/10/328
f 323/38/956 321/13/956 320/11/956
f 331/32/957 319/21/957 321/23/957
f 322/39/958 334/35/958 336/14/958
f 335/40/959 333/4/959 332/15/959
f 331/32/333 333/4/333 326/6/333
f 328/8/334 330/5/334 335/40/334
f 327/3/960 326/6/960 330/5/960
f 325/27/961 327/29/961 314/17/961
f 317/41/962 316/42/962 329/1/962
f 331/32/338 325/27/338 313/16/338
f 353/1/1 340/42/1 338/2/1
f 359/40/339 354/5/339 350/6/339
f 346/7/340 341/43/340 352/8/340
f 342/10/341 348/26/341 344/11/341
f 345/13/5 347/38/5 360/14/5
f 337/16/350 339/18/350 344/22/350
f 340/19/963 342/10/963 339/12/963
f 346/24/352 348/26/352 342/10/352
f 347/38/964 345/13/964 344/11/964
f 343/21/965 345/23/965 356/33/965
f 358/35/966 360/14/966 347/38/966
f 359/40/967 357/4/967 356/15/967
f 355/32/357 357/4/357 350/6/357
f 352/8/358 354/5/358 359/40/358
f 351/3/968 350/6/968 354/5/968
f 337/16/969 349/27/969 351/29/969
f 352/30/970 341/41/970 340/42/970
f 355/32/362 349/27/362 337/16/362
f 377/1/1 364/42/1 362/2/1
f 383/40/363 378/5/363 374/6/363
f 382/9/364 370/7/364 365/43/364
f 363/12/365 366/10/365 372/26/365
f 369/13/5 371/38/5 384/14/5
f 361/16/374 363/18/374 368/22/374
f 364/19/971 366/10/971 363/12/971
f 370/24/376 372/26/376 366/10/376
f 371/38/972 369/13/972 368/11/972
f 367/21/973 369/23/973 380/33/973
f 382/35/974 384/14/974 371/38/974
f 383/40/975 381/4/975 380/15/975
f 379/32/381 381/4/381 374/6/381
f 376/8/382 378/5/382 383/40/382
f 375/3/976 374/6/976 378/5/976
f 361/16/977 373/27/977 375/29/977
f 376/30/978 365/41/978 364/42/978
f 379/32/386 373/27/386 361/16/386
f 399/3/1 401/1/1 388/42/1
f 407/40/387 402/5/387 398/6/387
f 406/9/388 394/7/388 389/43/388
f 390/10/389 396/26/389 392/11/389
f 395/38/5 408/14/5 404/15/5
f 385/16/398 387/18/398 392/22/398
f 386/37/979 388/19/979 390/10/979
f 394/24/400 396/26/400 390/10/400
f 393/13/980 392/11/980 396/26/980
f 403/32/981 391/21/981 393/23/981
f 394/39/982 406/35/982 408/14/982
f 405/4/983 404/15/983 408/14/983
f 397/27/405 403/32/405 405/4/405
f 400/8/406 402/5/406 407/40/406
f 401/1/984 399/3/984 398/6/984
f 397/27/985 399/29/985 386/17/985
f 389/41/986 388/42/986 401/1/986
f 403/32/410 397/27/410 385/16/410
f 423/3/1 425/1/1 412/42/1
f 431/40/411 426/5/411 422/6/411
f 430/9/412 418/7/412 413/43/412
f 414/10/413 420/26/413 416/11/413
f 419/38/5 432/14/5 428/15/5
f 409/16/422 411/18/422 416/22/422
f 410/37/987 412/19/987 414/10/987
f 418/24/424 420/26/424 414/10/424
f 417/13/988 416/11/988 420/26/988
f 427/32/426 415/21/426 417/23/426
f 418/39/427 430/35/427 432/14/427
f 429/4/989 428/15/989 432/14/989
f 427/32/429 429/4/429 422/6/429
f 430/9/430 424/8/430 426/5/430
f 425/1/990 423/3/990 422/6/990
f 421/27/432 423/29/432 410/17/432
f 413/41/433 412/42/433 425/1/433
f 427/32/434 421/27/434 409/16/434
f 449/1/1 436/42/1 434/2/1
f 453/4/435 455/40/435 450/5/435
f 454/9/436 442/7/436 437/43/436
f 438/10/437 444/26/437 440/11/437
f 441/13/5 443/38/5 456/14/5
f 439/21/446 433/16/446 435/18/446
f 436/19/991 438/10/991 435/12/991
f 442/24/448 444/26/448 438/10/448
f 443/38/992 441/13/992 440/11/992
f 439/21/450 441/23/450 452/33/450
f 454/35/451 456/14/451 443/38/451
f 455/40/993 453/4/993 452/15/993
f 451/32/453 453/4/453 446/6/453
f 448/8/454 450/5/454 455/40/454
f 447/3/994 446/6/994 450/5/994
f 433/16/456 445/27/456 447/29/456
f 448/30/457 437/41/457 436/42/457
f 439/21/458 451/32/458 445/27/458
f 473/1/1 460/42/1 458/2/1
f 479/40/459 474/5/459 470/6/459
f 466/7/460 461/43/460 472/8/460
f 462/10/461 468/26/461 464/11/461
f 465/13/5 467/38/5 480/14/5
f 457/16/470 459/18/470 464/22/470
f 460/19/995 462/10/995 459/12/995
f 466/24/472 468/26/472 462/10/472
f 467/38/996 465/13/996 464/11/996
f 463/21/474 465/23/474 476/33/474
f 478/35/475 480/14/475 467/38/475
f 479/40/997 477/4/997 476/15/997
f 475/32/477 477/4/477 470/6/477
f 478/9/478 472/8/478 474/5/478
f 471/3/998 470/6/998 474/5/998
f 457/16/480 469/27/480 471/29/480
f 472/30/481 461/41/481 460/42/481
f 475/32/482 469/27/482 457/16/482
f 495/3/1 497/1/1 484/42/1
f 503/40/483 498/5/483 494/6/483
f 490/7/484 485/43/484 496/8/484
f 486/10/485 492/26/485 488/11/485
f 491/38/5 504/14/5 500/15/5
f 481/16/494 483/18/494 488/22/494
f 482/37/999 484/19/999 486/10/999
f 490/24/496 492/26/496 486/10/496
f 489/13/1000 488/11/1000 492/26/1000
f 499/32/1001 487/21/1001 489/23/1001
f 490/39/1002 502/35/1002 504/14/1002
f 501/4/1003 500/15/1003 504/14/1003
f 499/32/501 501/4/501 494/6/501
f 496/8/502 498/5/502 503/40/502
f 497/1/1004 495/3/1004 494/6/1004
f 493/27/1005 495/29/1005 482/17/1005
f 485/41/1006 484/42/1006 497/1/1006
f 499/32/506 493/27/506 481/16/506
f 519/3/1 521/1/1 508/42/1
f 525/4/507 527/40/507 522/5/507
f 514/7/508 509/43/508 520/8/508
f 510/10/509 516/26/509 512/11/509
f 515/38/5 528/14/5 524/15/5
f 511/21/518 505/16/518 507/18/518
f 506/37/1007 508/19/1007 510/10/1007
f 514/24/520 516/26/520 510/10/520
f 513/13/1008 512/11/1008 516/26/1008
f 523/32/1009 511/21/1009 513/23/1009
f 514/39/1010 526/35/1010 528/14/1010
f 525/4/1011 524/15/1011 528/14/1011
f 523/32/525 525/4/525 518/6/525
f 520/8/526 522/5/526 527/40/526
f 521/1/1012 519/3/1012 518/6/1012
f 517/27/1013 519/29/1013 506/17/1013
f 509/41/1014 508/42/1014 521/1/1014
f 523/32/530 517/27/530 505/16/530
f 545/1/1 532/42/1 530/2/1
f 551/40/531 546/5/531 542/6/531
f 550/9/532 538/7/532 533/43/532
f 534/10/533 540/26/533 536/11/533
f 537/13/5 539/38/5 552/14/5
f 529/16/542 531/18/542 536/22/542
f 530/37/1015 532/19/1015 534/10/1015
f 538/24/544 540/26/544 534/10/544
f 537/13/1016 536/11/1016 540/26/1016
f 535/21/1017 537/23/1017 548/33/1017
f 550/35/1018 552/14/1018 539/38/1018
f 551/40/1019 549/4/1019 548/15/1019
f 547/32/549 549/4/549 542/6/549
f 544/8/550 546/5/550 551/40/550
f 543/3/1020 542/6/1020 546/5/1020
f 529/16/1021 541/27/1021 543/29/1021
f 544/30/1022 533/41/1022 532/42/1022
f 535/21/554 547/32/554 541/27/554
f 569/1/1 556/42/1 554/2/1
f 575/40/555 570/5/555 566/6/555
f 562/7/556 557/43/556 568/8/556
f 558/10/557 564/26/557 560/11/557
f 561/13/5 563/38/5 576/14/5
f 553/16/566 555/18/566 560/22/566
f 556/19/1023 558/10/1023 555/12/1023
f 562/24/568 564/26/568 558/10/568
f 563/38/1024 561/13/1024 560/11/1024
f 559/21/1025 561/23/1025 572/33/1025
f 574/35/1026 576/14/1026 563/38/1026
f 575/40/1027 573/4/1027 572/15/1027
f 571/32/573 573/4/573 566/6/573
f 568/8/574 570/5/574 575/40/574
f 567/3/1028 566/6/1028 570/5/1028
f 553/16/1029 565/27/1029 567/29/1029
f 568/30/1030 557/41/1030 556/42/1030
f 571/32/578 565/27/578 553/16/578
f 593/1/1 580/42/1 578/2/1
f 599/40/579 594/5/579 590/6/579
f 586/7/580 581/43/580 592/8/580
f 582/10/581 588/26/581 584/11/581
f 585/13/5 587/38/5 600/14/5
f 583/21/590 577/16/590 579/18/590
f 580/19/1031 582/10/1031 579/12/1031
f 586/24/592 588/26/592 582/10/592
f 587/38/1032 585/13/1032 584/11/1032
f 583/21/1033 585/23/1033 596/33/1033
f 598/35/1034 600/14/1034 587/38/1034
f 599/40/1035 597/4/1035 596/15/1035
f 595/32/597 597/4/597 590/6/597
f 592/8/598 594/5/598 599/40/598
f 591/3/1036 590/6/1036 594/5/1036
f 577/16/1037 589/27/1037 591/29/1037
f 592/30/1038 581/41/1038 580/42/1038
f 583/21/602 595/32/602 589/27/602
f 615/3/1 617/1/1 604/42/1
f 623/40/603 618/5/603 614/6/603
f 622/9/604 610/7/604 605/43/604
f 606/10/605 612/26/605 608/11/605
f 611/38/5 624/14/5 620/15/5
f 601/16/614 603/18/614 608/22/614
f 602/37/1039 604/19/1039 606/10/1039
f 610/24/616 612/26/616 606/10/616
f 609/13/1040 608/11/1040 612/26/1040
f 619/32/1041 607/21/1041 609/23/1041
f 610/39/1042 622/35/1042 624/14/1042
f 621/4/1043 620/15/1043 624/14/1043
f 619/32/621 621/4/621 614/6/621
f 616/8/622 618/5/622 623/40/622
f 617/1/1044 615/3/1044 614/6/1044
f 613/27/1045 615/29/1045 602/17/1045
f 605/41/1046 604/42/1046 617/1/1046
f 619/32/626 613/27/626 601/16/626
f 639/3/1 641/1/1 628/42/1
f 645/4/627 647/40/627 642/5/627
f 634/7/628 629/43/628 640/8/628
f 630/10/629 636/26/629 632/11/629
f 635/38/5 648/14/5 644/15/5
f 631/21/638 625/16/638 627/18/638
f 626/37/1047 628/19/1047 630/10/1047
f 634/24/640 636/26/640 630/10/640
f 633/13/1048 632/11/1048 636/26/1048
f 643/32/1049 631/21/1049 633/23/1049
f 634/39/1050 646/35/1050 648/14/1050
f 647/40/1051 645/4/1051 644/15/1051
f 643/32/645 645/4/645 638/6/645
f 646/9/646 640/8/646 642/5/646
f 639/3/1052 638/6/1052 642/5/1052
f 637/27/1053 639/29/1053 626/17/1053
f 629/41/1054 628/42/1054 641/1/1054
f 643/32/650 637/27/650 625/16/650
f 665/1/1 652/42/1 650/2/1
f 671/40/651 666/5/651 662/6/651
f 658/7/652 653/43/652 664/8/652
f 651/12/653 654/10/653 660/26/653
f 657/13/5 659/38/5 672/14/5
f 649/16/662 651/18/662 656/22/662
f 652/19/1055 654/10/1055 651/12/1055
f 653/20/664 658/24/664 660/26/664
f 659/38/1056 657/13/1056 656/11/1056
f 655/21/666 657/23/666 668/33/666
f 670/35/667 672/14/667 659/38/667
f 671/40/1057 669/4/1057 668/15/1057
f 667/32/669 669/4/669 662/6/669
f 664/8/670 666/5/670 671/40/670
f 663/3/1058 662/6/1058 666/5/1058
f 649/16/672 661/27/672 663/29/672
f 664/30/673 653/41/673 652/42/673
f 667/32/674 661/27/674 649/16/674
f 687/3/1 689/1/1 676/42/1
f 695/40/675 690/5/675 686/6/675
f 682/7/676 677/43/676 688/8/676
f 678/10/677 684/26/677 680/11/677
f 683/38/5 696/14/5 692/15/5
f 673/16/686 675/18/686 680/22/686
f 674/37/1059 676/19/1059 678/10/1059
f 682/24/688 684/26/688 678/10/688
f 681/13/1060 680/11/1060 684/26/1060
f 691/32/1061 679/21/1061 681/23/1061
f 682/39/1062 694/35/1062 696/14/1062
f 693/4/1063 692/15/1063 696/14/1063
f 691/32/693 693/4/693 686/6/693
f 688/8/694 690/5/694 695/40/694
f 689/1/1064 687/3/1064 686/6/1064
f 685/27/1065 687/29/1065 674/17/1065
f 677/41/1066 676/42/1066 689/1/1066
f 679/21/698 691/32/698 685/27/698
f 711/3/1 713/1/1 700/42/1
f 719/40/699 714/5/699 710/6/699
f 706/7/700 701/43/700 712/8/700
f 702/10/701 708/26/701 704/11/701
f 707/38/5 720/14/5 716/15/5
f 697/16/710 699/18/710 704/22/710
f 698/37/1067 700/19/1067 702/10/1067
f 706/24/712 708/26/712 702/10/712
f 705/13/1068 704/11/1068 708/26/1068
f 715/32/1069 703/21/1069 705/23/1069
f 706/39/1070 718/35/1070 720/14/1070
f 717/4/1071 716/15/1071 720/14/1071
f 715/32/717 717/4/717 710/6/717
f 712/8/718 714/5/718 719/40/718
f 713/1/1072 711/3/1072 710/6/1072
f 709/27/1073 711/29/1073 698/17/1073
f 701/41/1074 700/42/1074 713/1/1074
f 715/32/722 709/27/722 697/16/722
f 735/3/1 737/1/1 724/42/1
f 741/4/723 743/40/723 738/5/723
f 730/7/724 725/43/724 736/8/724
f 723/12/725 726/10/725 732/26/725
f 731/38/5 744/14/5 740/15/5
f 721/16/734 723/18/734 728/22/734
f 722/37/1075 724/19/1075 726/10/1075
f 730/24/736 732/26/736 726/10/736
f 729/13/1076 728/11/1076 732/26/1076
f 739/32/1077 727/21/1077 729/23/1077
f 730/39/1078 742/35/1078 744/14/1078
f 741/4/1079 740/15/1079 744/14/1079
f 739/32/741 741/4/741 734/6/741
f 736/8/742 738/5/742 743/40/742
f 737/1/1080 735/3/1080 734/6/1080
f 733/27/1081 735/29/1081 722/17/1081
f 725/41/1082 724/42/1082 737/1/1082
f 727/21/746 739/32/746 733/27/746
f 761/1/1 748/42/1 746/2/1
f 765/4/747 767/40/747 762/5/747
f 754/7/748 749/43/748 760/8/748
f 750/10/749 756/26/749 752/11/749
f 753/13/5 755/38/5 768/14/5
f 745/16/758 747/18/758 752/22/758
f 748/19/1083 750/10/1083 747/12/1083
f 754/24/760 756/26/760 750/10/760
f 755/38/1084 753/13/1084 752/11/1084
f 751/21/1085 753/23/1085 764/33/1085
f 766/35/1086 768/14/1086 755/38/1086
f 767/40/1087 765/4/1087 764/15/1087
f 763/32/765 765/4/765 758/6/765
f 760/8/766 762/5/766 767/40/766
f 759/3/1088 758/6/1088 762/5/1088
f 745/16/1089 757/27/1089 759/29/1089
f 760/30/1090 749/41/1090 748/42/1090
f 763/32/770 757/27/770 745/16/770
f 785/1/1 772/42/1 770/2/1
f 789/4/771 791/40/771 786/5/771
f 778/7/772 773/43/772 784/8/772
f 774/10/773 780/26/773 776/11/773
f 777/13/5 779/38/5 792/14/5
f 769/16/782 771/18/782 776/22/782
f 772/19/1091 774/10/1091 771/12/1091
f 778/24/784 780/26/784 774/10/784
f 779/38/1092 777/13/1092 776/11/1092
f 775/21/1093 777/23/1093 788/33/1093
f 790/35/1094 792/14/1094 779/38/1094
f 791/40/1095 789/4/1095 788/15/1095
f 781/27/789 787/32/789 789/4/789
f 784/8/790 786/5/790 791/40/790
f 783/3/1096 782/6/1096 786/5/1096
f 769/16/1097 781/27/1097 783/29/1097
f 784/30/1098 773/41/1098 772/42/1098
f 787/32/794 781/27/794 769/16/794
f 809/1/1 796/42/1 794/2/1
f 815/40/795 810/5/795 806/6/795
f 802/7/796 797/43/796 808/8/796
f 795/12/797 798/10/797 804/26/797
f 801/13/5 803/38/5 816/14/5
f 793/16/806 795/18/806 800/22/806
f 796/19/1099 798/10/1099 795/12/1099
f 802/24/808 804/26/808 798/10/808
f 803/38/1100 801/13/1100 800/11/1100
f 799/21/1101 801/23/1101 812/33/1101
f 814/35/1102 816/14/1102 803/38/1102
f 815/40/1103 813/4/1103 812/15/1103
f 811/32/813 813/4/813 806/6/813
f 808/8/814 810/5/814 815/40/814
f 807/3/1104 806/6/1104 810/5/1104
f 793/16/1105 805/27/1105 807/29/1105
f 808/30/1106 797/41/1106 796/42/1106
f 811/32/818 805/27/818 793/16/818
f 831/3/1 833/1/1 820/42/1
f 839/40/819 834/5/819 830/6/819
f 838/9/820 826/7/820 821/43/820
f 822/10/821 828/26/821 824/11/821
f 827/38/5 840/14/5 836/15/5
f 817/16/830 819/18/830 824/22/830
f 818/37/1107 820/19/1107 822/10/1107
f 826/24/832 828/26/832 822/10/832
f 825/13/1108 824/11/1108 828/26/1108
f 835/32/834 823/21/834 825/23/834
f 826/39/835 838/35/835 840/14/835
f 837/4/1109 836/15/1109 840/14/1109
f 835/32/837 837/4/837 830/6/837
f 832/8/838 834/5/838 839/40/838
f 833/1/1110 831/3/1110 830/6/1110
f 829/27/840 831/29/840 818/17/840
f 821/41/841 820/42/841 833/1/841
f 835/32/842 829/27/842 817/16/842
f 857/1/1 844/42/1 842/2/1
f 861/4/843 863/40/843 858/5/843
f 850/7/844 845/43/844 856/8/844
f 846/10/845 852/26/845 848/11/845
f 849/13/5 851/38/5 864/14/5
f 841/16/1111 843/18/1111 848/22/1111
f 842/37/1112 844/19/1112 846/10/1112
f 850/24/856 852/26/856 846/10/856
f 849/13/1113 848/11/1113 852/26/1113
f 847/21/858 849/23/858 860/33/858
f 862/35/859 864/14/859 851/38/859
f 863/40/1114 861/4/1114 860/15/1114
f 853/27/861 859/32/861 861/4/861
f 862/9/862 856/8/862 858/5/862
f 855/3/1115 854/6/1115 858/5/1115
f 841/16/864 853/27/864 855/29/864
f 856/30/865 845/41/865 844/42/865
f 859/32/866 853/27/866 841/16/866
o Cube.001
v 0.314862 -1.257434 -3.748991
v 0.313683 -1.327429 -3.678991
v 0.384144 -1.328324 -3.748991
v 0.309482 -1.576737 -3.678991
v 0.308303 -1.646731 -3.748991
v 0.379000 -1.577622 -3.748991
v 0.314862 -1.257434 -5.608992
v 0.384144 -1.328323 -5.608991
v 0.313683 -1.327428 -5.678991
v 0.308303 -1.646731 -5.608992
v 0.309483 -1.576736 -5.678991
v 0.379000 -1.577622 -5.608992
v -0.314862 -1.257434 -3.748991
v -0.384144 -1.328324 -3.748991
v -0.313683 -1.327429 -3.678991
v -0.308303 -1.646731 -3.748991
v -0.309482 -1.576737 -3.678991
v -0.379000 -1.577623 -3.748991
v -0.314862 -1.257434 -5.608992
v -0.313683 -1.327428 -5.678991
v -0.384144 -1.328323 -5.608991
v -0.308303 -1.646731 -5.608992
v -0.379000 -1.577622 -5.608992
v -0.309482 -1.576736 -5.678991
v -1.457200 -1.282753 -3.748991
v -1.453651 -1.352706 -3.678991
v -1.383651 -1.350813 -3.748991
v -1.441012 -1.601863 -3.678991
v -1.437463 -1.671815 -3.748991
v -1.371109 -1.599973 -3.748991
v -1.457200 -1.282753 -5.608991
v -1.383651 -1.350812 -5.608992
v -1.453651 -1.352705 -5.678991
v -1.437463 -1.671815 -5.608992
v -1.441012 -1.601863 -5.678991
v -1.371109 -1.599972 -5.608992
v -2.078015 -1.299592 -3.748991
v -2.144997 -1.371455 -3.748991
v -2.075191 -1.369561 -3.678991
v -2.062304 -1.688751 -3.748991
v -2.065129 -1.618781 -3.678991
v -2.135225 -1.620680 -3.748991
v -2.078015 -1.299591 -5.608992
v -2.075190 -1.369561 -5.678991
v -2.144997 -1.371455 -5.608992
v -2.062304 -1.688750 -5.608992
v -2.135225 -1.620680 -5.608992
v -2.065129 -1.618780 -5.678991
v -3.200635 -1.308266 -3.748991
v -3.202648 -1.378251 -3.678991
v -3.133496 -1.379193 -3.748991
v -3.209816 -1.627523 -3.678991
v -3.211828 -1.697508 -3.748991
v -3.138992 -1.628488 -3.748991
v -3.200635 -1.308266 -5.608992
v -3.133496 -1.379193 -5.608992
v -3.202647 -1.378250 -5.678991
v -3.211828 -1.697507 -5.608992
v -3.209816 -1.627523 -5.678992
v -3.138992 -1.628488 -5.608992
v -3.809002 -1.290881 -3.748991
v -3.884490 -1.356648 -3.748991
v -3.816099 -1.360691 -3.678991
v -3.848477 -1.679148 -3.748991
v -3.841379 -1.609339 -3.678991
v -3.912529 -1.605139 -3.748991
v -3.809002 -1.290881 -5.608992
v -3.816099 -1.360690 -5.678991
v -3.884490 -1.356647 -5.608991
v -3.848476 -1.679148 -5.608992
v -3.912529 -1.605139 -5.608992
v -3.841379 -1.609338 -5.678991
v -4.884853 -1.181806 -3.748991
v -4.909132 -1.249543 -3.678991
v -4.843775 -1.260571 -3.748991
v -4.995605 -1.490809 -3.678991
v -5.019884 -1.558546 -3.748991
v -4.924927 -1.502813 -3.748991
v -4.884853 -1.181805 -5.608991
v -4.843775 -1.260571 -5.608992
v -4.909131 -1.249542 -5.678991
v -5.019883 -1.558546 -5.608992
v -4.995605 -1.490809 -5.678991
v -4.924927 -1.502813 -5.608992
v -5.421414 -1.043949 -3.748991
v -5.519220 -1.083214 -3.748991
v -5.463535 -1.106892 -3.678991
v -5.655683 -1.394025 -3.748991
v -5.613562 -1.331082 -3.678992
v -5.679066 -1.303786 -3.748991
v -5.421414 -1.043949 -5.608991
v -5.463535 -1.106892 -5.678991
v -5.519220 -1.083214 -5.608991
v -5.655683 -1.394024 -5.608992
v -5.679066 -1.303786 -5.608991
v -5.613562 -1.331082 -5.678991
v -6.125257 -0.581285 -3.748991
v -6.209759 -0.614809 -3.678991
v -6.183701 -0.656339 -3.748991
v -6.510741 -0.734217 -3.678991
v -6.595243 -0.767741 -3.748991
v -6.477467 -0.784900 -3.748991
v -6.125257 -0.581284 -5.608992
v -6.183701 -0.656339 -5.608992
v -6.209759 -0.614809 -5.678991
v -6.595243 -0.767741 -5.608992
v -6.510741 -0.734217 -5.678991
v -6.477466 -0.784900 -5.608992
v -6.281651 -0.216440 -3.748991
v -6.384894 -0.181105 -3.748991
v -6.376686 -0.227567 -3.678991
v -6.810222 -0.278325 -3.748991
v -6.715186 -0.267198 -3.678991
v -6.724990 -0.212698 -3.748991
v -6.281650 -0.216440 -5.608992
v -6.376686 -0.227567 -5.678991
v -6.384894 -0.181105 -5.608991
v -6.810222 -0.278325 -5.608992
v -6.724990 -0.212698 -5.608991
v -6.715186 -0.267198 -5.678991
v -6.186477 0.485681 -3.748991
v -6.275331 0.512607 -3.678991
v -6.302349 0.471412 -3.748991
v -6.591811 0.608511 -3.678991
v -6.680665 0.635437 -3.748991
v -6.624125 0.557494 -3.748991
v -6.186477 0.485681 -5.608991
v -6.302349 0.471412 -5.608992
v -6.275331 0.512607 -5.678991
v -6.680665 0.635437 -5.608991
v -6.591811 0.608511 -5.678991
v -6.624125 0.557494 -5.608992
v -5.901752 0.797633 -3.748991
v -5.927421 0.879417 -3.748991
v -5.970790 0.846413 -3.678991
v -6.285730 1.068938 -3.748991
v -6.216692 1.020158 -3.678991
v -6.163033 1.060545 -3.748991
v -5.901752 0.797633 -5.608991
v -5.970790 0.846413 -5.678991
v -5.927421 0.879417 -5.608991
v -6.285730 1.068938 -5.608991
v -6.163033 1.060545 -5.608991
v -6.216692 1.020158 -5.678991
v -5.035834 1.145257 -3.748991
v -5.064912 1.211987 -3.678991
v -5.127980 1.196882 -3.748991
v -5.168482 1.449666 -3.678991
v -5.197560 1.516395 -3.748991
v -5.238391 1.432927 -3.748991
v -5.035834 1.145256 -5.608991
v -5.127980 1.196882 -5.608991
v -5.064912 1.211986 -5.678991
v -5.197560 1.516395 -5.608992
v -5.168482 1.449665 -5.678991
v -5.238391 1.432927 -5.608991
v -4.465247 1.238259 -3.748991
v -4.414634 1.315940 -3.748991
v -4.481338 1.307275 -3.678991
v -4.554738 1.622109 -3.748991
v -4.538648 1.553093 -3.678991
v -4.467520 1.562282 -3.748991
v -4.465247 1.238259 -5.608991
v -4.481338 1.307274 -5.678991
v -4.414634 1.315939 -5.608992
v -4.554738 1.622108 -5.608991
v -4.467520 1.562282 -5.608992
v -4.538648 1.553093 -5.678991
v -3.370388 1.305972 -3.748991
v -3.373560 1.375934 -3.678991
v -3.442712 1.375002 -3.748991
v -3.384860 1.625125 -3.678991
v -3.388032 1.695087 -3.748991
v -3.455683 1.624150 -3.748991
v -3.370388 1.305972 -5.608991
v -3.442712 1.375001 -5.608991
v -3.373560 1.375934 -5.678991
v -3.388032 1.695087 -5.608991
v -3.384860 1.625125 -5.678991
v -3.455683 1.624149 -5.608992
v -2.757609 1.310308 -3.748991
v -2.687520 1.379333 -3.748991
v -2.757052 1.380306 -3.678991
v -2.754511 1.699628 -3.748991
v -2.755068 1.629629 -3.678991
v -2.684627 1.628651 -3.748991
v -2.757609 1.310307 -5.608991
v -2.757052 1.380306 -5.678991
v -2.687520 1.379332 -5.608992
v -2.754511 1.699628 -5.608992
v -2.684627 1.628650 -5.608992
v -2.755068 1.629629 -5.678991
v -1.629530 1.287426 -3.748991
v -1.626182 1.357384 -3.678991
v -1.695989 1.359277 -3.748991
v -1.614258 1.606560 -3.678991
v -1.610910 1.676517 -3.748991
v -1.684355 1.608460 -3.748991
v -1.629530 1.287426 -5.608991
v -1.695990 1.359276 -5.608991
v -1.626182 1.357383 -5.678991
v -1.610910 1.676517 -5.608992
v -1.614258 1.606559 -5.678991
v -1.684355 1.608460 -5.608991
v -1.005800 1.270567 -3.748991
v -0.932660 1.338640 -3.748991
v -1.002776 1.340532 -3.678991
v -0.988980 1.659701 -3.748991
v -0.992004 1.589736 -3.678991
v -0.922215 1.587851 -3.748991
v -1.005800 1.270567 -5.608991
v -1.002776 1.340532 -5.678991
v -0.932660 1.338640 -5.608991
v -0.988980 1.659701 -5.608991
v -0.922215 1.587851 -5.608991
v -0.992004 1.589736 -5.678991
v 0.140060 1.255221 -3.748991
v 0.139535 1.325220 -3.678991
v 0.069076 1.324329 -3.748991
v 0.137667 1.574543 -3.678991
v 0.137142 1.644542 -3.748991
v 0.068151 1.573654 -3.748991
v 0.140060 1.255221 -5.608991
v 0.069075 1.324328 -5.608992
v 0.139535 1.325220 -5.678991
v 0.137142 1.644542 -5.608991
v 0.137667 1.574543 -5.678991
v 0.068150 1.573654 -5.608992
v 0.769283 1.264186 -3.748991
v 0.836681 1.336050 -3.748991
v 0.766567 1.334159 -3.678991
v 0.754178 1.653358 -3.748991
v 0.756894 1.583386 -3.678991
v 0.826682 1.585271 -3.748991
v 0.769283 1.264186 -5.608991
v 0.766567 1.334158 -5.678991
v 0.836681 1.336050 -5.608992
v 0.754178 1.653358 -5.608991
v 0.826682 1.585271 -5.608992
v 0.756894 1.583386 -5.678991
v 1.905686 1.294917 -3.748991
v 1.902660 1.364882 -3.678991
v 1.832853 1.362988 -3.748991
v 1.891883 1.614085 -3.678991
v 1.888857 1.684051 -3.748991
v 1.821787 1.612185 -3.748991
v 1.905685 1.294916 -5.608991
v 1.832853 1.362988 -5.608992
v 1.902660 1.364882 -5.678991
v 1.888857 1.684051 -5.608991
v 1.891883 1.614085 -5.678991
v 1.821787 1.612185 -5.608992
v 2.524220 1.307037 -3.748991
v 2.592336 1.378001 -3.748991
v 2.522803 1.377029 -3.678991
v 2.516342 1.696321 -3.748991
v 2.517759 1.626329 -3.678991
v 2.588200 1.627309 -3.748991
v 2.524220 1.307037 -5.608991
v 2.522803 1.377029 -5.678991
v 2.592336 1.378001 -5.608991
v 2.516342 1.696321 -5.608992
v 2.588199 1.627309 -5.608991
v 2.517758 1.626329 -5.678991
v 3.641889 1.300819 -3.748991
v 3.647070 1.370718 -3.678991
v 3.578292 1.373183 -3.748991
v 3.665524 1.619683 -3.678991
v 3.670704 1.689582 -3.748991
v 3.594540 1.622229 -3.748991
v 3.641889 1.300819 -5.608991
v 3.578292 1.373182 -5.608991
v 3.647069 1.370718 -5.678991
v 3.670704 1.689582 -5.608991
v 3.665523 1.619683 -5.678991
v 3.594539 1.622229 -5.608991
v 4.243945 1.265379 -3.748991
v 4.323330 1.327835 -3.748991
v 4.256015 1.334827 -3.678991
v 4.311077 1.651633 -3.748991
v 4.299006 1.582186 -3.678991
v 4.370146 1.574826 -3.748991
v 4.243945 1.265379 -5.608991
v 4.256015 1.334826 -5.678991
v 4.323330 1.327835 -5.608991
v 4.311076 1.651633 -5.608991
v 4.370145 1.574826 -5.608991
v 4.299006 1.582186 -5.678991
v 5.278244 1.087726 -3.748991
v 5.314846 1.152468 -3.678991
v 5.251701 1.167419 -3.748991
v 5.445211 1.383068 -3.678991
v 5.481812 1.447810 -3.748991
v 5.375380 1.399959 -3.748991
v 5.278244 1.087726 -5.608992
v 5.251701 1.167419 -5.608992
v 5.314845 1.152468 -5.678991
v 5.481812 1.447810 -5.608992
v 5.445211 1.383068 -5.678991
v 5.375380 1.399959 -5.608992
v 5.764298 0.901201 -3.748991
v 5.868388 0.924860 -3.748991
v 5.823272 0.956526 -3.678991
v 6.092298 1.208907 -3.748991
v 6.033325 1.153582 -3.678991
v 6.089240 1.115570 -3.748991
v 5.764298 0.901201 -5.608991
v 5.823271 0.956525 -5.678991
v 5.868388 0.924860 -5.608991
v 6.092298 1.208907 -5.608992
v 6.089239 1.115570 -5.608991
v 6.033324 1.153582 -5.678991
v 6.263668 0.325853 -3.748991
v 6.357165 0.342502 -3.678991
v 6.349575 0.389054 -3.748991
v 6.690186 0.401802 -3.678991
v 6.783683 0.418451 -3.748991
v 6.679763 0.456210 -3.748991
v 6.263668 0.325853 -5.608992
v 6.349575 0.389054 -5.608992
v 6.357165 0.342502 -5.678991
v 6.783683 0.418451 -5.608992
v 6.690186 0.401802 -5.678991
v 6.679763 0.456210 -5.608992
v 6.308922 -0.067607 -3.748991
v 6.396425 -0.117527 -3.748991
v 6.405062 -0.071098 -3.678991
v 6.843634 -0.087023 -3.748991
v 6.747494 -0.083532 -3.678991
v 6.738119 -0.138064 -3.748991
v 6.308921 -0.067607 -5.608991
v 6.405061 -0.071098 -5.678991
v 6.396425 -0.117527 -5.608992
v 6.843634 -0.087023 -5.608991
v 6.738119 -0.138064 -5.608992
v 6.747494 -0.083532 -5.678991
v 6.003297 -0.722194 -3.748991
v 6.078939 -0.765487 -3.678991
v 6.123104 -0.732990 -3.748991
v 6.348361 -0.919688 -3.678991
v 6.424003 -0.962981 -3.748991
v 6.401224 -0.878795 -3.748991
v 6.003297 -0.722194 -5.608992
v 6.123104 -0.732990 -5.608992
v 6.078939 -0.765487 -5.678991
v 6.424002 -0.962981 -5.608992
v 6.348361 -0.919688 -5.678991
v 6.401224 -0.878795 -5.608992
v 5.600255 -0.968304 -3.748991
v 5.595586 -1.050984 -3.748991
v 5.651474 -1.027572 -3.678991
v 5.885123 -1.297943 -3.748991
v 5.833905 -1.238674 -3.678991
v 5.768605 -1.266236 -3.748991
v 5.600255 -0.968303 -5.608991
v 5.651474 -1.027572 -5.678991
v 5.595586 -1.050984 -5.608992
v 5.885123 -1.297942 -5.608992
v 5.768605 -1.266236 -5.608992
v 5.833905 -1.238674 -5.678991
v 4.627079 -1.217347 -3.748991
v 4.646227 -1.285948 -3.678991
v 4.712949 -1.277356 -3.748991
v 4.714428 -1.530292 -3.678991
v 4.733576 -1.598893 -3.748991
v 4.785537 -1.521031 -3.748991
v 4.627079 -1.217347 -5.608992
v 4.712949 -1.277356 -5.608992
v 4.646227 -1.285948 -5.678991
v 4.733576 -1.598893 -5.608992
v 4.714428 -1.530292 -5.678991
v 4.785537 -1.521031 -5.608992
v 4.036806 -1.277459 -3.748991
v 3.978118 -1.351126 -3.748991
v 4.046511 -1.347102 -3.678991
v 4.090784 -1.664802 -3.748991
v 4.081079 -1.595158 -3.678991
v 4.009931 -1.599377 -3.748991
v 4.036806 -1.277459 -5.608992
v 4.046511 -1.347102 -5.678991
v 3.978118 -1.351126 -5.608992
v 4.090784 -1.664801 -5.608992
v 4.009932 -1.599377 -5.608991
v 4.081079 -1.595158 -5.678991
v 2.928620 -1.312001 -3.748991
v 2.928773 -1.382001 -3.678991
v 2.997925 -1.381050 -3.748991
v 2.929318 -1.631328 -3.678991
v 2.929471 -1.701327 -3.748991
v 3.000142 -1.630372 -3.748991
v 2.928620 -1.312001 -5.608991
v 2.997925 -1.381050 -5.608991
v 2.928773 -1.382001 -5.678991
v 2.929471 -1.701327 -5.608992
v 2.929318 -1.631327 -5.678991
v 3.000142 -1.630371 -5.608992
v 2.312012 -1.304077 -3.748991
v 2.240281 -1.373090 -3.748991
v 2.309814 -1.374058 -3.678991
v 2.299788 -1.693302 -3.748991
v 2.301986 -1.623320 -3.678991
v 2.231545 -1.622336 -3.748991
v 2.312012 -1.304076 -5.608992
v 2.309814 -1.374058 -5.678991
v 2.240282 -1.373090 -5.608992
v 2.299788 -1.693301 -5.608992
v 2.231545 -1.622336 -5.608992
v 2.301986 -1.623320 -5.678991
v 1.179328 -1.275249 -3.748991
v 1.176078 -1.345209 -3.678991
v 1.246192 -1.347102 -3.748991
v 1.164501 -1.594394 -3.678991
v 1.161250 -1.664354 -3.748991
v 1.234289 -1.596278 -3.748991
v 1.179329 -1.275249 -5.608992
v 1.246193 -1.347102 -5.608992
v 1.176078 -1.345209 -5.678991
v 1.161251 -1.664354 -5.608992
v 1.164501 -1.594394 -5.678992
v 1.234289 -1.596278 -5.608992
v 0.553140 -1.260464 -3.748991
v 0.480608 -1.329551 -3.748991
v 0.551069 -1.330448 -3.678991
v 0.541618 -1.649701 -3.748991
v 0.543689 -1.579717 -3.678991
v 0.474172 -1.578833 -3.748991
v 0.553140 -1.260464 -5.608992
v 0.551069 -1.330448 -5.678991
v 0.480608 -1.329550 -5.608992
v 0.541618 -1.649700 -5.608992
v 0.474172 -1.578833 -5.608992
v 0.543690 -1.579717 -5.678991
v -0.594971 -1.260998 -3.748991
v -0.592742 -1.330979 -3.678991
v -0.522282 -1.330081 -3.748991
v -0.584805 -1.580239 -3.678991
v -0.582577 -1.650220 -3.748991
v -0.515289 -1.579356 -3.748991
v -0.594971 -1.260998 -5.608992
v -0.522282 -1.330081 -5.608991
v -0.592742 -1.330979 -5.678991
v -0.582577 -1.650220 -5.608992
v -0.584805 -1.580239 -5.678992
v -0.515289 -1.579356 -5.608992
v -1.220852 -1.276370 -3.748991
v -1.287662 -1.348222 -3.748991
v -1.217548 -1.346329 -3.678991
v -1.202474 -1.665468 -3.748991
v -1.205778 -1.595509 -3.678991
v -1.275566 -1.597393 -3.748991
v -1.220852 -1.276370 -5.608992
v -1.217548 -1.346329 -5.678991
v -1.287661 -1.348221 -5.608992
v -1.202473 -1.665467 -5.608992
v -1.275566 -1.597393 -5.608992
v -1.205778 -1.595509 -5.678992
v -2.352984 -1.304647 -3.748991
v -2.350938 -1.374631 -3.678991
v -2.281406 -1.373662 -3.748991
v -2.343647 -1.623901 -3.678991
v -2.341600 -1.693886 -3.748991
v -2.273207 -1.622918 -3.748991
v -2.352984 -1.304647 -5.608992
v -2.281406 -1.373662 -5.608992
v -2.350937 -1.374631 -5.678991
v -2.341600 -1.693885 -5.608992
v -2.343647 -1.623901 -5.678991
v -2.273207 -1.622918 -5.608992
v -2.969242 -1.311439 -3.748991
v -3.038823 -1.380489 -3.748991
v -2.969673 -1.381438 -3.678991
v -2.971638 -1.700762 -3.748991
v -2.971207 -1.630762 -3.678991
v -3.042030 -1.629804 -3.748991
v -2.969242 -1.311438 -5.608992
v -2.969673 -1.381438 -5.678991
v -3.038823 -1.380488 -5.608992
v -2.971638 -1.700761 -5.608992
v -3.042029 -1.629804 -5.608992
v -2.971207 -1.630762 -5.678991
v -4.076801 -1.275117 -3.748991
v -4.086963 -1.344726 -3.678991
v -4.018568 -1.348745 -3.748991
v -4.123160 -1.592659 -3.678991
v -4.133322 -1.662268 -3.748991
v -4.052011 -1.596883 -3.748991
v -4.076801 -1.275117 -5.608992
v -4.018568 -1.348745 -5.608991
v -4.086963 -1.344726 -5.678991
v -4.133322 -1.662268 -5.608992
v -4.123160 -1.592659 -5.678992
v -4.052011 -1.596882 -5.608992
v -4.665811 -1.212372 -3.748991
v -4.752415 -1.272284 -3.748991
v -4.685688 -1.280864 -3.678991
v -4.776362 -1.593308 -3.748991
v -4.756485 -1.524817 -3.678991
v -4.827592 -1.515543 -3.748991
v -4.665811 -1.212372 -5.608992
v -4.685688 -1.280863 -5.678991
v -4.752415 -1.272283 -5.608991
v -4.776362 -1.593308 -5.608992
v -4.827592 -1.515543 -5.608992
v -4.756485 -1.524817 -5.678991
v -5.631817 -0.955226 -3.748991
v -5.684574 -1.013776 -3.678991
v -5.628632 -1.037123 -3.748991
v -5.872485 -1.222321 -3.678991
v -5.925241 -1.280872 -3.748991
v -5.807240 -1.249947 -3.748991
v -5.631817 -0.955225 -5.608992
v -5.628632 -1.037122 -5.608992
v -5.684574 -1.013776 -5.678991
v -5.925241 -1.280871 -5.608992
v -5.872484 -1.222321 -5.678991
v -5.807240 -1.249946 -5.608992
v -6.027930 -0.704341 -3.748991
v -6.148451 -0.713385 -3.748991
v -6.105033 -0.746249 -3.678991
v -6.456762 -0.937424 -3.748991
v -6.379659 -0.895516 -3.678991
v -6.431487 -0.854100 -3.748991
v -6.027930 -0.704341 -5.608992
v -6.105032 -0.746249 -5.678991
v -6.148451 -0.713385 -5.608991
v -6.456761 -0.937423 -5.608992
v -6.431487 -0.854100 -5.608992
v -6.379659 -0.895516 -5.678991
v -6.314042 -0.041497 -3.748991
v -6.410256 -0.043641 -3.678991
v -6.401512 -0.090064 -3.748991
v -6.752955 -0.051275 -3.678991
v -6.849169 -0.053418 -3.748991
v -6.743687 -0.105811 -3.748991
v -6.314042 -0.041497 -5.608992
v -6.401511 -0.090064 -5.608992
v -6.410256 -0.043641 -5.678991
v -6.849169 -0.053418 -5.608992
v -6.752954 -0.051275 -5.678991
v -6.743686 -0.105811 -5.608992
v -6.259615 0.352077 -3.748991
v -6.339808 0.415134 -3.748991
v -6.352654 0.370033 -3.678991
v -6.777081 0.451944 -3.748991
v -6.684042 0.433988 -3.678991
v -6.667899 0.487522 -3.748991
v -6.259615 0.352077 -5.608991
v -6.352654 0.370033 -5.678991
v -6.339807 0.415135 -5.608992
v -6.777081 0.451944 -5.608991
v -6.667898 0.487522 -5.608992
v -6.684042 0.433988 -5.678991
v -5.732504 0.914039 -3.748991
v -5.790022 0.970168 -3.678991
v -5.842999 0.944591 -3.748991
v -5.994892 1.170090 -3.678991
v -6.052410 1.226219 -3.748991
v -6.057241 1.139247 -3.748991
v -5.732504 0.914039 -5.608991
v -5.842999 0.944591 -5.608991
v -5.790022 0.970168 -5.678991
v -6.052410 1.226219 -5.608992
v -5.994892 1.170090 -5.678991
v -6.057241 1.139247 -5.608991
v -5.242002 1.096237 -3.748991
v -5.214365 1.176287 -3.748991
v -5.277495 1.161305 -3.678991
v -5.439404 1.458133 -3.748991
v -5.403912 1.393065 -3.678991
v -5.334061 1.409927 -3.748991
v -5.242002 1.096237 -5.608991
v -5.277495 1.161305 -5.678991
v -5.214365 1.176287 -5.608991
v -5.439404 1.458133 -5.608992
v -5.334061 1.409926 -5.608991
v -5.403912 1.393064 -5.678991
v -4.203946 1.267703 -3.748991
v -4.215560 1.337191 -3.678991
v -4.283881 1.332987 -3.748991
v -4.256927 1.584697 -3.678991
v -4.268540 1.654185 -3.748991
v -4.328068 1.580235 -3.748991
v -4.203946 1.267702 -5.608991
v -4.283881 1.332987 -5.608991
v -4.215560 1.337191 -5.678991
v -4.268540 1.654185 -5.608991
v -4.256927 1.584696 -5.678991
v -4.328068 1.580234 -5.608991
v -3.601788 1.302890 -3.748991
v -3.537390 1.373730 -3.748991
v -3.606541 1.372805 -3.678991
v -3.628224 1.691742 -3.748991
v -3.623471 1.621828 -3.678991
v -3.552649 1.622810 -3.748991
v -3.601788 1.302890 -5.608992
v -3.606541 1.372805 -5.678991
v -3.537390 1.373730 -5.608991
v -3.628224 1.691742 -5.608992
v -3.552649 1.622810 -5.608992
v -3.623471 1.621827 -5.678991
v -2.483244 1.306464 -3.748991
v -2.481677 1.376455 -3.678991
v -2.551208 1.377426 -3.748991
v -2.476094 1.625749 -3.678991
v -2.474527 1.695739 -3.748991
v -2.546534 1.626730 -3.748991
v -2.483244 1.306464 -5.608991
v -2.551209 1.377426 -5.608991
v -2.481677 1.376455 -5.678991
v -2.474527 1.695739 -5.608991
v -2.476094 1.625749 -5.678991
v -2.546535 1.626730 -5.608991
v -1.864445 1.293798 -3.748991
v -1.791565 1.361869 -3.748991
v -1.861371 1.363762 -3.678991
v -1.847348 1.682926 -3.748991
v -1.850422 1.612962 -3.678991
v -1.780327 1.611062 -3.748991
v -1.864445 1.293797 -5.608991
v -1.861371 1.363762 -5.678991
v -1.791565 1.361869 -5.608991
v -1.847348 1.682926 -5.608992
v -1.780327 1.611061 -5.608992
v -1.850422 1.612961 -5.678991
v -0.727755 1.263066 -3.748991
v -0.725094 1.333040 -3.678991
v -0.795207 1.334931 -3.748991
v -0.715613 1.582271 -3.678991
v -0.712951 1.652244 -3.748991
v -0.785401 1.584156 -3.748991
v -0.727755 1.263066 -5.608991
v -0.795207 1.334931 -5.608991
v -0.725094 1.333039 -5.678991
v -0.712951 1.652244 -5.608991
v -0.715613 1.582271 -5.678991
v -0.785401 1.584156 -5.608992
v -0.098224 1.254693 -3.748991
v -0.027396 1.323802 -3.748991
v -0.097856 1.324693 -3.678991
v -0.096177 1.644017 -3.748991
v -0.096545 1.574018 -3.678991
v -0.027029 1.573128 -3.748991
v -0.098224 1.254693 -5.608991
v -0.097856 1.324693 -5.678991
v -0.027396 1.323801 -5.608991
v -0.096178 1.644017 -5.608991
v -0.027029 1.573128 -5.608991
v -0.096546 1.574018 -5.678991
v 1.047325 1.271688 -3.748991
v 1.044247 1.341652 -3.678991
v 0.974133 1.339760 -3.748991
v 1.033283 1.590851 -3.678991
v 1.030205 1.660815 -3.748991
v 0.963494 1.588966 -3.748991
v 1.047325 1.271687 -5.608991
v 0.974132 1.339759 -5.608992
v 1.044247 1.341652 -5.678991
v 1.030205 1.660815 -5.608991
v 1.033283 1.590851 -5.678991
v 0.963494 1.588966 -5.608991
v 1.670771 1.288545 -3.748991
v 1.737278 1.360397 -3.748991
v 1.667472 1.358503 -3.678991
v 1.652419 1.677643 -3.748991
v 1.655719 1.607684 -3.678991
v 1.725815 1.609584 -3.748991
v 1.670771 1.288545 -5.608991
v 1.667471 1.358503 -5.678991
v 1.737278 1.360396 -5.608992
v 1.652419 1.677643 -5.608992
v 1.725815 1.609584 -5.608992
v 1.655719 1.607684 -5.678991
v 2.798587 1.310883 -3.748991
v 2.798180 1.380883 -3.678991
v 2.728644 1.379908 -3.748991
v 2.796734 1.630207 -3.678991
v 2.796328 1.700206 -3.748991
v 2.726289 1.629229 -3.748991
v 2.798586 1.310883 -5.608991
v 2.728644 1.379908 -5.608991
v 2.798180 1.380882 -5.678991
v 2.796328 1.700206 -5.608991
v 2.796734 1.630207 -5.678991
v 2.726289 1.629229 -5.608992
v 3.411009 1.305427 -3.748991
v 3.483614 1.374451 -3.748991
v 3.414459 1.375382 -3.678991
v 3.430198 1.694504 -3.748991
v 3.426748 1.624549 -3.678991
v 3.497574 1.623571 -3.748991
v 3.411008 1.305427 -5.608991
v 3.414459 1.375382 -5.678991
v 3.483614 1.374451 -5.608992
v 3.430197 1.694504 -5.608992
v 3.497574 1.623571 -5.608992
v 3.426747 1.624549 -5.678991
v 4.503967 1.233237 -3.748991
v 4.520791 1.302159 -3.678991
v 4.454087 1.310812 -3.748991
v 4.580713 1.547649 -3.678991
v 4.597537 1.616571 -3.748991
v 4.509592 1.556850 -3.748991
v 4.503967 1.233237 -5.608991
v 4.454087 1.310812 -5.608991
v 4.520791 1.302159 -5.678991
v 4.597537 1.616571 -5.608992
v 4.580713 1.547649 -5.678991
v 4.509591 1.556849 -5.608991
v 5.071997 1.136584 -3.748991
v 5.165292 1.187973 -3.748991
v 5.102212 1.203046 -3.678991
v 5.240050 1.506233 -3.748991
v 5.209834 1.439771 -3.678991
v 5.279726 1.423003 -3.748991
v 5.071996 1.136584 -5.608991
v 5.102212 1.203046 -5.678991
v 5.165291 1.187973 -5.608991
v 5.240049 1.506233 -5.608991
v 5.279725 1.423002 -5.608991
v 5.209834 1.439771 -5.678991
v 5.925851 0.779454 -3.748991
v 5.996541 0.826967 -3.678991
v 5.953044 0.859878 -3.748991
v 6.248323 0.996200 -3.678991
v 6.319013 1.043713 -3.748991
v 6.194794 1.036678 -3.748991
v 5.925851 0.779455 -5.608991
v 5.953044 0.859878 -5.608991
v 5.996540 0.826968 -5.678991
v 6.319013 1.043713 -5.608991
v 6.248323 0.996200 -5.678991
v 6.194794 1.036678 -5.608991
v 6.201523 0.462933 -3.748991
v 6.318464 0.447085 -3.748991
v 6.291276 0.488233 -3.678991
v 6.700710 0.603648 -3.748991
v 6.610958 0.578348 -3.678991
v 6.643102 0.527283 -3.748991
v 6.201523 0.462933 -5.608992
v 6.291276 0.488233 -5.678991
v 6.318463 0.447085 -5.608992
v 6.700710 0.603648 -5.608992
v 6.643101 0.527283 -5.608992
v 6.610957 0.578348 -5.678991
v 6.277192 -0.242600 -3.748991
v 6.371915 -0.255056 -3.678991
v 6.380018 -0.208580 -3.748991
v 6.709302 -0.299422 -3.678991
v 6.804026 -0.311878 -3.748991
v 6.719213 -0.244932 -3.748991
v 6.277192 -0.242599 -5.608991
v 6.380018 -0.208579 -5.608991
v 6.371915 -0.255056 -5.678991
v 6.804026 -0.311878 -5.608991
v 6.709302 -0.299422 -5.678991
v 6.719213 -0.244931 -5.608992
v 6.110994 -0.604304 -3.748991
v 6.168415 -0.680955 -3.748991
v 6.194317 -0.639356 -3.678991
v 6.574417 -0.799255 -3.748991
v 6.491095 -0.764204 -3.678991
v 6.457663 -0.814822 -3.748991
v 6.110994 -0.604304 -5.608991
v 6.194316 -0.639356 -5.678991
v 6.168415 -0.680955 -5.608992
v 6.574417 -0.799255 -5.608992
v 6.457663 -0.814822 -5.608992
v 6.491095 -0.764204 -5.678991
v 5.390171 -1.057436 -3.748991
v 5.430641 -1.120949 -3.678991
v 5.486279 -1.097203 -3.748991
v 5.574787 -1.347170 -3.678991
v 5.615257 -1.410683 -3.748991
v 5.640337 -1.319943 -3.748991
v 5.390171 -1.057436 -5.608992
v 5.486279 -1.097203 -5.608992
v 5.430641 -1.120949 -5.678991
v 5.615257 -1.410683 -5.608992
v 5.574787 -1.347170 -5.678991
v 5.640337 -1.319942 -5.608992
v 4.847763 -1.189162 -3.748991
v 4.804311 -1.265626 -3.748991
v 4.871046 -1.257083 -3.678991
v 4.977259 -1.566928 -3.748991
v 4.953976 -1.499007 -3.678991
v 4.882885 -1.508317 -3.748991
v 4.847763 -1.189162 -5.608992
v 4.871046 -1.257083 -5.678991
v 4.804311 -1.265625 -5.608991
v 4.977259 -1.566928 -5.608992
v 4.882885 -1.508317 -5.608992
v 4.953976 -1.499006 -5.678991
v 3.769018 -1.293252 -3.748991
v 3.775657 -1.363085 -3.678991
v 3.844045 -1.359038 -3.748991
v 3.799304 -1.611818 -3.678991
v 3.805943 -1.681652 -3.748991
v 3.870453 -1.607624 -3.748991
v 3.769019 -1.293252 -5.608992
v 3.844046 -1.359038 -5.608992
v 3.775658 -1.363085 -5.678991
v 3.805944 -1.681651 -5.608992
v 3.799305 -1.611818 -5.678991
v 3.870453 -1.607624 -5.608992
v 3.160020 -1.308819 -3.748991
v 3.092605 -1.379752 -3.748991
v 3.161754 -1.378808 -3.678991
v 3.169668 -1.698083 -3.748991
v 3.167933 -1.628094 -3.678991
v 3.097112 -1.629057 -3.748991
v 3.160020 -1.308819 -5.608992
v 3.161755 -1.378808 -5.678991
v 3.092605 -1.379752 -5.608992
v 3.169668 -1.698083 -5.608992
v 3.097112 -1.629057 -5.608992
v 3.167934 -1.628094 -5.678991
v 2.036784 -1.298473 -3.748991
v 2.033911 -1.368442 -3.678991
v 2.103715 -1.370335 -3.748991
v 2.023678 -1.617657 -3.678991
v 2.020805 -1.687626 -3.748991
v 2.093772 -1.619557 -3.748991
v 2.036784 -1.298473 -5.608992
v 2.103716 -1.370335 -5.608992
v 2.033911 -1.368442 -5.678991
v 2.020805 -1.687626 -5.608992
v 2.023678 -1.617657 -5.678991
v 2.093772 -1.619557 -5.608992
v 1.415865 -1.281634 -3.748991
v 1.342188 -1.349693 -3.748991
v 1.412306 -1.351586 -3.678992
v 1.396072 -1.670695 -3.748991
v 1.399631 -1.600742 -3.678991
v 1.329839 -1.598858 -3.748991
v 1.415866 -1.281634 -5.608991
v 1.412307 -1.351586 -5.678991
v 1.342188 -1.349693 -5.608992
v 1.396073 -1.670695 -5.608991
v 1.329839 -1.598858 -5.608992
v 1.399632 -1.600742 -5.678991
v 0.273040 -1.256904 -3.748991
v 0.272017 -1.326900 -3.678991
v 0.342478 -1.327794 -3.748991
v 0.268374 -1.576212 -3.678991
v 0.267352 -1.646209 -3.748991
v 0.337892 -1.577099 -3.748991
v 0.273040 -1.256903 -5.608992
v 0.342478 -1.327794 -5.608992
v 0.272017 -1.326900 -5.678991
v 0.267352 -1.646208 -5.608992
v 0.268375 -1.576212 -5.678991
v 0.337892 -1.577098 -5.608992
v -0.356685 -1.257964 -3.748991
v -0.425809 -1.328854 -3.748991
v -0.355349 -1.327958 -3.678991
v -0.349255 -1.647254 -3.748991
v -0.350591 -1.577260 -3.678991
v -0.420107 -1.578146 -3.748991
v -0.356685 -1.257964 -5.608992
v -0.355349 -1.327958 -5.678991
v -0.425809 -1.328853 -5.608992
v -0.349255 -1.647254 -5.608992
v -0.420107 -1.578145 -5.608992
v -0.350591 -1.577260 -5.678991
vn -0.0000 -0.0000 1.0000
vn -0.9998 -0.0206 -0.0000
vn -0.0000 -1.0000 -0.0000
vn 0.9998 -0.0206 -0.0000
vn -0.0000 -0.0000 -1.0000
vn 0.5829 0.5697 0.5794
vn 0.5718 -0.5849 0.5752
vn 0.5829 0.5697 -0.5794
vn 0.5718 -0.5849 -0.5753
vn -0.5829 0.5697 0.5794
vn -0.5718 -0.5849 0.5753
vn -0.5829 0.5697 -0.5794
vn -0.5718 -0.5849 -0.5753
vn 0.7152 0.6989 -0.0000
vn 0.7046 -0.0145 0.7094
vn 0.6990 -0.7151 -0.0000
vn 0.7094 -0.0120 -0.7047
vn -0.0000 0.7071 -0.7071
vn -0.0000 -0.7071 -0.7071
vn -0.7094 -0.0120 -0.7047
vn -0.7152 0.6989 -0.0000
vn -0.6990 -0.7151 -0.0000
vn -0.7094 -0.0120 0.7047
vn -0.0000 0.7071 0.7071
vn -0.0000 -0.7071 0.7071
vn -0.0000 1.0000 -0.0000
vn -0.9992 -0.0392 -0.0000
vn 0.0271 -0.9996 -0.0000
vn 0.9987 0.0503 -0.0000
vn 0.5567 0.6016 0.5729
vn 0.5975 -0.5519 0.5818
vn 0.5567 0.6016 -0.5729
vn 0.5975 -0.5519 -0.5818
vn -0.5962 0.5557 0.5795
vn -0.5582 -0.5980 0.5752
vn -0.5962 0.5557 -0.5795
vn -0.5582 -0.5980 -0.5752
vn 0.6792 0.7340 -0.0000
vn 0.7062 0.0358 0.7071
vn 0.7346 -0.6785 -0.0000
vn 0.7067 0.0356 -0.7066
vn -0.0192 0.7067 -0.7072
vn 0.0192 -0.7067 -0.7072
vn -0.7059 -0.0285 -0.7077
vn -0.7315 0.6818 -0.0000
vn -0.6824 -0.7310 -0.0000
vn -0.7059 -0.0285 0.7077
vn -0.0192 0.7067 0.7072
vn 0.0192 -0.7067 0.7072
vn -0.0271 0.9996 -0.0000
vn -0.9937 0.1121 -0.0000
vn -0.0288 -0.9996 -0.0000
vn 0.9998 -0.0220 -0.0000
vn 0.5927 0.5610 0.5779
vn 0.5619 -0.5930 0.5767
vn 0.5927 0.5610 -0.5779
vn 0.5619 -0.5930 -0.5767
vn -0.5419 0.6219 0.5653
vn -0.6109 -0.5287 0.5892
vn -0.5419 0.6219 -0.5653
vn -0.6109 -0.5287 -0.5892
vn 0.7262 0.6874 -0.0000
vn 0.7112 -0.0157 0.7028
vn 0.6878 -0.7259 -0.0000
vn 0.7027 -0.0202 -0.7112
vn 0.0202 0.7069 -0.7070
vn -0.0203 -0.7067 -0.7072
vn -0.6968 0.0786 -0.7130
vn -0.6569 0.7540 -0.0000
vn -0.7561 -0.6544 -0.0000
vn -0.6968 0.0786 0.7129
vn 0.0202 0.7067 0.7072
vn -0.0204 -0.7069 0.7070
vn 0.0286 0.9996 -0.0000
vn -0.8097 0.5868 -0.0000
vn -0.2505 -0.9681 -0.0000
vn 0.9482 -0.3177 -0.0000
vn 0.7076 0.3690 0.6026
vn 0.4227 -0.7201 0.5503
vn 0.7076 0.3690 -0.6025
vn 0.4227 -0.7201 -0.5502
vn -0.3180 0.7921 0.5209
vn -0.7529 -0.1951 0.6285
vn -0.3180 0.7921 -0.5209
vn -0.7529 -0.1951 -0.6285
vn 0.8867 0.4624 -0.0000
vn 0.6925 -0.2320 0.6831
vn 0.5062 -0.8624 -0.0000
vn 0.6629 -0.2376 -0.7100
vn 0.1744 0.6777 -0.7143
vn -0.1749 -0.6765 -0.7153
vn -0.5764 0.4177 -0.7023
vn -0.3726 0.9280 -0.0000
vn -0.9680 -0.2508 -0.0000
vn -0.5764 0.4177 0.7023
vn 0.1739 0.6769 0.7153
vn -0.1753 -0.6773 0.7145
vn 0.2488 0.9685 -0.0000
vn -0.0925 0.9957 -0.0000
vn -0.9156 -0.4022 -0.0000
vn 0.4009 -0.9161 -0.0000
vn 0.6590 -0.5132 0.5498
vn -0.1210 -0.8305 0.5438
vn 0.6590 -0.5132 -0.5498
vn -0.1210 -0.8305 -0.5438
vn 0.2789 0.8149 0.5082
vn -0.4992 0.6484 0.5747
vn 0.2789 0.8149 -0.5082
vn -0.4992 0.6484 -0.5747
vn 0.7890 -0.6144 -0.0000
vn 0.3296 -0.7531 0.5695
vn -0.1442 -0.9896 -0.0000
vn 0.2812 -0.7088 -0.6469
vn 0.5573 0.2402 -0.7948
vn -0.5591 -0.2448 -0.7921
vn -0.0726 0.7820 -0.6190
vn 0.3238 0.9461 -0.0000
vn -0.6101 0.7923 -0.0000
vn -0.0726 0.7820 0.6190
vn 0.5609 0.2404 0.7922
vn -0.5564 -0.2444 0.7942
vn 0.9191 0.3940 -0.0000
vn 0.6095 0.7928 -0.0000
vn -0.7392 0.6735 -0.0000
vn -0.2584 -0.9660 -0.0000
vn 0.1077 -0.8744 0.4730
vn -0.6316 -0.4581 0.6255
vn 0.1077 -0.8744 -0.4730
vn -0.6316 -0.4581 -0.6255
vn 0.7698 0.2416 0.5908
vn 0.0578 0.8449 0.5318
vn 0.7698 0.2416 -0.5908
vn 0.0578 0.8449 -0.5318
vn 0.1222 -0.9925 -0.0000
vn -0.2404 -0.7932 0.5596
vn -0.8095 -0.5872 -0.0000
vn -0.1995 -0.7458 -0.6356
vn 0.4733 -0.4319 -0.7678
vn -0.4739 0.4317 -0.7675
vn 0.4260 0.6030 -0.6745
vn 0.9541 0.2995 -0.0000
vn 0.0682 0.9977 -0.0000
vn 0.4260 0.6030 0.6745
vn 0.4736 -0.4321 0.7674
vn -0.4736 0.4315 0.7678
vn 0.7386 -0.6741 -0.0000
vn 0.9777 0.2099 -0.0000
vn -0.1623 0.9867 -0.0000
vn -0.9058 -0.4237 -0.0000
vn -0.4138 -0.7386 0.5322
vn -0.7042 0.3445 0.6209
vn -0.4138 -0.7386 -0.5322
vn -0.7042 0.3445 -0.6209
vn 0.6765 -0.4408 0.5900
vn 0.4671 0.6810 0.5640
vn 0.6765 -0.4408 -0.5900
vn 0.4671 0.6810 -0.5640
vn -0.4888 -0.8724 -0.0000
vn -0.6773 -0.2951 0.6739
vn -0.8983 0.4394 -0.0000
vn -0.6386 -0.2987 -0.7092
vn 0.1132 -0.6944 -0.7106
vn -0.1143 0.6949 -0.7099
vn 0.6820 0.1590 -0.7139
vn 0.8378 -0.5459 -0.0000
vn 0.5657 0.8246 -0.0000
vn 0.6820 0.1590 0.7139
vn 0.1135 -0.6952 0.7098
vn -0.1140 0.6942 0.7107
vn 0.1609 -0.9870 -0.0000
vn 0.9999 -0.0116 -0.0000
vn -0.0072 1.0000 -0.0000
vn -0.9986 -0.0520 -0.0000
vn -0.5678 -0.5949 0.5689
vn -0.5866 0.5594 0.5857
vn -0.5678 -0.5949 -0.5689
vn -0.5866 0.5594 -0.5857
vn 0.5730 -0.5818 0.5772
vn 0.5818 0.5728 0.5774
vn 0.5730 -0.5818 -0.5772
vn 0.5818 0.5728 -0.5774
vn -0.6904 -0.7234 -0.0000
vn -0.7108 -0.0322 0.7026
vn -0.7237 0.6901 -0.0000
vn -0.7022 -0.0366 -0.7110
vn 0.0050 -0.7071 -0.7071
vn -0.0051 0.7072 -0.7070
vn 0.7048 -0.0056 -0.7094
vn 0.7017 -0.7125 -0.0000
vn 0.7126 0.7016 -0.0000
vn 0.7048 -0.0056 0.7094
vn 0.0050 -0.7072 0.7070
vn -0.0051 0.7071 0.7071
vn 0.0071 -1.0000 -0.0000
vn 0.9991 -0.0419 -0.0000
vn 0.0270 0.9996 -0.0000
vn -0.9989 0.0466 -0.0000
vn -0.5975 -0.5527 0.5809
vn -0.5567 0.6007 0.5738
vn -0.5975 -0.5527 -0.5809
vn -0.5567 0.6007 -0.5738
vn 0.5576 -0.5991 0.5747
vn 0.5967 0.5545 0.5800
vn 0.5576 -0.5991 -0.5747
vn 0.5967 0.5545 -0.5800
vn -0.7341 -0.6790 -0.0000
vn -0.7072 0.0330 0.7062
vn -0.6797 0.7335 -0.0000
vn -0.7058 0.0338 -0.7076
vn -0.0191 -0.7067 -0.7072
vn 0.0191 0.7067 -0.7072
vn 0.7075 -0.0297 -0.7061
vn 0.6813 -0.7320 -0.0000
vn 0.7326 0.6807 -0.0000
vn 0.7075 -0.0297 0.7061
vn -0.0191 -0.7067 0.7072
vn 0.0191 0.7067 0.7072
vn -0.0270 -0.9996 -0.0000
vn 0.9992 0.0401 -0.0000
vn -0.0143 0.9999 -0.0000
vn -1.0000 -0.0037 -0.0000
vn -0.5684 -0.5839 0.5796
vn -0.5863 0.5706 0.5750
vn -0.5684 -0.5839 -0.5796
vn -0.5863 0.5706 -0.5750
vn 0.5941 -0.5572 0.5801
vn 0.5602 0.5966 0.5746
vn 0.5942 -0.5572 -0.5801
vn 0.5602 0.5966 -0.5746
vn -0.6976 -0.7165 -0.0000
vn -0.7048 -0.0026 0.7094
vn -0.7166 0.6975 -0.0000
vn -0.7095 -0.0053 -0.7047
vn 0.0101 -0.7070 -0.7071
vn -0.0101 0.7070 -0.7071
vn 0.7075 0.0275 -0.7061
vn 0.7294 -0.6841 -0.0000
vn 0.6846 0.7290 -0.0000
vn 0.7075 0.0275 0.7061
vn 0.0101 -0.7070 0.7071
vn -0.0101 0.7070 0.7071
vn 0.0142 -0.9999 -0.0000
vn 0.9999 0.0166 -0.0000
vn -0.0196 0.9998 -0.0000
vn -0.9990 -0.0444 -0.0000
vn -0.5592 -0.5983 0.5738
vn -0.5951 0.5554 0.5808
vn -0.5592 -0.5983 -0.5738
vn -0.5951 0.5554 -0.5808
vn 0.5891 -0.5654 0.5773
vn 0.5656 0.5889 0.5774
vn 0.5891 -0.5654 -0.5773
vn 0.5656 0.5889 -0.5774
vn -0.6828 -0.7306 -0.0000
vn -0.7073 -0.0306 0.7062
vn -0.7311 0.6823 -0.0000
vn -0.7058 -0.0313 -0.7077
vn 0.0139 -0.7069 -0.7071
vn -0.0138 0.7069 -0.7072
vn 0.7047 0.0143 -0.7093
vn 0.7214 -0.6925 -0.0000
vn 0.6927 0.7212 -0.0000
vn 0.7047 0.0143 0.7094
vn 0.0138 -0.7069 0.7072
vn -0.0138 0.7069 0.7071
vn 0.0196 -0.9998 -0.0000
vn 0.9825 -0.1862 -0.0000
vn 0.0592 0.9982 -0.0000
vn -0.9979 0.0651 -0.0000
vn -0.6111 -0.5371 0.5815
vn -0.5430 0.6140 0.5729
vn -0.6111 -0.5371 -0.5815
vn -0.5430 0.6140 -0.5729
vn 0.5129 -0.6520 0.5584
vn 0.6367 0.4897 0.5956
vn 0.5129 -0.6520 -0.5584
vn 0.6367 0.4897 -0.5956
vn -0.7511 -0.6601 -0.0000
vn -0.7117 0.0464 0.7009
vn -0.6624 0.7491 -0.0000
vn -0.7003 0.0519 -0.7120
vn -0.0416 -0.7057 -0.7073
vn 0.0418 0.7055 -0.7075
vn 0.6885 -0.1305 -0.7134
vn 0.6183 -0.7859 -0.0000
vn 0.7927 0.6096 -0.0000
vn 0.6885 -0.1305 0.7134
vn -0.0415 -0.7055 0.7075
vn 0.0418 0.7057 0.7073
vn -0.0588 -0.9983 -0.0000
vn 0.6536 -0.7569 -0.0000
vn 0.3644 0.9312 -0.0000
vn -0.8829 0.4696 -0.0000
vn -0.7451 -0.2482 0.6191
vn -0.3471 0.7720 0.5325
vn -0.7451 -0.2482 -0.6191
vn -0.3471 0.7720 -0.5325
vn 0.1914 -0.8421 0.5043
vn 0.7743 -0.0254 0.6323
vn 0.1914 -0.8421 -0.5043
vn 0.7743 -0.0254 -0.6323
vn -0.9488 -0.3160 -0.0000
vn -0.6573 0.3496 0.6676
vn -0.4101 0.9121 -0.0000
vn -0.6195 0.3502 -0.7025
vn -0.2492 -0.6466 -0.7210
vn 0.2505 0.6419 -0.7247
vn 0.4779 -0.5534 -0.6822
vn 0.2216 -0.9751 -0.0000
vn 0.9995 -0.0328 -0.0000
vn 0.4779 -0.5534 0.6822
vn -0.2470 -0.6436 0.7244
vn 0.2522 0.6445 0.7218
vn -0.3583 -0.9336 -0.0000
vn -0.0600 -0.9982 -0.0000
vn 0.9930 0.1178 -0.0000
vn -0.1993 0.9799 -0.0000
vn -0.5082 0.6907 0.5145
vn 0.2824 0.7773 0.5621
vn -0.5082 0.6907 -0.5145
vn 0.2824 0.7773 -0.5621
vn -0.4179 -0.7325 0.5374
vn 0.3663 -0.7572 0.5408
vn -0.4179 -0.7325 -0.5374
vn 0.3663 -0.7572 -0.5408
vn -0.5926 0.8055 -0.0000
vn -0.1454 0.8165 0.5588
vn 0.3415 0.9399 -0.0000
vn -0.1563 0.7684 -0.6205
vn -0.5889 -0.0682 -0.8054
vn 0.5899 0.0697 -0.8045
vn -0.0286 -0.7867 -0.6167
vn -0.4955 -0.8686 -0.0000
vn 0.4355 -0.9002 -0.0000
vn -0.0286 -0.7867 0.6167
vn -0.5902 -0.0679 0.8044
vn 0.5888 0.0698 0.8052
vn -0.9935 -0.1143 -0.0000
vn -0.7794 -0.6265 -0.0000
vn 0.5279 -0.8493 -0.0000
vn 0.4643 0.8857 -0.0000
vn 0.0797 0.8840 0.4607
vn 0.7241 0.1959 0.6613
vn 0.0797 0.8840 -0.4607
vn 0.7241 0.1959 -0.6613
vn -0.7879 0.0445 0.6142
vn -0.2227 -0.8183 0.5299
vn -0.7879 0.0445 -0.6142
vn -0.2227 -0.8183 -0.5299
vn 0.0897 0.9960 -0.0000
vn 0.4038 0.7056 0.5823
vn 0.9653 0.2612 -0.0000
vn 0.3506 0.6688 -0.6555
vn -0.3499 0.5730 -0.7411
vn 0.3559 -0.5725 -0.7386
vn -0.5449 -0.4709 -0.6938
vn -0.9984 0.0564 -0.0000
vn -0.2626 -0.9649 -0.0000
vn -0.5449 -0.4709 0.6938
vn -0.3530 0.5757 0.7375
vn 0.3536 -0.5702 0.7415
vn -0.5212 0.8535 -0.0000
vn -0.9919 -0.1271 -0.0000
vn 0.1020 -0.9948 -0.0000
vn 0.9584 0.2855 -0.0000
vn 0.4810 0.6883 0.5430
vn 0.6586 -0.4395 0.6109
vn 0.4810 0.6883 -0.5430
vn 0.6586 -0.4395 -0.6109
vn -0.6322 0.5037 0.5888
vn -0.5187 -0.6410 0.5658
vn -0.6322 0.5037 -0.5887
vn -0.5187 -0.6410 -0.5658
vn 0.5728 0.8197 -0.0000
vn 0.6979 0.1948 0.6892
vn 0.8318 -0.5551 -0.0000
vn 0.6738 0.2007 -0.7111
vn -0.0715 0.7021 -0.7085
vn 0.0720 -0.7024 -0.7081
vn -0.6951 -0.0969 -0.7123
vn -0.7821 0.6231 -0.0000
vn -0.6290 -0.7774 -0.0000
vn -0.6951 -0.0969 0.7123
vn -0.0716 0.7025 0.7081
vn 0.0719 -0.7021 0.7085
vn -0.1013 0.9949 -0.0000
vn -0.9994 0.0350 -0.0000
vn -0.0127 -0.9999 -0.0000
vn 1.0000 0.0089 -0.0000
vn 0.5764 0.5785 0.5772
vn 0.5785 -0.5762 0.5774
vn 0.5763 0.5785 -0.5772
vn 0.5785 -0.5762 -0.5774
vn -0.5684 0.5907 0.5727
vn -0.5862 -0.5637 0.5819
vn -0.5684 0.5907 -0.5727
vn -0.5862 -0.5637 -0.5819
vn 0.7058 0.7084 -0.0000
vn 0.7114 0.0063 0.7028
vn 0.7085 -0.7057 -0.0000
vn 0.7029 0.0015 -0.7112
vn 0.0091 0.7070 -0.7071
vn -0.0090 -0.7071 -0.7071
vn -0.7045 0.0247 -0.7093
vn -0.6933 0.7206 -0.0000
vn -0.7208 -0.6931 -0.0000
vn -0.7045 0.0247 0.7093
vn 0.0091 0.7071 0.7071
vn -0.0090 -0.7070 0.7071
vn 0.0129 0.9999 -0.0000
vn -0.9997 0.0258 -0.0000
vn -0.0236 -0.9997 -0.0000
vn 0.9989 -0.0477 -0.0000
vn 0.5955 0.5542 0.5815
vn 0.5587 -0.5994 0.5732
vn 0.5955 0.5542 -0.5815
vn 0.5587 -0.5994 -0.5732
vn -0.5641 0.5922 0.5754
vn -0.5905 -0.5619 0.5793
vn -0.5641 0.5922 -0.5754
vn -0.5905 -0.5619 -0.5793
vn 0.7321 0.6812 -0.0000
vn 0.7057 -0.0337 0.7077
vn 0.6818 -0.7315 -0.0000
vn 0.7074 -0.0329 -0.7061
vn 0.0167 0.7068 -0.7072
vn -0.0167 -0.7068 -0.7072
vn -0.7093 0.0183 -0.7047
vn -0.6897 0.7241 -0.0000
vn -0.7244 -0.6894 -0.0000
vn -0.7093 0.0183 0.7047
vn 0.0167 0.7068 0.7072
vn -0.0167 -0.7068 0.7072
vn 0.0236 0.9997 -0.0000
vn -0.9988 -0.0485 -0.0000
vn 0.0246 -0.9997 -0.0000
vn 0.9996 0.0280 -0.0000
vn 0.5636 0.5931 0.5750
vn 0.5909 -0.5611 0.5797
vn 0.5636 0.5931 -0.5750
vn 0.5909 -0.5611 -0.5797
vn -0.5957 0.5539 0.5817
vn -0.5586 -0.5997 0.5730
vn -0.5957 0.5539 -0.5817
vn -0.5586 -0.5997 -0.5730
vn 0.6889 0.7249 -0.0000
vn 0.7045 0.0224 0.7094
vn 0.7252 -0.6886 -0.0000
vn 0.7093 0.0199 -0.7046
vn -0.0174 0.7068 -0.7072
vn 0.0174 -0.7068 -0.7072
vn -0.7073 -0.0334 -0.7061
vn -0.7323 0.6809 -0.0000
vn -0.6815 -0.7318 -0.0000
vn -0.7073 -0.0334 0.7061
vn -0.0174 0.7068 0.7072
vn 0.0174 -0.7068 0.7072
vn -0.0246 0.9997 -0.0000
vn -0.9999 0.0129 -0.0000
vn 0.0109 -0.9999 -0.0000
vn 0.9995 0.0329 -0.0000
vn 0.5688 0.5899 0.5731
vn 0.5858 -0.5645 0.5815
vn 0.5688 0.5899 -0.5731
vn 0.5858 -0.5645 -0.5815
vn -0.5756 0.5800 0.5765
vn -0.5792 -0.5746 0.5782
vn -0.5756 0.5800 -0.5765
vn -0.5792 -0.5746 -0.5782
vn 0.6941 0.7199 -0.0000
vn 0.7092 0.0207 0.7047
vn 0.7200 -0.6939 -0.0000
vn 0.7045 0.0232 -0.7093
vn -0.0078 0.7071 -0.7071
vn 0.0077 -0.7071 -0.7071
vn -0.7029 0.0043 -0.7112
vn -0.7044 0.7098 -0.0000
vn -0.7099 -0.7043 -0.0000
vn -0.7029 0.0043 0.7112
vn -0.0078 0.7071 0.7071
vn 0.0077 -0.7071 0.7071
vn -0.0110 0.9999 -0.0000
vn -0.9554 0.2953 -0.0000
vn -0.1066 -0.9943 -0.0000
vn 0.9910 -0.1336 -0.0000
vn 0.6333 0.5009 0.5900
vn 0.5172 -0.6432 0.5645
vn 0.6333 0.5009 -0.5900
vn 0.5172 -0.6432 -0.5645
vn -0.4785 0.6917 0.5409
vn -0.6599 -0.4348 0.6128
vn -0.4785 0.6917 -0.5409
vn -0.6599 -0.4347 -0.6128
vn 0.7843 0.6203 -0.0000
vn 0.7092 -0.0956 0.6985
vn 0.6267 -0.7793 -0.0000
vn 0.6946 -0.1014 -0.7122
vn 0.0749 0.7020 -0.7082
vn -0.0752 -0.7016 -0.7086
vn -0.6723 0.2078 -0.7105
vn -0.5689 0.8224 -0.0000
vn -0.8351 -0.5501 -0.0000
vn -0.6723 0.2078 0.7105
vn 0.0747 0.7017 0.7086
vn -0.0753 -0.7020 0.7082
vn 0.1059 0.9944 -0.0000
vn -0.4452 0.8954 -0.0000
vn -0.5427 -0.8399 -0.0000
vn 0.7660 -0.6428 -0.0000
vn 0.7858 0.0306 0.6178
vn 0.2156 -0.8229 0.5257
vn 0.7858 0.0306 -0.6178
vn 0.2156 -0.8229 -0.5257
vn -0.0665 0.8867 0.4576
vn -0.7183 0.2179 0.6607
vn -0.0665 0.8867 -0.4576
vn -0.7183 0.2179 -0.6607
vn 0.9992 0.0389 -0.0000
vn 0.5904 -0.4955 0.6371
vn 0.2535 -0.9673 -0.0000
vn 0.5368 -0.4837 -0.6913
vn 0.3618 0.5686 -0.7388
vn -0.3623 -0.5623 -0.7434
vn -0.3376 0.6791 -0.6518
vn -0.0748 0.9972 -0.0000
vn -0.9569 0.2903 -0.0000
vn -0.3376 0.6791 0.6518
vn 0.3582 0.5655 0.7429
vn -0.3650 -0.5648 0.7401
vn 0.5351 0.8448 -0.0000
vn 0.2155 0.9765 -0.0000
vn -0.9900 0.1412 -0.0000
vn 0.0460 -0.9989 -0.0000
vn 0.4088 -0.7362 0.5393
vn -0.3749 -0.7547 0.5384
vn 0.4088 -0.7362 -0.5393
vn -0.3749 -0.7547 -0.5384
vn 0.5254 0.6681 0.5269
vn -0.2591 0.7951 0.5483
vn 0.5254 0.6681 -0.5269
vn -0.2591 0.7951 -0.5483
vn 0.4854 -0.8743 -0.0000
vn 0.0382 -0.8306 0.5556
vn -0.4448 -0.8956 -0.0000
vn 0.0175 -0.7876 -0.6159
vn 0.5891 -0.0815 -0.8039
vn -0.5875 0.0838 -0.8049
vn 0.1484 0.7687 -0.6221
vn 0.6181 0.7861 -0.0000
vn -0.3098 0.9508 -0.0000
vn 0.1484 0.7687 0.6221
vn 0.5875 -0.0818 0.8051
vn -0.5887 0.0836 0.8040
vn 0.9906 -0.1370 -0.0000
vn 0.8900 0.4560 -0.0000
vn -0.3538 0.9353 -0.0000
vn -0.6725 -0.7401 -0.0000
vn -0.2331 -0.8431 0.4845
vn -0.7552 0.0420 0.6542
vn -0.2331 -0.8431 -0.4845
vn -0.7552 0.0420 -0.6542
vn 0.7444 -0.2570 0.6163
vn 0.3514 0.7679 0.5356
vn 0.7444 -0.2570 -0.6163
vn 0.3514 0.7679 -0.5356
vn -0.2665 -0.9638 -0.0000
vn -0.5480 -0.5616 0.6199
vn -0.9985 0.0555 -0.0000
vn -0.4936 -0.5433 -0.6791
vn 0.2404 -0.6472 -0.7235
vn -0.2452 0.6480 -0.7211
vn 0.6235 0.3401 -0.7040
vn 0.9452 -0.3264 -0.0000
vn 0.4161 0.9093 -0.0000
vn 0.6234 0.3401 0.7040
vn 0.2424 -0.6499 0.7203
vn -0.2436 0.6457 0.7237
vn 0.3482 -0.9374 -0.0000
vn 0.9981 0.0611 -0.0000
vn -0.0586 0.9983 -0.0000
vn -0.9844 -0.1759 -0.0000
vn -0.5270 -0.6453 0.5531
vn -0.6227 0.5012 0.6009
vn -0.5270 -0.6453 -0.5531
vn -0.6227 0.5012 -0.6009
vn 0.5999 -0.5453 0.5854
vn 0.5541 0.6075 0.5691
vn 0.5999 -0.5453 -0.5854
vn 0.5541 0.6075 -0.5691
vn -0.6326 -0.7745 -0.0000
vn -0.7071 -0.1182 0.6972
vn -0.7790 0.6271 -0.0000
vn -0.6920 -0.1237 -0.7112
vn 0.0412 -0.7055 -0.7075
vn -0.0414 0.7056 -0.7074
vn 0.7018 0.0477 -0.7107
vn 0.7399 -0.6727 -0.0000
vn 0.6739 0.7388 -0.0000
vn 0.7018 0.0477 0.7107
vn 0.0413 -0.7057 0.7073
vn -0.0414 0.7055 0.7075
vn 0.0583 -0.9983 -0.0000
vn 0.9990 -0.0451 -0.0000
vn 0.0204 0.9998 -0.0000
vn -0.9998 0.0187 -0.0000
vn -0.5895 -0.5646 0.5777
vn -0.5651 0.5897 0.5770
vn -0.5895 -0.5646 -0.5777
vn -0.5651 0.5897 -0.5770
vn 0.5591 -0.5986 0.5737
vn 0.5952 0.5551 0.5810
vn 0.5591 -0.5986 -0.5737
vn 0.5952 0.5551 -0.5810
vn -0.7222 -0.6917 -0.0000
vn -0.7093 0.0133 0.7048
vn -0.6919 0.7220 -0.0000
vn -0.7047 0.0158 -0.7093
vn -0.0145 -0.7069 -0.7072
vn 0.0144 0.7069 -0.7071
vn 0.7058 -0.0318 -0.7077
vn 0.6826 -0.7308 -0.0000
vn 0.7313 0.6820 -0.0000
vn 0.7058 -0.0318 0.7077
vn -0.0145 -0.7069 0.7071
vn 0.0144 0.7069 0.7072
vn -0.0205 -0.9998 -0.0000
vn 1.0000 -0.0015 -0.0000
vn 0.0133 0.9999 -0.0000
vn -0.9992 0.0393 -0.0000
vn -0.5940 -0.5575 0.5799
vn -0.5604 0.5963 0.5748
vn -0.5940 -0.5575 -0.5799
vn -0.5604 0.5963 -0.5748
vn 0.5689 -0.5830 0.5800
vn 0.5859 0.5715 0.5746
vn 0.5689 -0.5830 -0.5800
vn 0.5859 0.5715 -0.5746
vn -0.7291 -0.6844 -0.0000
vn -0.7059 0.0278 0.7078
vn -0.6848 0.7287 -0.0000
vn -0.7076 0.0269 -0.7061
vn -0.0094 -0.7071 -0.7071
vn 0.0094 0.7070 -0.7071
vn 0.7095 -0.0037 -0.7047
vn 0.6984 -0.7157 -0.0000
vn 0.7158 0.6983 -0.0000
vn 0.7095 -0.0037 0.7047
vn -0.0094 -0.7070 0.7071
vn 0.0094 0.7071 0.7071
vn -0.0133 -0.9999 -0.0000
vn 0.9989 0.0460 -0.0000
vn -0.0270 0.9996 -0.0000
vn -0.9991 -0.0426 -0.0000
vn -0.5574 -0.5993 0.5745
vn -0.5969 0.5542 0.5802
vn -0.5574 -0.5993 -0.5745
vn -0.5969 0.5542 -0.5802
vn 0.5974 -0.5530 0.5808
vn 0.5568 0.6005 0.5739
vn 0.5974 -0.5530 -0.5808
vn 0.5568 0.6005 -0.5739
vn -0.6810 -0.7323 -0.0000
vn -0.7058 -0.0311 0.7078
vn -0.7328 0.6804 -0.0000
vn -0.7074 -0.0302 -0.7061
vn 0.0191 -0.7067 -0.7072
vn -0.0191 0.7067 -0.7072
vn 0.7058 0.0333 -0.7077
vn 0.7339 -0.6793 -0.0000
vn 0.6799 0.7333 -0.0000
vn 0.7058 0.0333 0.7076
vn 0.0191 -0.7067 0.7072
vn -0.0191 0.7067 0.7072
vn 0.0270 -0.9996 -0.0000
vn 0.9984 -0.0559 -0.0000
vn 0.0090 1.0000 -0.0000
vn -1.0000 -0.0094 -0.0000
vn -0.5734 -0.5810 0.5777
vn -0.5813 0.5737 0.5770
vn -0.5734 -0.5810 -0.5777
vn -0.5813 0.5737 -0.5770
vn 0.5670 -0.5964 0.5681
vn 0.5873 0.5578 0.5864
vn 0.5670 -0.5964 -0.5681
vn 0.5873 0.5578 -0.5864
vn -0.7024 -0.7118 -0.0000
vn -0.7094 -0.0067 0.7048
vn -0.7118 0.7024 -0.0000
vn -0.7048 -0.0041 -0.7094
vn -0.0063 -0.7072 -0.7070
vn 0.0064 0.7071 -0.7071
vn 0.7021 -0.0393 -0.7110
vn 0.6890 -0.7248 -0.0000
vn 0.7250 0.6887 -0.0000
vn 0.7021 -0.0393 0.7110
vn -0.0063 -0.7071 0.7071
vn 0.0064 0.7072 0.7070
vn -0.0089 -1.0000 -0.0000
vn 0.8991 -0.4378 -0.0000
vn 0.1693 0.9856 -0.0000
vn -0.9755 0.2201 -0.0000
vn -0.6779 -0.4359 0.5921
vn -0.4647 0.6843 0.5620
vn -0.6779 -0.4359 -0.5921
vn -0.4647 0.6843 -0.5620
vn 0.4094 -0.7433 0.5290
vn 0.7055 0.3363 0.6238
vn 0.4094 -0.7433 -0.5290
vn 0.7055 0.3363 -0.6238
vn -0.8411 -0.5408 -0.0000
vn -0.7048 0.1590 0.6913
vn -0.5618 0.8273 -0.0000
vn -0.6807 0.1662 -0.7135
vn -0.1183 -0.6941 -0.7101
vn 0.1188 0.6931 -0.7110
vn 0.6349 -0.3091 -0.7080
vn 0.4825 -0.8759 -0.0000
vn 0.9027 0.4303 -0.0000
vn 0.6349 -0.3091 0.7080
vn -0.1180 -0.6933 0.7110
vn 0.1192 0.6938 0.7102
vn -0.1677 -0.9858 -0.0000
vn 0.2398 -0.9708 -0.0000
vn 0.7554 0.6552 -0.0000
vn -0.5903 0.8072 -0.0000
vn -0.7618 0.2576 0.5944
vn -0.0480 0.8483 0.5273
vn -0.7618 0.2576 -0.5944
vn -0.0480 0.8483 -0.5273
vn -0.1186 -0.8754 0.4685
vn 0.6216 -0.4689 0.6275
vn -0.1186 -0.8754 -0.4685
vn 0.6216 -0.4689 -0.6275
vn -0.9473 0.3203 -0.0000
vn -0.4731 0.6469 0.5981
vn -0.0565 0.9984 -0.0000
vn -0.4133 0.6149 -0.6716
vn -0.4819 -0.4193 -0.7694
vn 0.4817 0.4180 -0.7702
vn 0.1856 -0.7513 -0.6333
vn -0.1343 -0.9909 -0.0000
vn 0.7983 -0.6022 -0.0000
vn 0.1856 -0.7513 0.6333
vn -0.4810 -0.4189 0.7701
vn 0.4823 0.4184 0.7696
vn -0.7541 -0.6568 -0.0000
vn -0.4200 -0.9075 -0.0000
vn 0.9046 -0.4262 -0.0000
vn 0.1066 0.9943 -0.0000
vn -0.2701 0.8163 0.5107
vn 0.5079 0.6434 0.5728
vn -0.2701 0.8162 -0.5107
vn 0.5079 0.6434 -0.5728
vn -0.6703 -0.5021 0.5464
vn 0.1106 -0.8297 0.5471
vn -0.6703 -0.5021 -0.5464
vn 0.1106 -0.8297 -0.5471
vn -0.3141 0.9494 -0.0000
vn 0.1081 0.8224 0.5585
vn 0.6196 0.7849 -0.0000
vn 0.0837 0.7806 -0.6195
vn -0.5565 0.2557 -0.7905
vn 0.5516 -0.2599 -0.7926
vn -0.2952 -0.7017 -0.6484
vn -0.8003 -0.5995 -0.0000
vn 0.1322 -0.9912 -0.0000
vn -0.2952 -0.7017 0.6484
vn -0.5527 0.2554 0.7933
vn 0.5545 -0.2603 0.7904
vn -0.9087 0.4175 -0.0000
vn -0.9514 -0.3080 -0.0000
vn 0.2379 -0.9713 -0.0000
vn 0.8224 0.5688 -0.0000
vn 0.3253 0.7863 0.5253
vn 0.7530 -0.2081 0.6242
vn 0.3253 0.7863 -0.5253
vn 0.7530 -0.2081 -0.6242
vn -0.6893 0.3917 0.6094
vn -0.4426 -0.7127 0.5443
vn -0.6893 0.3917 -0.6094
vn -0.4426 -0.7127 -0.5443
vn 0.3823 0.9240 -0.0000
vn 0.6417 0.4089 0.6488
vn 0.9639 -0.2664 -0.0000
vn 0.5841 0.4040 -0.7041
vn -0.1651 0.6798 -0.7146
vn 0.1666 -0.6804 -0.7137
vn -0.6676 -0.2289 -0.7085
vn -0.8694 0.4941 -0.0000
vn -0.5276 -0.8495 -0.0000
vn -0.6676 -0.2289 0.7085
vn -0.1656 0.6808 0.7135
vn 0.1662 -0.6795 0.7146
vn -0.2360 0.9718 -0.0000
vn -0.9998 -0.0181 -0.0000
vn 0.0258 -0.9997 -0.0000
vn 0.9944 0.1056 -0.0000
vn 0.5433 0.6196 0.5666
vn 0.6098 -0.5314 0.5880
vn 0.5433 0.6196 -0.5666
vn 0.6098 -0.5314 -0.5880
vn -0.5919 0.5626 0.5772
vn -0.5627 -0.5915 0.5775
vn -0.5919 0.5626 -0.5772
vn -0.5627 -0.5915 -0.5775
vn 0.6593 0.7519 -0.0000
vn 0.7117 0.0677 0.6992
vn 0.7539 -0.6570 -0.0000
vn 0.6972 0.0741 -0.7131
vn -0.0181 0.7068 -0.7072
vn 0.0183 -0.7070 -0.7070
vn -0.7027 -0.0174 -0.7112
vn -0.7249 0.6889 -0.0000
vn -0.6893 -0.7245 -0.0000
vn -0.7027 -0.0174 0.7112
vn -0.0181 0.7070 0.7070
vn 0.0182 -0.7068 0.7072
vn -0.0256 0.9997 -0.0000
vn -0.9988 0.0495 -0.0000
vn -0.0271 -0.9996 -0.0000
vn 0.9992 -0.0399 -0.0000
vn 0.5963 0.5554 0.5796
vn 0.5581 -0.5982 0.5751
vn 0.5963 0.5554 -0.5796
vn 0.5581 -0.5982 -0.5751
vn -0.5560 0.6019 0.5732
vn -0.5981 -0.5515 0.5815
vn -0.5560 0.6019 -0.5732
vn -0.5981 -0.5515 -0.5815
vn 0.7318 0.6816 -0.0000
vn 0.7074 -0.0282 0.7062
vn 0.6821 -0.7312 -0.0000
vn 0.7059 -0.0290 -0.7077
vn 0.0192 0.7067 -0.7072
vn -0.0192 -0.7067 -0.7072
vn -0.7072 0.0351 -0.7061
vn -0.6785 0.7346 -0.0000
vn -0.7352 -0.6779 -0.0000
vn -0.7072 0.0351 0.7061
vn 0.0192 0.7067 0.7072
vn -0.0192 -0.7067 0.7072
vn 0.0271 0.9996 -0.0000
vn -0.9997 -0.0229 -0.0000
vn 0.0017 -1.0000 -0.0000
vn 0.9998 -0.0184 -0.0000
vn 0.5825 0.5705 0.5790
vn 0.5722 -0.5841 0.5757
vn 0.5825 0.5705 -0.5790
vn 0.5722 -0.5841 -0.5757
vn -0.5833 0.5688 0.5799
vn -0.5714 -0.5858 0.5748
vn -0.5833 0.5688 -0.5799
vn -0.5714 -0.5858 -0.5748
vn 0.7144 0.6998 -0.0000
vn 0.7046 -0.0130 0.7094
vn 0.6998 -0.7143 -0.0000
vn 0.7094 -0.0104 -0.7047
vn -0.0012 0.7071 -0.7071
vn 0.0012 -0.7071 -0.7071
vn -0.7094 -0.0135 -0.7047
vn -0.7160 0.6981 -0.0000
vn -0.6982 -0.7159 -0.0000
vn -0.7094 -0.0135 0.7047
vn -0.0012 0.7071 0.7071
vn 0.0012 -0.7071 0.7071
vn -0.0017 1.0000 -0.0000
vn 0.7094 -0.0120 0.7047
vn 0.7046 -0.0145 -0.7094
vn -0.7046 -0.0145 -0.7094
vn -0.7046 -0.0145 0.7094
vn 0.7067 0.0356 0.7067
vn 0.7062 0.0358 -0.7071
vn -0.7074 -0.0277 -0.7062
vn -0.7074 -0.0277 0.7062
vn 0.7027 -0.0202 0.7112
vn 0.7112 -0.0157 -0.7028
vn 0.0202 0.7067 -0.7072
vn -0.0204 -0.7069 -0.7070
vn -0.7113 0.0723 -0.6991
vn -0.7113 0.0723 0.6991
vn 0.0202 0.7069 0.7070
vn -0.0203 -0.7067 0.7072
vn 0.6629 -0.2376 0.7100
vn 0.6925 -0.2320 -0.6831
vn 0.1739 0.6769 -0.7153
vn -0.1753 -0.6773 -0.7145
vn -0.6335 0.4239 -0.6473
vn -0.6335 0.4239 0.6473
vn 0.1744 0.6777 0.7143
vn -0.1749 -0.6766 0.7153
vn 0.2812 -0.7088 0.6469
vn 0.3296 -0.7531 -0.5695
vn 0.5609 0.2404 -0.7922
vn -0.5564 -0.2444 -0.7942
vn -0.0965 0.8240 -0.5583
vn -0.0965 0.8240 0.5583
vn 0.5573 0.2402 0.7948
vn -0.5591 -0.2448 0.7922
vn -0.1995 -0.7458 0.6356
vn -0.2404 -0.7932 -0.5596
vn 0.4736 -0.4321 -0.7674
vn -0.4736 0.4315 -0.7678
vn 0.4873 0.6338 -0.6007
vn 0.4872 0.6338 0.6007
vn 0.4733 -0.4319 0.7678
vn -0.4739 0.4317 0.7675
vn -0.6386 -0.2987 0.7092
vn -0.6773 -0.2951 -0.6739
vn 0.1135 -0.6952 -0.7098
vn -0.1140 0.6942 -0.7107
vn 0.7061 0.1516 -0.6917
vn 0.7061 0.1516 0.6917
vn 0.1132 -0.6944 0.7106
vn -0.1143 0.6949 0.7099
vn -0.7022 -0.0366 0.7110
vn -0.7108 -0.0322 -0.7026
vn 0.0050 -0.7072 -0.7070
vn -0.0051 0.7071 -0.7071
vn 0.7094 -0.0082 -0.7048
vn 0.7094 -0.0082 0.7048
vn 0.0050 -0.7071 0.7071
vn -0.0051 0.7072 0.7070
vn -0.7058 0.0338 0.7076
vn -0.7072 0.0330 -0.7062
vn 0.7058 -0.0305 -0.7078
vn 0.7058 -0.0305 0.7078
vn -0.7095 -0.0053 0.7047
vn -0.7048 -0.0026 -0.7094
vn 0.7059 0.0283 -0.7078
vn 0.7059 0.0283 0.7078
vn -0.7059 -0.0313 0.7077
vn -0.7073 -0.0306 -0.7062
vn 0.0138 -0.7069 -0.7072
vn -0.0138 0.7069 -0.7071
vn 0.7093 0.0118 -0.7048
vn 0.7093 0.0118 0.7048
vn 0.0139 -0.7069 0.7071
vn -0.0138 0.7069 0.7072
vn -0.7003 0.0519 0.7120
vn -0.7117 0.0464 -0.7009
vn -0.0415 -0.7055 -0.7075
vn 0.0418 0.7057 -0.7073
vn 0.7091 -0.1232 -0.6942
vn 0.7091 -0.1232 0.6942
vn -0.0416 -0.7057 0.7073
vn 0.0418 0.7055 0.7075
vn -0.6195 0.3502 0.7025
vn -0.6573 0.3496 -0.6676
vn -0.2470 -0.6436 -0.7244
vn 0.2522 0.6445 -0.7218
vn 0.5419 -0.5776 -0.6105
vn 0.5419 -0.5776 0.6105
vn -0.2492 -0.6466 0.7210
vn 0.2505 0.6419 0.7247
vn -0.1563 0.7684 0.6206
vn -0.1454 0.8165 -0.5588
vn -0.5902 -0.0679 -0.8044
vn 0.5888 0.0698 -0.8052
vn -0.0499 -0.8295 -0.5563
vn -0.0499 -0.8295 0.5563
vn -0.5889 -0.0682 0.8054
vn 0.5899 0.0697 0.8045
vn 0.3506 0.6688 0.6555
vn 0.4038 0.7056 -0.5823
vn -0.3530 0.5757 -0.7375
vn 0.3536 -0.5702 -0.7415
vn -0.5992 -0.4816 -0.6395
vn -0.5992 -0.4816 0.6395
vn -0.3499 0.5730 0.7411
vn 0.3559 -0.5725 0.7386
vn 0.6738 0.2007 0.7111
vn 0.6979 0.1948 -0.6892
vn -0.0716 0.7025 -0.7081
vn 0.0719 -0.7021 -0.7085
vn -0.7097 -0.0909 -0.6986
vn -0.7097 -0.0909 0.6986
vn -0.0715 0.7021 0.7085
vn 0.0720 -0.7024 0.7081
vn 0.7029 0.0015 0.7112
vn 0.7113 0.0063 -0.7028
vn 0.0091 0.7071 -0.7071
vn -0.0090 -0.7070 -0.7071
vn -0.7091 0.0223 -0.7047
vn -0.7091 0.0223 0.7047
vn 0.0091 0.7070 0.7071
vn -0.0090 -0.7071 0.7071
vn 0.7074 -0.0329 0.7061
vn 0.7057 -0.0337 -0.7077
vn -0.7045 0.0209 -0.7094
vn -0.7045 0.0209 0.7094
vn 0.7093 0.0199 0.7046
vn 0.7045 0.0224 -0.7094
vn -0.7057 -0.0343 -0.7077
vn -0.7057 -0.0343 0.7077
vn 0.7045 0.0232 0.7093
vn 0.7092 0.0207 -0.7047
vn -0.7113 0.0091 -0.7028
vn -0.7113 0.0091 0.7028
vn 0.6946 -0.1014 0.7122
vn 0.7092 -0.0956 -0.6985
vn 0.0747 0.7017 -0.7086
vn -0.0753 -0.7020 -0.7082
vn -0.6964 0.2021 -0.6886
vn -0.6964 0.2021 0.6886
vn 0.0749 0.7020 0.7082
vn -0.0752 -0.7016 0.7086
vn 0.5368 -0.4837 0.6913
vn 0.5904 -0.4955 -0.6371
vn 0.3582 0.5655 -0.7429
vn -0.3650 -0.5648 -0.7401
vn -0.3896 0.7168 -0.5782
vn -0.3896 0.7168 0.5782
vn 0.3618 0.5686 0.7388
vn -0.3623 -0.5623 0.7434
vn 0.0175 -0.7876 0.6159
vn 0.0382 -0.8306 -0.5556
vn 0.5875 -0.0818 -0.8051
vn -0.5888 0.0836 -0.8040
vn 0.1791 0.8117 -0.5559
vn 0.1791 0.8117 0.5559
vn 0.5891 -0.0815 0.8039
vn -0.5875 0.0838 0.8049
vn -0.4936 -0.5433 0.6791
vn -0.5480 -0.5616 -0.6199
vn 0.2424 -0.6499 -0.7203
vn -0.2436 0.6457 -0.7237
vn 0.6614 0.3389 -0.6691
vn 0.6614 0.3389 0.6691
vn 0.2404 -0.6472 0.7235
vn -0.2452 0.6480 0.7211
vn -0.6920 -0.1237 0.7112
vn -0.7071 -0.1182 -0.6972
vn 0.0413 -0.7057 -0.7074
vn -0.0414 0.7055 -0.7075
vn 0.7104 0.0435 -0.7024
vn 0.7104 0.0435 0.7024
vn 0.0412 -0.7055 0.7075
vn -0.0414 0.7056 0.7074
vn -0.7047 0.0158 0.7093
vn -0.7093 0.0133 -0.7048
vn -0.0145 -0.7069 -0.7071
vn 0.0144 0.7069 -0.7072
vn 0.7073 -0.0311 -0.7062
vn 0.7073 -0.0311 0.7062
vn -0.0145 -0.7069 0.7072
vn 0.0144 0.7069 0.7071
vn -0.7076 0.0269 0.7061
vn -0.7059 0.0278 -0.7078
vn -0.0094 -0.7070 -0.7071
vn 0.0094 0.7071 -0.7071
vn 0.7048 -0.0010 -0.7094
vn 0.7048 -0.0010 0.7094
vn -0.0094 -0.7071 0.7071
vn 0.0094 0.7070 0.7071
vn -0.7074 -0.0302 0.7061
vn -0.7058 -0.0311 -0.7078
vn 0.7073 0.0325 -0.7062
vn 0.7073 0.0325 0.7062
vn -0.7048 -0.0041 0.7094
vn -0.7094 -0.0067 -0.7048
vn -0.0063 -0.7071 -0.7071
vn 0.0064 0.7072 -0.7070
vn 0.7107 -0.0351 -0.7026
vn 0.7107 -0.0351 0.7026
vn -0.0063 -0.7072 0.7070
vn 0.0064 0.7071 0.7071
vn -0.6807 0.1662 0.7135
vn -0.7048 0.1590 -0.6913
vn -0.1180 -0.6933 -0.7110
vn 0.1192 0.6938 -0.7102
vn 0.6735 -0.3062 -0.6728
vn 0.6735 -0.3062 0.6728
vn -0.1183 -0.6941 0.7101
vn 0.1188 0.6931 0.7110
vn -0.4133 0.6149 0.6716
vn -0.4731 0.6469 -0.5981
vn -0.4810 -0.4190 -0.7701
vn 0.4823 0.4184 -0.7696
vn 0.2253 -0.7992 -0.5573
vn 0.2253 -0.7992 0.5573
vn -0.4819 -0.4193 0.7694
vn 0.4817 0.4180 0.7702
vn 0.0837 0.7806 0.6195
vn 0.1081 0.8224 -0.5585
vn -0.5527 0.2554 -0.7933
vn 0.5545 -0.2603 -0.7904
vn -0.3449 -0.7453 -0.5706
vn -0.3449 -0.7453 0.5706
vn -0.5565 0.2557 0.7905
vn 0.5516 -0.2599 0.7926
vn 0.5841 0.4040 0.7041
vn 0.6417 0.4089 -0.6488
vn -0.1656 0.6808 -0.7135
vn 0.1662 -0.6795 -0.7146
vn -0.6916 -0.2239 -0.6867
vn -0.6916 -0.2239 0.6867
vn -0.1651 0.6798 0.7145
vn 0.1666 -0.6804 0.7137
vn 0.6972 0.0741 0.7131
vn 0.7117 0.0677 -0.6992
vn -0.0181 0.7070 -0.7070
vn 0.0182 -0.7068 -0.7072
vn -0.7113 -0.0129 -0.7028
vn -0.7113 -0.0129 0.7028
vn -0.0181 0.7068 0.7072
vn 0.0183 -0.7070 0.7070
vn 0.7059 -0.0290 0.7077
vn 0.7074 -0.0282 -0.7062
vn -0.7056 0.0359 -0.7077
vn -0.7056 0.0359 0.7077
vn 0.7144 0.6997 -0.0000
vn 0.7094 -0.0104 0.7047
vn 0.7046 -0.0130 -0.7094
vn -0.7046 -0.0161 -0.7094
vn -0.7046 -0.0161 0.7094
vt 0.580051 0.772928
vt 0.419949 0.977072
vt 0.419949 0.772928
vt 0.419949 0.508750
vt 0.580051 0.741250
vt 0.419949 0.741250
vt 0.852072 0.508750
vt 0.647928 0.741250
vt 0.647928 0.508750
vt 0.580051 0.008750
vt 0.419949 0.241250
vt 0.419949 0.008750
vt 0.419949 0.272928
vt 0.580051 0.477072
vt 0.419949 0.477072
vt 0.147928 0.741250
vt 0.147928 0.750000
vt 0.125000 0.741250
vt 0.580051 0.000000
vt 0.625000 0.008750
vt 0.147928 0.508750
vt 0.125000 0.508750
vt 0.147928 0.500000
vt 0.625000 0.241250
vt 0.580051 0.250000
vt 0.580051 0.241250
vt 0.352072 0.741250
vt 0.375000 0.741250
vt 0.352072 0.750000
vt 0.625000 0.772928
vt 0.580051 0.750000
vt 0.352072 0.508750
vt 0.352072 0.500000
vt 0.375000 0.508750
vt 0.625000 0.477072
vt 0.580051 0.500000
vt 0.419949 0.000000
vt 0.580051 0.272928
vt 0.625000 0.272928
vt 0.580051 0.508750
vt 0.625000 0.977072
vt 0.580051 0.977072
vt 0.852072 0.741250
s 0
f 881/44/1116 866/45/1116 879/46/1116
f 885/47/1117 882/48/1117 878/49/1117
f 874/50/1118 880/51/1118 886/52/1118
f 870/53/1119 872/54/1119 867/55/1119
f 873/56/1120 888/57/1120 884/58/1120
f 865/59/1121 866/60/1121 867/61/1121
f 868/62/1122 869/63/1122 870/53/1122
f 871/64/1123 872/65/1123 873/66/1123
f 874/67/1124 875/68/1124 876/69/1124
f 877/70/1125 878/71/1125 879/72/1125
f 880/73/1126 881/44/1126 882/74/1126
f 883/75/1127 884/76/1127 885/77/1127
f 886/78/1128 887/79/1128 888/57/1128
f 865/59/1129 872/65/1129 871/64/1129
f 866/80/1130 870/53/1130 867/55/1130
f 874/67/1131 870/53/1131 869/63/1131
f 873/56/1132 876/69/1132 875/81/1132
f 883/75/1133 873/66/1133 884/76/1133
f 886/78/1134 875/81/1134 874/82/1134
f 887/83/1135 884/58/1135 888/57/1135
f 883/75/1136 878/49/1136 877/70/1136
f 880/51/1137 887/83/1137 886/52/1137
f 879/46/1138 882/48/1138 881/44/1138
f 877/70/1139 866/60/1139 865/59/1139
f 869/84/1140 881/44/1140 880/73/1140
f 883/75/1141 865/59/1141 871/64/1141
f 905/44/1116 890/45/1116 903/46/1116
f 909/47/1142 906/48/1142 902/49/1142
f 898/50/1143 904/51/1143 910/52/1143
f 891/55/1144 900/69/1144 896/54/1144
f 897/56/1120 912/57/1120 908/58/1120
f 889/59/1145 890/60/1145 891/61/1145
f 892/62/1146 893/63/1146 894/53/1146
f 895/64/1147 896/65/1147 897/66/1147
f 898/67/1148 899/68/1148 900/69/1148
f 901/70/1149 902/71/1149 903/72/1149
f 904/73/1150 905/44/1150 906/74/1150
f 907/75/1151 908/76/1151 909/77/1151
f 910/78/1152 911/79/1152 912/57/1152
f 895/64/1153 891/61/1153 896/65/1153
f 892/62/1154 891/55/1154 890/80/1154
f 898/67/1155 894/53/1155 893/63/1155
f 899/81/1156 896/54/1156 900/69/1156
f 895/64/1157 908/76/1157 907/75/1157
f 910/78/1158 899/81/1158 898/82/1158
f 911/83/1159 908/58/1159 912/57/1159
f 907/75/1160 902/49/1160 901/70/1160
f 910/52/1161 906/48/1161 911/83/1161
f 903/46/1162 906/48/1162 905/44/1162
f 889/59/1163 903/72/1163 890/60/1163
f 904/73/1164 892/85/1164 905/44/1164
f 907/75/1165 889/59/1165 895/64/1165
f 927/46/1116 916/85/1116 914/45/1116
f 933/47/1166 930/48/1166 926/49/1166
f 922/50/1167 928/51/1167 934/52/1167
f 915/55/1168 924/69/1168 920/54/1168
f 923/81/1120 932/58/1120 921/56/1120
f 913/59/1169 914/60/1169 915/61/1169
f 916/62/1170 917/63/1170 918/53/1170
f 919/64/1171 920/65/1171 921/66/1171
f 922/67/1172 923/68/1172 924/69/1172
f 925/70/1173 926/71/1173 927/72/1173
f 928/73/1174 929/44/1174 930/74/1174
f 931/75/1175 932/76/1175 933/77/1175
f 934/78/1176 935/79/1176 936/57/1176
f 919/64/1177 915/61/1177 920/65/1177
f 914/80/1178 918/53/1178 915/55/1178
f 922/67/1179 918/53/1179 917/63/1179
f 921/56/1180 924/69/1180 923/81/1180
f 931/75/1181 921/66/1181 932/76/1181
f 922/82/1182 936/57/1182 923/81/1182
f 933/47/1183 936/57/1183 935/83/1183
f 931/75/1184 926/49/1184 925/70/1184
f 928/51/1185 935/83/1185 934/52/1185
f 929/44/1186 926/49/1186 930/48/1186
f 925/70/1187 914/60/1187 913/59/1187
f 917/84/1188 929/44/1188 928/73/1188
f 931/75/1189 913/59/1189 919/64/1189
f 951/46/1116 940/85/1116 938/45/1116
f 959/83/1190 950/49/1190 957/47/1190
f 946/50/1191 952/51/1191 958/52/1191
f 942/53/1192 944/54/1192 939/55/1192
f 947/81/1120 956/58/1120 945/56/1120
f 937/59/1193 938/60/1193 939/61/1193
f 940/62/1194 941/63/1194 942/53/1194
f 943/64/1195 944/65/1195 945/66/1195
f 946/67/1196 947/68/1196 948/69/1196
f 949/70/1197 950/71/1197 951/72/1197
f 952/73/1198 953/44/1198 954/74/1198
f 955/75/1199 956/76/1199 957/77/1199
f 958/78/1200 959/79/1200 960/57/1200
f 937/59/1201 944/65/1201 943/64/1201
f 938/80/1202 942/53/1202 939/55/1202
f 946/67/1203 942/53/1203 941/63/1203
f 945/56/1204 948/69/1204 947/81/1204
f 955/75/1205 945/66/1205 956/76/1205
f 946/82/1206 960/57/1206 947/81/1206
f 957/47/1207 960/57/1207 959/83/1207
f 955/75/1208 950/49/1208 949/70/1208
f 952/51/1209 959/83/1209 958/52/1209
f 953/44/1210 950/49/1210 954/48/1210
f 949/70/1211 938/60/1211 937/59/1211
f 941/84/1212 953/44/1212 952/73/1212
f 955/75/1213 937/59/1213 943/64/1213
f 975/46/1116 964/85/1116 962/45/1116
f 983/83/1214 974/49/1214 981/47/1214
f 982/52/1215 965/86/1215 976/51/1215
f 966/53/1216 968/54/1216 963/55/1216
f 971/81/1120 980/58/1120 969/56/1120
f 961/59/1217 962/60/1217 963/61/1217
f 964/62/1218 965/63/1218 966/53/1218
f 967/64/1219 968/65/1219 969/66/1219
f 970/67/1220 971/68/1220 972/69/1220
f 973/70/1221 974/71/1221 975/72/1221
f 976/73/1222 977/44/1222 978/74/1222
f 979/75/1223 980/76/1223 981/77/1223
f 982/78/1224 983/79/1224 984/57/1224
f 961/59/1225 968/65/1225 967/64/1225
f 962/80/1226 966/53/1226 963/55/1226
f 970/67/1227 966/53/1227 965/63/1227
f 969/56/1228 972/69/1228 971/81/1228
f 979/75/1229 969/66/1229 980/76/1229
f 970/82/1230 984/57/1230 971/81/1230
f 981/47/1231 984/57/1231 983/83/1231
f 979/75/1232 974/49/1232 973/70/1232
f 982/52/1233 978/48/1233 983/83/1233
f 977/44/1234 974/49/1234 978/48/1234
f 973/70/1235 962/60/1235 961/59/1235
f 965/84/1236 977/44/1236 976/73/1236
f 979/75/1237 961/59/1237 967/64/1237
f 1001/44/1116 986/45/1116 999/46/1116
f 1007/83/1238 998/49/1238 1005/47/1238
f 1006/52/1239 989/86/1239 1000/51/1239
f 987/55/1240 996/69/1240 992/54/1240
f 993/56/1120 1008/57/1120 1004/58/1120
f 985/59/1241 986/60/1241 987/61/1241
f 988/62/1242 989/63/1242 990/53/1242
f 991/64/1243 992/65/1243 993/66/1243
f 994/67/1244 995/68/1244 996/69/1244
f 997/70/1245 998/71/1245 999/72/1245
f 1000/73/1246 1001/44/1246 1002/74/1246
f 1003/75/1247 1004/76/1247 1005/77/1247
f 1006/78/1248 1007/79/1248 1008/57/1248
f 985/59/1249 992/65/1249 991/64/1249
f 988/62/1250 987/55/1250 986/80/1250
f 989/63/1251 996/69/1251 990/53/1251
f 995/81/1252 992/54/1252 996/69/1252
f 991/64/1253 1004/76/1253 1003/75/1253
f 1006/78/1254 995/81/1254 994/82/1254
f 1007/83/1255 1004/58/1255 1008/57/1255
f 997/70/1256 1005/47/1256 998/49/1256
f 1000/51/1257 1007/83/1257 1006/52/1257
f 999/46/1258 1002/48/1258 1001/44/1258
f 985/59/1259 999/72/1259 986/60/1259
f 1000/73/1260 988/85/1260 1001/44/1260
f 1003/75/1261 985/59/1261 991/64/1261
f 1025/44/1116 1010/45/1116 1023/46/1116
f 1031/83/1262 1022/49/1262 1029/47/1262
f 1030/52/1263 1013/86/1263 1024/51/1263
f 1011/55/1264 1020/69/1264 1016/54/1264
f 1017/56/1120 1032/57/1120 1028/58/1120
f 1009/59/1265 1010/60/1265 1011/61/1265
f 1012/62/1266 1013/63/1266 1014/53/1266
f 1015/64/1267 1016/65/1267 1017/66/1267
f 1018/67/1268 1019/68/1268 1020/69/1268
f 1021/70/1269 1022/71/1269 1023/72/1269
f 1024/73/1270 1025/44/1270 1026/74/1270
f 1027/75/1271 1028/76/1271 1029/77/1271
f 1030/78/1272 1031/79/1272 1032/57/1272
f 1009/59/1273 1016/65/1273 1015/64/1273
f 1012/62/1274 1011/55/1274 1010/80/1274
f 1013/63/1275 1020/69/1275 1014/53/1275
f 1019/81/1276 1016/54/1276 1020/69/1276
f 1015/64/1277 1028/76/1277 1027/75/1277
f 1030/78/1278 1019/81/1278 1018/82/1278
f 1031/83/1279 1028/58/1279 1032/57/1279
f 1027/75/1280 1022/49/1280 1021/70/1280
f 1030/52/1281 1026/48/1281 1031/83/1281
f 1023/46/1282 1026/48/1282 1025/44/1282
f 1009/59/1283 1023/72/1283 1010/60/1283
f 1024/73/1284 1012/85/1284 1025/44/1284
f 1015/64/1285 1021/70/1285 1009/59/1285
f 1049/44/1116 1034/45/1116 1047/46/1116
f 1055/83/1286 1046/49/1286 1053/47/1286
f 1042/50/1287 1048/51/1287 1054/52/1287
f 1038/53/1288 1040/54/1288 1035/55/1288
f 1041/56/1120 1056/57/1120 1052/58/1120
f 1033/59/1289 1034/60/1289 1035/61/1289
f 1036/62/1290 1037/63/1290 1038/53/1290
f 1039/64/1291 1040/65/1291 1041/66/1291
f 1042/67/1292 1043/68/1292 1044/69/1292
f 1045/70/1293 1046/71/1293 1047/72/1293
f 1048/73/1294 1049/44/1294 1050/74/1294
f 1051/75/1295 1052/76/1295 1053/77/1295
f 1054/78/1296 1055/79/1296 1056/57/1296
f 1033/59/1297 1040/65/1297 1039/64/1297
f 1036/62/1298 1035/55/1298 1034/80/1298
f 1042/67/1299 1038/53/1299 1037/63/1299
f 1043/81/1300 1040/54/1300 1044/69/1300
f 1039/64/1301 1052/76/1301 1051/75/1301
f 1054/78/1302 1043/81/1302 1042/82/1302
f 1055/83/1303 1052/58/1303 1056/57/1303
f 1045/70/1304 1053/47/1304 1046/49/1304
f 1048/51/1305 1055/83/1305 1054/52/1305
f 1047/46/1306 1050/48/1306 1049/44/1306
f 1033/59/1307 1047/72/1307 1034/60/1307
f 1048/73/1308 1036/85/1308 1049/44/1308
f 1039/64/1309 1045/70/1309 1033/59/1309
f 1071/46/1116 1060/85/1116 1058/45/1116
f 1079/83/1310 1070/49/1310 1077/47/1310
f 1078/52/1311 1061/86/1311 1072/51/1311
f 1062/53/1312 1064/54/1312 1059/55/1312
f 1067/81/1120 1076/58/1120 1065/56/1120
f 1057/59/1313 1058/60/1313 1059/61/1313
f 1060/62/1314 1061/63/1314 1062/53/1314
f 1063/64/1315 1064/65/1315 1065/66/1315
f 1066/67/1316 1067/68/1316 1068/69/1316
f 1069/70/1317 1070/71/1317 1071/72/1317
f 1072/73/1318 1073/44/1318 1074/74/1318
f 1075/75/1319 1076/76/1319 1077/77/1319
f 1078/78/1320 1079/79/1320 1080/57/1320
f 1063/64/1321 1059/61/1321 1064/65/1321
f 1058/80/1322 1062/53/1322 1059/55/1322
f 1061/63/1323 1068/69/1323 1062/53/1323
f 1065/56/1324 1068/69/1324 1067/81/1324
f 1075/75/1325 1065/66/1325 1076/76/1325
f 1066/82/1326 1080/57/1326 1067/81/1326
f 1077/47/1327 1080/57/1327 1079/83/1327
f 1069/70/1328 1077/47/1328 1070/49/1328
f 1072/51/1329 1079/83/1329 1078/52/1329
f 1073/44/1330 1070/49/1330 1074/48/1330
f 1069/70/1331 1058/60/1331 1057/59/1331
f 1061/84/1332 1073/44/1332 1072/73/1332
f 1075/75/1333 1057/59/1333 1063/64/1333
f 1097/44/1116 1082/45/1116 1095/46/1116
f 1103/83/1334 1094/49/1334 1101/47/1334
f 1090/50/1335 1096/51/1335 1102/52/1335
f 1083/55/1336 1092/69/1336 1088/54/1336
f 1089/56/1120 1104/57/1120 1100/58/1120
f 1081/59/1337 1082/60/1337 1083/61/1337
f 1084/62/1338 1085/63/1338 1086/53/1338
f 1087/64/1339 1088/65/1339 1089/66/1339
f 1090/67/1340 1091/68/1340 1092/69/1340
f 1093/70/1341 1094/71/1341 1095/72/1341
f 1096/73/1342 1097/44/1342 1098/74/1342
f 1099/75/1343 1100/76/1343 1101/77/1343
f 1102/78/1344 1103/79/1344 1104/57/1344
f 1087/64/1345 1083/61/1345 1088/65/1345
f 1082/80/1346 1086/53/1346 1083/55/1346
f 1085/63/1347 1092/69/1347 1086/53/1347
f 1089/56/1348 1092/69/1348 1091/81/1348
f 1087/64/1349 1100/76/1349 1099/75/1349
f 1102/78/1350 1091/81/1350 1090/82/1350
f 1103/83/1351 1100/58/1351 1104/57/1351
f 1099/75/1352 1094/49/1352 1093/70/1352
f 1096/51/1353 1103/83/1353 1102/52/1353
f 1095/46/1354 1098/48/1354 1097/44/1354
f 1081/59/1355 1095/72/1355 1082/60/1355
f 1096/73/1356 1084/85/1356 1097/44/1356
f 1087/64/1357 1093/70/1357 1081/59/1357
f 1121/44/1116 1106/45/1116 1119/46/1116
f 1127/83/1358 1118/49/1358 1125/47/1358
f 1114/50/1359 1120/51/1359 1126/52/1359
f 1110/53/1360 1112/54/1360 1107/55/1360
f 1113/56/1120 1128/57/1120 1124/58/1120
f 1105/59/1361 1106/60/1361 1107/61/1361
f 1108/62/1362 1109/63/1362 1110/53/1362
f 1111/64/1363 1112/65/1363 1113/66/1363
f 1114/67/1364 1115/68/1364 1116/69/1364
f 1117/70/1365 1118/71/1365 1119/72/1365
f 1120/73/1366 1121/44/1366 1122/74/1366
f 1123/75/1367 1124/76/1367 1125/77/1367
f 1126/78/1368 1127/79/1368 1128/57/1368
f 1105/59/1369 1112/65/1369 1111/64/1369
f 1108/62/1370 1107/55/1370 1106/80/1370
f 1109/63/1371 1116/69/1371 1110/53/1371
f 1115/81/1372 1112/54/1372 1116/69/1372
f 1111/64/1373 1124/76/1373 1123/75/1373
f 1126/78/1374 1115/81/1374 1114/82/1374
f 1127/83/1375 1124/58/1375 1128/57/1375
f 1123/75/1376 1118/49/1376 1117/70/1376
f 1120/51/1377 1127/83/1377 1126/52/1377
f 1119/46/1378 1122/48/1378 1121/44/1378
f 1105/59/1379 1119/72/1379 1106/60/1379
f 1120/73/1380 1108/85/1380 1121/44/1380
f 1123/75/1381 1105/59/1381 1111/64/1381
f 1143/46/1116 1132/85/1116 1130/45/1116
f 1149/47/1382 1146/48/1382 1142/49/1382
f 1150/52/1383 1133/86/1383 1144/51/1383
f 1134/53/1384 1136/54/1384 1131/55/1384
f 1139/81/1120 1148/58/1120 1137/56/1120
f 1129/59/1385 1130/60/1385 1131/61/1385
f 1132/62/1386 1133/63/1386 1134/53/1386
f 1135/64/1387 1136/65/1387 1137/66/1387
f 1138/67/1388 1139/68/1388 1140/69/1388
f 1141/70/1389 1142/71/1389 1143/72/1389
f 1144/73/1390 1145/44/1390 1146/74/1390
f 1147/75/1391 1148/76/1391 1149/77/1391
f 1150/78/1392 1151/79/1392 1152/57/1392
f 1129/59/1393 1136/65/1393 1135/64/1393
f 1130/80/1394 1134/53/1394 1131/55/1394
f 1138/67/1395 1134/53/1395 1133/63/1395
f 1137/56/1396 1140/69/1396 1139/81/1396
f 1147/75/1397 1137/66/1397 1148/76/1397
f 1138/82/1398 1152/57/1398 1139/81/1398
f 1149/47/1399 1152/57/1399 1151/83/1399
f 1147/75/1400 1142/49/1400 1141/70/1400
f 1150/52/1401 1146/48/1401 1151/83/1401
f 1145/44/1402 1142/49/1402 1146/48/1402
f 1141/70/1403 1130/60/1403 1129/59/1403
f 1133/84/1404 1145/44/1404 1144/73/1404
f 1147/75/1405 1129/59/1405 1135/64/1405
f 1167/46/1116 1156/85/1116 1154/45/1116
f 1175/83/1406 1166/49/1406 1173/47/1406
f 1162/50/1407 1168/51/1407 1174/52/1407
f 1155/55/1408 1164/69/1408 1160/54/1408
f 1163/81/1120 1172/58/1120 1161/56/1120
f 1153/59/1409 1154/60/1409 1155/61/1409
f 1156/62/1410 1157/63/1410 1158/53/1410
f 1159/64/1411 1160/65/1411 1161/66/1411
f 1162/67/1412 1163/68/1412 1164/69/1412
f 1165/70/1413 1166/71/1413 1167/72/1413
f 1168/73/1414 1169/44/1414 1170/74/1414
f 1171/75/1415 1172/76/1415 1173/77/1415
f 1174/78/1416 1175/79/1416 1176/57/1416
f 1153/59/1417 1160/65/1417 1159/64/1417
f 1154/80/1418 1158/53/1418 1155/55/1418
f 1162/67/1419 1158/53/1419 1157/63/1419
f 1161/56/1420 1164/69/1420 1163/81/1420
f 1171/75/1421 1161/66/1421 1172/76/1421
f 1162/82/1422 1176/57/1422 1163/81/1422
f 1173/47/1423 1176/57/1423 1175/83/1423
f 1171/75/1424 1166/49/1424 1165/70/1424
f 1168/51/1425 1175/83/1425 1174/52/1425
f 1169/44/1426 1166/49/1426 1170/48/1426
f 1165/70/1427 1154/60/1427 1153/59/1427
f 1157/84/1428 1169/44/1428 1168/73/1428
f 1171/75/1429 1153/59/1429 1159/64/1429
f 1191/46/1116 1180/85/1116 1178/45/1116
f 1199/83/1430 1190/49/1430 1197/47/1430
f 1186/50/1431 1192/51/1431 1198/52/1431
f 1182/53/1432 1184/54/1432 1179/55/1432
f 1187/81/1120 1196/58/1120 1185/56/1120
f 1177/59/1433 1178/60/1433 1179/61/1433
f 1180/62/1434 1181/63/1434 1182/53/1434
f 1183/64/1435 1184/65/1435 1185/66/1435
f 1186/67/1436 1187/68/1436 1188/69/1436
f 1189/70/1437 1190/71/1437 1191/72/1437
f 1192/73/1438 1193/44/1438 1194/74/1438
f 1195/75/1439 1196/76/1439 1197/77/1439
f 1198/78/1440 1199/79/1440 1200/57/1440
f 1177/59/1441 1184/65/1441 1183/64/1441
f 1180/62/1442 1179/55/1442 1178/80/1442
f 1186/67/1443 1182/53/1443 1181/63/1443
f 1187/81/1444 1184/54/1444 1188/69/1444
f 1195/75/1445 1185/66/1445 1196/76/1445
f 1186/82/1446 1200/57/1446 1187/81/1446
f 1199/83/1447 1196/58/1447 1200/57/1447
f 1195/75/1448 1190/49/1448 1189/70/1448
f 1192/51/1449 1199/83/1449 1198/52/1449
f 1191/46/1450 1194/48/1450 1193/44/1450
f 1189/70/1451 1178/60/1451 1177/59/1451
f 1181/84/1452 1193/44/1452 1192/73/1452
f 1195/75/1453 1177/59/1453 1183/64/1453
f 1217/44/1116 1202/45/1116 1215/46/1116
f 1223/83/1454 1214/49/1454 1221/47/1454
f 1210/50/1455 1216/51/1455 1222/52/1455
f 1206/53/1456 1208/54/1456 1203/55/1456
f 1209/56/1120 1224/57/1120 1220/58/1120
f 1201/59/1457 1202/60/1457 1203/61/1457
f 1204/62/1458 1205/63/1458 1206/53/1458
f 1207/64/1459 1208/65/1459 1209/66/1459
f 1210/67/1460 1211/68/1460 1212/69/1460
f 1213/70/1461 1214/71/1461 1215/72/1461
f 1216/73/1462 1217/44/1462 1218/74/1462
f 1219/75/1463 1220/76/1463 1221/77/1463
f 1222/78/1464 1223/79/1464 1224/57/1464
f 1201/59/1465 1208/65/1465 1207/64/1465
f 1204/62/1466 1203/55/1466 1202/80/1466
f 1210/67/1467 1206/53/1467 1205/63/1467
f 1211/81/1468 1208/54/1468 1212/69/1468
f 1207/64/1469 1220/76/1469 1219/75/1469
f 1222/78/1470 1211/81/1470 1210/82/1470
f 1223/83/1471 1220/58/1471 1224/57/1471
f 1219/75/1472 1214/49/1472 1213/70/1472
f 1216/51/1473 1223/83/1473 1222/52/1473
f 1215/46/1474 1218/48/1474 1217/44/1474
f 1201/59/1475 1215/72/1475 1202/60/1475
f 1216/73/1476 1204/85/1476 1217/44/1476
f 1219/75/1477 1201/59/1477 1207/64/1477
f 1241/44/1116 1226/45/1116 1239/46/1116
f 1247/83/1478 1238/49/1478 1245/47/1478
f 1246/52/1479 1229/86/1479 1240/51/1479
f 1227/55/1480 1236/69/1480 1232/54/1480
f 1233/56/1120 1248/57/1120 1244/58/1120
f 1225/59/1481 1226/60/1481 1227/61/1481
f 1228/62/1482 1229/63/1482 1230/53/1482
f 1231/64/1483 1232/65/1483 1233/66/1483
f 1234/67/1484 1235/68/1484 1236/69/1484
f 1237/70/1485 1238/71/1485 1239/72/1485
f 1240/73/1486 1241/44/1486 1242/74/1486
f 1243/75/1487 1244/76/1487 1245/77/1487
f 1246/78/1488 1247/79/1488 1248/57/1488
f 1225/59/1489 1232/65/1489 1231/64/1489
f 1228/62/1490 1227/55/1490 1226/80/1490
f 1234/67/1491 1230/53/1491 1229/63/1491
f 1235/81/1492 1232/54/1492 1236/69/1492
f 1231/64/1493 1244/76/1493 1243/75/1493
f 1246/78/1494 1235/81/1494 1234/82/1494
f 1247/83/1495 1244/58/1495 1248/57/1495
f 1243/75/1496 1238/49/1496 1237/70/1496
f 1240/51/1497 1247/83/1497 1246/52/1497
f 1239/46/1498 1242/48/1498 1241/44/1498
f 1225/59/1499 1239/72/1499 1226/60/1499
f 1240/73/1500 1228/85/1500 1241/44/1500
f 1243/75/1501 1225/59/1501 1231/64/1501
f 1263/46/1116 1252/85/1116 1250/45/1116
f 1271/83/1502 1262/49/1502 1269/47/1502
f 1270/52/1503 1253/86/1503 1264/51/1503
f 1254/53/1504 1256/54/1504 1251/55/1504
f 1259/81/1120 1268/58/1120 1257/56/1120
f 1249/59/1505 1250/60/1505 1251/61/1505
f 1252/62/1506 1253/63/1506 1254/53/1506
f 1255/64/1507 1256/65/1507 1257/66/1507
f 1258/67/1508 1259/68/1508 1260/69/1508
f 1261/70/1509 1262/71/1509 1263/72/1509
f 1264/73/1510 1265/44/1510 1266/74/1510
f 1267/75/1511 1268/76/1511 1269/77/1511
f 1270/78/1512 1271/79/1512 1272/57/1512
f 1249/59/1513 1256/65/1513 1255/64/1513
f 1250/80/1514 1254/53/1514 1251/55/1514
f 1258/67/1515 1254/53/1515 1253/63/1515
f 1257/56/1516 1260/69/1516 1259/81/1516
f 1267/75/1517 1257/66/1517 1268/76/1517
f 1258/82/1518 1272/57/1518 1259/81/1518
f 1269/47/1519 1272/57/1519 1271/83/1519
f 1261/70/1520 1269/47/1520 1262/49/1520
f 1264/51/1521 1271/83/1521 1270/52/1521
f 1265/44/1522 1262/49/1522 1266/48/1522
f 1261/70/1523 1250/60/1523 1249/59/1523
f 1253/84/1524 1265/44/1524 1264/73/1524
f 1267/75/1525 1249/59/1525 1255/64/1525
f 1287/46/1116 1276/85/1116 1274/45/1116
f 1295/83/1526 1286/49/1526 1293/47/1526
f 1294/52/1527 1277/86/1527 1288/51/1527
f 1278/53/1528 1280/54/1528 1275/55/1528
f 1283/81/1120 1292/58/1120 1281/56/1120
f 1273/59/1529 1274/60/1529 1275/61/1529
f 1276/62/1530 1277/63/1530 1278/53/1530
f 1279/64/1531 1280/65/1531 1281/66/1531
f 1282/67/1532 1283/68/1532 1284/69/1532
f 1285/70/1533 1286/71/1533 1287/72/1533
f 1288/73/1534 1289/44/1534 1290/74/1534
f 1291/75/1535 1292/76/1535 1293/77/1535
f 1294/78/1536 1295/79/1536 1296/57/1536
f 1273/59/1537 1280/65/1537 1279/64/1537
f 1274/80/1538 1278/53/1538 1275/55/1538
f 1282/67/1539 1278/53/1539 1277/63/1539
f 1281/56/1540 1284/69/1540 1283/81/1540
f 1291/75/1541 1281/66/1541 1292/76/1541
f 1282/82/1542 1296/57/1542 1283/81/1542
f 1293/47/1543 1296/57/1543 1295/83/1543
f 1291/75/1544 1286/49/1544 1285/70/1544
f 1294/52/1545 1290/48/1545 1295/83/1545
f 1289/44/1546 1286/49/1546 1290/48/1546
f 1285/70/1547 1274/60/1547 1273/59/1547
f 1277/84/1548 1289/44/1548 1288/73/1548
f 1291/75/1549 1273/59/1549 1279/64/1549
f 1313/44/1116 1298/45/1116 1311/46/1116
f 1317/47/1550 1314/48/1550 1310/49/1550
f 1318/52/1551 1301/86/1551 1312/51/1551
f 1302/53/1552 1304/54/1552 1299/55/1552
f 1305/56/1120 1320/57/1120 1316/58/1120
f 1297/59/1553 1298/60/1553 1299/61/1553
f 1300/62/1554 1301/63/1554 1302/53/1554
f 1303/64/1555 1304/65/1555 1305/66/1555
f 1306/67/1556 1307/68/1556 1308/69/1556
f 1309/70/1557 1310/71/1557 1311/72/1557
f 1312/73/1558 1313/44/1558 1314/74/1558
f 1315/75/1559 1316/76/1559 1317/77/1559
f 1318/78/1560 1319/79/1560 1320/57/1560
f 1303/64/1561 1299/61/1561 1304/65/1561
f 1300/62/1562 1299/55/1562 1298/80/1562
f 1306/67/1563 1302/53/1563 1301/63/1563
f 1307/81/1564 1304/54/1564 1308/69/1564
f 1303/64/1565 1316/76/1565 1315/75/1565
f 1318/78/1566 1307/81/1566 1306/82/1566
f 1319/83/1567 1316/58/1567 1320/57/1567
f 1315/75/1568 1310/49/1568 1309/70/1568
f 1312/51/1569 1319/83/1569 1318/52/1569
f 1311/46/1570 1314/48/1570 1313/44/1570
f 1297/59/1571 1311/72/1571 1298/60/1571
f 1312/73/1572 1300/85/1572 1313/44/1572
f 1303/64/1573 1309/70/1573 1297/59/1573
f 1337/44/1116 1322/45/1116 1335/46/1116
f 1343/83/1574 1334/49/1574 1341/47/1574
f 1330/50/1575 1336/51/1575 1342/52/1575
f 1326/53/1576 1328/54/1576 1323/55/1576
f 1329/56/1120 1344/57/1120 1340/58/1120
f 1321/59/1577 1322/60/1577 1323/61/1577
f 1324/62/1578 1325/63/1578 1326/53/1578
f 1327/64/1579 1328/65/1579 1329/66/1579
f 1330/67/1580 1331/68/1580 1332/69/1580
f 1333/70/1581 1334/71/1581 1335/72/1581
f 1336/73/1582 1337/44/1582 1338/74/1582
f 1339/75/1583 1340/76/1583 1341/77/1583
f 1342/78/1584 1343/79/1584 1344/57/1584
f 1321/59/1585 1328/65/1585 1327/64/1585
f 1324/62/1586 1323/55/1586 1322/80/1586
f 1330/67/1587 1326/53/1587 1325/63/1587
f 1331/81/1588 1328/54/1588 1332/69/1588
f 1327/64/1589 1340/76/1589 1339/75/1589
f 1342/78/1590 1331/81/1590 1330/82/1590
f 1343/83/1591 1340/58/1591 1344/57/1591
f 1339/75/1592 1334/49/1592 1333/70/1592
f 1342/52/1593 1338/48/1593 1343/83/1593
f 1335/46/1594 1338/48/1594 1337/44/1594
f 1321/59/1595 1335/72/1595 1322/60/1595
f 1336/73/1596 1324/85/1596 1337/44/1596
f 1339/75/1597 1321/59/1597 1327/64/1597
f 1359/46/1116 1348/85/1116 1346/45/1116
f 1367/83/1598 1358/49/1598 1365/47/1598
f 1354/50/1599 1360/51/1599 1366/52/1599
f 1350/53/1600 1352/54/1600 1347/55/1600
f 1355/81/1120 1364/58/1120 1353/56/1120
f 1345/59/1601 1346/60/1601 1347/61/1601
f 1348/62/1602 1349/63/1602 1350/53/1602
f 1351/64/1603 1352/65/1603 1353/66/1603
f 1354/67/1604 1355/68/1604 1356/69/1604
f 1357/70/1605 1358/71/1605 1359/72/1605
f 1360/73/1606 1361/44/1606 1362/74/1606
f 1363/75/1607 1364/76/1607 1365/77/1607
f 1366/78/1608 1367/79/1608 1368/57/1608
f 1345/59/1609 1352/65/1609 1351/64/1609
f 1346/80/1610 1350/53/1610 1347/55/1610
f 1354/67/1611 1350/53/1611 1349/63/1611
f 1353/56/1612 1356/69/1612 1355/81/1612
f 1363/75/1613 1353/66/1613 1364/76/1613
f 1354/82/1614 1368/57/1614 1355/81/1614
f 1365/47/1615 1368/57/1615 1367/83/1615
f 1363/75/1616 1358/49/1616 1357/70/1616
f 1360/51/1617 1367/83/1617 1366/52/1617
f 1361/44/1618 1358/49/1618 1362/48/1618
f 1357/70/1619 1346/60/1619 1345/59/1619
f 1349/84/1620 1361/44/1620 1360/73/1620
f 1363/75/1621 1345/59/1621 1351/64/1621
f 1383/46/1116 1372/85/1116 1370/45/1116
f 1389/47/1622 1386/48/1622 1382/49/1622
f 1378/50/1623 1384/51/1623 1390/52/1623
f 1374/53/1624 1376/54/1624 1371/55/1624
f 1379/81/1120 1388/58/1120 1377/56/1120
f 1369/59/1625 1370/60/1625 1371/61/1625
f 1372/62/1626 1373/63/1626 1374/53/1626
f 1375/64/1627 1376/65/1627 1377/66/1627
f 1378/67/1628 1379/68/1628 1380/69/1628
f 1381/70/1629 1382/71/1629 1383/72/1629
f 1384/73/1630 1385/44/1630 1386/74/1630
f 1387/75/1631 1388/76/1631 1389/77/1631
f 1390/78/1632 1391/79/1632 1392/57/1632
f 1375/64/1633 1371/61/1633 1376/65/1633
f 1370/80/1634 1374/53/1634 1371/55/1634
f 1378/67/1635 1374/53/1635 1373/63/1635
f 1377/56/1636 1380/69/1636 1379/81/1636
f 1387/75/1637 1377/66/1637 1388/76/1637
f 1378/82/1638 1392/57/1638 1379/81/1638
f 1389/47/1639 1392/57/1639 1391/83/1639
f 1387/75/1640 1382/49/1640 1381/70/1640
f 1384/51/1641 1391/83/1641 1390/52/1641
f 1385/44/1642 1382/49/1642 1386/48/1642
f 1381/70/1643 1370/60/1643 1369/59/1643
f 1373/84/1644 1385/44/1644 1384/73/1644
f 1387/75/1645 1369/59/1645 1375/64/1645
f 1409/44/1116 1394/45/1116 1407/46/1116
f 1415/83/1646 1406/49/1646 1413/47/1646
f 1414/52/1647 1397/86/1647 1408/51/1647
f 1398/53/1648 1400/54/1648 1395/55/1648
f 1401/56/1120 1416/57/1120 1412/58/1120
f 1393/59/1649 1394/60/1649 1395/61/1649
f 1396/62/1650 1397/63/1650 1398/53/1650
f 1399/64/1651 1400/65/1651 1401/66/1651
f 1402/67/1652 1403/68/1652 1404/69/1652
f 1405/70/1653 1406/71/1653 1407/72/1653
f 1408/73/1654 1409/44/1654 1410/74/1654
f 1411/75/1655 1412/76/1655 1413/77/1655
f 1414/78/1656 1415/79/1656 1416/57/1656
f 1393/59/1657 1400/65/1657 1399/64/1657
f 1394/80/1658 1398/53/1658 1395/55/1658
f 1402/67/1659 1398/53/1659 1397/63/1659
f 1401/56/1660 1404/69/1660 1403/81/1660
f 1399/64/1661 1412/76/1661 1411/75/1661
f 1414/78/1662 1403/81/1662 1402/82/1662
f 1415/83/1663 1412/58/1663 1416/57/1663
f 1411/75/1664 1406/49/1664 1405/70/1664
f 1408/51/1665 1415/83/1665 1414/52/1665
f 1407/46/1666 1410/48/1666 1409/44/1666
f 1393/59/1667 1407/72/1667 1394/60/1667
f 1408/73/1668 1396/85/1668 1409/44/1668
f 1399/64/1669 1405/70/1669 1393/59/1669
f 1433/44/1116 1418/45/1116 1431/46/1116
f 1439/83/1670 1430/49/1670 1437/47/1670
f 1426/50/1671 1432/51/1671 1438/52/1671
f 1422/53/1672 1424/54/1672 1419/55/1672
f 1425/56/1120 1440/57/1120 1436/58/1120
f 1417/59/1673 1418/60/1673 1419/61/1673
f 1420/62/1674 1421/63/1674 1422/53/1674
f 1423/64/1675 1424/65/1675 1425/66/1675
f 1426/67/1676 1427/68/1676 1428/69/1676
f 1429/70/1677 1430/71/1677 1431/72/1677
f 1432/73/1678 1433/44/1678 1434/74/1678
f 1435/75/1679 1436/76/1679 1437/77/1679
f 1438/78/1680 1439/79/1680 1440/57/1680
f 1417/59/1681 1424/65/1681 1423/64/1681
f 1420/62/1682 1419/55/1682 1418/80/1682
f 1426/67/1683 1422/53/1683 1421/63/1683
f 1427/81/1684 1424/54/1684 1428/69/1684
f 1423/64/1685 1436/76/1685 1435/75/1685
f 1438/78/1686 1427/81/1686 1426/82/1686
f 1439/83/1687 1436/58/1687 1440/57/1687
f 1435/75/1688 1430/49/1688 1429/70/1688
f 1432/51/1689 1439/83/1689 1438/52/1689
f 1431/46/1690 1434/48/1690 1433/44/1690
f 1417/59/1691 1431/72/1691 1418/60/1691
f 1432/73/1692 1420/85/1692 1433/44/1692
f 1435/75/1693 1417/59/1693 1423/64/1693
f 1457/44/1116 1442/45/1116 1455/46/1116
f 1463/83/1694 1454/49/1694 1461/47/1694
f 1450/50/1695 1456/51/1695 1462/52/1695
f 1446/53/1696 1448/54/1696 1443/55/1696
f 1449/56/1120 1464/57/1120 1460/58/1120
f 1441/59/1697 1442/60/1697 1443/61/1697
f 1444/62/1698 1445/63/1698 1446/53/1698
f 1447/64/1699 1448/65/1699 1449/66/1699
f 1450/67/1700 1451/68/1700 1452/69/1700
f 1453/70/1701 1454/71/1701 1455/72/1701
f 1456/73/1702 1457/44/1702 1458/74/1702
f 1459/75/1703 1460/76/1703 1461/77/1703
f 1462/78/1704 1463/79/1704 1464/57/1704
f 1447/64/1705 1443/61/1705 1448/65/1705
f 1444/62/1706 1443/55/1706 1442/80/1706
f 1450/67/1707 1446/53/1707 1445/63/1707
f 1451/81/1708 1448/54/1708 1452/69/1708
f 1447/64/1709 1460/76/1709 1459/75/1709
f 1462/78/1710 1451/81/1710 1450/82/1710
f 1463/83/1711 1460/58/1711 1464/57/1711
f 1459/75/1712 1454/49/1712 1453/70/1712
f 1456/51/1713 1463/83/1713 1462/52/1713
f 1455/46/1714 1458/48/1714 1457/44/1714
f 1441/59/1715 1455/72/1715 1442/60/1715
f 1456/73/1716 1444/85/1716 1457/44/1716
f 1447/64/1717 1453/70/1717 1441/59/1717
f 1479/46/1116 1468/85/1116 1466/45/1116
f 1487/83/1718 1478/49/1718 1485/47/1718
f 1486/52/1719 1469/86/1719 1480/51/1719
f 1470/53/1720 1472/54/1720 1467/55/1720
f 1475/81/1120 1484/58/1120 1473/56/1120
f 1465/59/1721 1466/60/1721 1467/61/1721
f 1468/62/1722 1469/63/1722 1470/53/1722
f 1471/64/1723 1472/65/1723 1473/66/1723
f 1474/67/1724 1475/68/1724 1476/69/1724
f 1477/70/1725 1478/71/1725 1479/72/1725
f 1480/73/1726 1481/44/1726 1482/74/1726
f 1483/75/1727 1484/76/1727 1485/77/1727
f 1486/78/1728 1487/79/1728 1488/57/1728
f 1465/59/1729 1472/65/1729 1471/64/1729
f 1466/80/1730 1470/53/1730 1467/55/1730
f 1474/67/1731 1470/53/1731 1469/63/1731
f 1473/56/1732 1476/69/1732 1475/81/1732
f 1483/75/1733 1473/66/1733 1484/76/1733
f 1474/82/1734 1488/57/1734 1475/81/1734
f 1485/47/1735 1488/57/1735 1487/83/1735
f 1483/75/1736 1478/49/1736 1477/70/1736
f 1480/51/1737 1487/83/1737 1486/52/1737
f 1481/44/1738 1478/49/1738 1482/48/1738
f 1477/70/1739 1466/60/1739 1465/59/1739
f 1469/84/1740 1481/44/1740 1480/73/1740
f 1483/75/1741 1465/59/1741 1471/64/1741
f 1503/46/1116 1492/85/1116 1490/45/1116
f 1509/47/1742 1506/48/1742 1502/49/1742
f 1498/50/1743 1504/51/1743 1510/52/1743
f 1494/53/1744 1496/54/1744 1491/55/1744
f 1499/81/1120 1508/58/1120 1497/56/1120
f 1489/59/1745 1490/60/1745 1491/61/1745
f 1492/62/1746 1493/63/1746 1494/53/1746
f 1495/64/1747 1496/65/1747 1497/66/1747
f 1498/67/1748 1499/68/1748 1500/69/1748
f 1501/70/1749 1502/71/1749 1503/72/1749
f 1504/73/1750 1505/44/1750 1506/74/1750
f 1507/75/1751 1508/76/1751 1509/77/1751
f 1510/78/1752 1511/79/1752 1512/57/1752
f 1495/64/1753 1491/61/1753 1496/65/1753
f 1490/80/1754 1494/53/1754 1491/55/1754
f 1498/67/1755 1494/53/1755 1493/63/1755
f 1497/56/1756 1500/69/1756 1499/81/1756
f 1507/75/1757 1497/66/1757 1508/76/1757
f 1498/82/1758 1512/57/1758 1499/81/1758
f 1511/83/1759 1508/58/1759 1512/57/1759
f 1507/75/1760 1502/49/1760 1501/70/1760
f 1510/52/1761 1506/48/1761 1511/83/1761
f 1503/46/1762 1506/48/1762 1505/44/1762
f 1501/70/1763 1490/60/1763 1489/59/1763
f 1493/84/1764 1505/44/1764 1504/73/1764
f 1507/75/1765 1489/59/1765 1495/64/1765
f 1529/44/1116 1514/45/1116 1527/46/1116
f 1535/83/1766 1526/49/1766 1533/47/1766
f 1522/50/1767 1528/51/1767 1534/52/1767
f 1515/55/1768 1524/69/1768 1520/54/1768
f 1521/56/1120 1536/57/1120 1532/58/1120
f 1513/59/1769 1514/60/1769 1515/61/1769
f 1516/62/1770 1517/63/1770 1518/53/1770
f 1519/64/1771 1520/65/1771 1521/66/1771
f 1522/67/1772 1523/68/1772 1524/69/1772
f 1525/70/1773 1526/71/1773 1527/72/1773
f 1528/73/1774 1529/44/1774 1530/74/1774
f 1531/75/1775 1532/76/1775 1533/77/1775
f 1534/78/1776 1535/79/1776 1536/57/1776
f 1513/59/1777 1520/65/1777 1519/64/1777
f 1516/62/1778 1515/55/1778 1514/80/1778
f 1517/63/1779 1524/69/1779 1518/53/1779
f 1523/81/1780 1520/54/1780 1524/69/1780
f 1519/64/1781 1532/76/1781 1531/75/1781
f 1534/78/1782 1523/81/1782 1522/82/1782
f 1535/83/1783 1532/58/1783 1536/57/1783
f 1531/75/1784 1526/49/1784 1525/70/1784
f 1528/51/1785 1535/83/1785 1534/52/1785
f 1527/46/1786 1530/48/1786 1529/44/1786
f 1513/59/1787 1527/72/1787 1514/60/1787
f 1528/73/1788 1516/85/1788 1529/44/1788
f 1531/75/1789 1513/59/1789 1519/64/1789
f 1551/46/1116 1540/85/1116 1538/45/1116
f 1559/83/1790 1550/49/1790 1557/47/1790
f 1546/50/1791 1552/51/1791 1558/52/1791
f 1542/53/1792 1544/54/1792 1539/55/1792
f 1547/81/1120 1556/58/1120 1545/56/1120
f 1537/59/1793 1538/60/1793 1539/61/1793
f 1540/62/1794 1541/63/1794 1542/53/1794
f 1543/64/1795 1544/65/1795 1545/66/1795
f 1546/67/1796 1547/68/1796 1548/69/1796
f 1549/70/1797 1550/71/1797 1551/72/1797
f 1552/73/1798 1553/44/1798 1554/74/1798
f 1555/75/1799 1556/76/1799 1557/77/1799
f 1558/78/1800 1559/79/1800 1560/57/1800
f 1537/59/1801 1544/65/1801 1543/64/1801
f 1538/80/1802 1542/53/1802 1539/55/1802
f 1546/67/1803 1542/53/1803 1541/63/1803
f 1545/56/1804 1548/69/1804 1547/81/1804
f 1555/75/1805 1545/66/1805 1556/76/1805
f 1546/82/1806 1560/57/1806 1547/81/1806
f 1557/47/1807 1560/57/1807 1559/83/1807
f 1555/75/1808 1550/49/1808 1549/70/1808
f 1552/51/1809 1559/83/1809 1558/52/1809
f 1553/44/1810 1550/49/1810 1554/48/1810
f 1549/70/1811 1538/60/1811 1537/59/1811
f 1541/84/1812 1553/44/1812 1552/73/1812
f 1543/64/1813 1549/70/1813 1537/59/1813
f 1575/46/1116 1564/85/1116 1562/45/1116
f 1583/83/1814 1574/49/1814 1581/47/1814
f 1570/50/1815 1576/51/1815 1582/52/1815
f 1566/53/1816 1568/54/1816 1563/55/1816
f 1571/81/1120 1580/58/1120 1569/56/1120
f 1561/59/1817 1562/60/1817 1563/61/1817
f 1564/62/1818 1565/63/1818 1566/53/1818
f 1567/64/1819 1568/65/1819 1569/66/1819
f 1570/67/1820 1571/68/1820 1572/69/1820
f 1573/70/1821 1574/71/1821 1575/72/1821
f 1576/73/1822 1577/44/1822 1578/74/1822
f 1579/75/1823 1580/76/1823 1581/77/1823
f 1582/78/1824 1583/79/1824 1584/57/1824
f 1561/59/1825 1568/65/1825 1567/64/1825
f 1562/80/1826 1566/53/1826 1563/55/1826
f 1570/67/1827 1566/53/1827 1565/63/1827
f 1569/56/1828 1572/69/1828 1571/81/1828
f 1579/75/1829 1569/66/1829 1580/76/1829
f 1570/82/1830 1584/57/1830 1571/81/1830
f 1581/47/1831 1584/57/1831 1583/83/1831
f 1579/75/1832 1574/49/1832 1573/70/1832
f 1576/51/1833 1583/83/1833 1582/52/1833
f 1577/44/1834 1574/49/1834 1578/48/1834
f 1573/70/1835 1562/60/1835 1561/59/1835
f 1565/84/1836 1577/44/1836 1576/73/1836
f 1579/75/1837 1561/59/1837 1567/64/1837
f 1599/46/1116 1588/85/1116 1586/45/1116
f 1605/47/1838 1602/48/1838 1598/49/1838
f 1594/50/1839 1600/51/1839 1606/52/1839
f 1587/55/1840 1596/69/1840 1592/54/1840
f 1595/81/1120 1604/58/1120 1593/56/1120
f 1585/59/1841 1586/60/1841 1587/61/1841
f 1588/62/1842 1589/63/1842 1590/53/1842
f 1591/64/1843 1592/65/1843 1593/66/1843
f 1594/67/1844 1595/68/1844 1596/69/1844
f 1597/70/1845 1598/71/1845 1599/72/1845
f 1600/73/1846 1601/44/1846 1602/74/1846
f 1603/75/1847 1604/76/1847 1605/77/1847
f 1606/78/1848 1607/79/1848 1608/57/1848
f 1585/59/1849 1592/65/1849 1591/64/1849
f 1586/80/1850 1590/53/1850 1587/55/1850
f 1594/67/1851 1590/53/1851 1589/63/1851
f 1593/56/1852 1596/69/1852 1595/81/1852
f 1603/75/1853 1593/66/1853 1604/76/1853
f 1594/82/1854 1608/57/1854 1595/81/1854
f 1605/47/1855 1608/57/1855 1607/83/1855
f 1603/75/1856 1598/49/1856 1597/70/1856
f 1600/51/1857 1607/83/1857 1606/52/1857
f 1601/44/1858 1598/49/1858 1602/48/1858
f 1597/70/1859 1586/60/1859 1585/59/1859
f 1589/84/1860 1601/44/1860 1600/73/1860
f 1591/64/1861 1597/70/1861 1585/59/1861
f 1625/44/1116 1610/45/1116 1623/46/1116
f 1629/47/1862 1626/48/1862 1622/49/1862
f 1618/50/1863 1624/51/1863 1630/52/1863
f 1614/53/1864 1616/54/1864 1611/55/1864
f 1617/56/1120 1632/57/1120 1628/58/1120
f 1609/59/1865 1610/60/1865 1611/61/1865
f 1612/62/1866 1613/63/1866 1614/53/1866
f 1615/64/1867 1616/65/1867 1617/66/1867
f 1618/67/1868 1619/68/1868 1620/69/1868
f 1621/70/1869 1622/71/1869 1623/72/1869
f 1624/73/1870 1625/44/1870 1626/74/1870
f 1627/75/1871 1628/76/1871 1629/77/1871
f 1630/78/1872 1631/79/1872 1632/57/1872
f 1609/59/1873 1616/65/1873 1615/64/1873
f 1612/62/1874 1611/55/1874 1610/80/1874
f 1618/67/1875 1614/53/1875 1613/63/1875
f 1619/81/1876 1616/54/1876 1620/69/1876
f 1615/64/1877 1628/76/1877 1627/75/1877
f 1630/78/1878 1619/81/1878 1618/82/1878
f 1631/83/1879 1628/58/1879 1632/57/1879
f 1627/75/1880 1622/49/1880 1621/70/1880
f 1624/51/1881 1631/83/1881 1630/52/1881
f 1623/46/1882 1626/48/1882 1625/44/1882
f 1609/59/1883 1623/72/1883 1610/60/1883
f 1624/73/1884 1612/85/1884 1625/44/1884
f 1627/75/1885 1609/59/1885 1615/64/1885
f 1649/44/1116 1634/45/1116 1647/46/1116
f 1653/47/1886 1650/48/1886 1646/49/1886
f 1642/50/1887 1648/51/1887 1654/52/1887
f 1638/53/1888 1640/54/1888 1635/55/1888
f 1641/56/1120 1656/57/1120 1652/58/1120
f 1633/59/1889 1634/60/1889 1635/61/1889
f 1636/62/1890 1637/63/1890 1638/53/1890
f 1639/64/1891 1640/65/1891 1641/66/1891
f 1642/67/1892 1643/68/1892 1644/69/1892
f 1645/70/1893 1646/71/1893 1647/72/1893
f 1648/73/1894 1649/44/1894 1650/74/1894
f 1651/75/1895 1652/76/1895 1653/77/1895
f 1654/78/1896 1655/79/1896 1656/57/1896
f 1633/59/1897 1640/65/1897 1639/64/1897
f 1636/62/1898 1635/55/1898 1634/80/1898
f 1642/67/1899 1638/53/1899 1637/63/1899
f 1643/81/1900 1640/54/1900 1644/69/1900
f 1639/64/1901 1652/76/1901 1651/75/1901
f 1654/78/1902 1643/81/1902 1642/82/1902
f 1655/83/1903 1652/58/1903 1656/57/1903
f 1645/70/1904 1653/47/1904 1646/49/1904
f 1648/51/1905 1655/83/1905 1654/52/1905
f 1647/46/1906 1650/48/1906 1649/44/1906
f 1633/59/1907 1647/72/1907 1634/60/1907
f 1648/73/1908 1636/85/1908 1649/44/1908
f 1651/75/1909 1633/59/1909 1639/64/1909
f 1673/44/1116 1658/45/1116 1671/46/1116
f 1679/83/1910 1670/49/1910 1677/47/1910
f 1666/50/1911 1672/51/1911 1678/52/1911
f 1659/55/1912 1668/69/1912 1664/54/1912
f 1665/56/1120 1680/57/1120 1676/58/1120
f 1657/59/1913 1658/60/1913 1659/61/1913
f 1660/62/1914 1661/63/1914 1662/53/1914
f 1663/64/1915 1664/65/1915 1665/66/1915
f 1666/67/1916 1667/68/1916 1668/69/1916
f 1669/70/1917 1670/71/1917 1671/72/1917
f 1672/73/1918 1673/44/1918 1674/74/1918
f 1675/75/1919 1676/76/1919 1677/77/1919
f 1678/78/1920 1679/79/1920 1680/57/1920
f 1657/59/1921 1664/65/1921 1663/64/1921
f 1660/62/1922 1659/55/1922 1658/80/1922
f 1666/67/1923 1662/53/1923 1661/63/1923
f 1667/81/1924 1664/54/1924 1668/69/1924
f 1663/64/1925 1676/76/1925 1675/75/1925
f 1678/78/1926 1667/81/1926 1666/82/1926
f 1679/83/1927 1676/58/1927 1680/57/1927
f 1675/75/1928 1670/49/1928 1669/70/1928
f 1672/51/1929 1679/83/1929 1678/52/1929
f 1671/46/1930 1674/48/1930 1673/44/1930
f 1657/59/1931 1671/72/1931 1658/60/1931
f 1672/73/1932 1660/85/1932 1673/44/1932
f 1675/75/1933 1657/59/1933 1663/64/1933
f 1695/46/1116 1684/85/1116 1682/45/1116
f 1703/83/1934 1694/49/1934 1701/47/1934
f 1702/52/1935 1685/86/1935 1696/51/1935
f 1686/53/1936 1688/54/1936 1683/55/1936
f 1691/81/1120 1700/58/1120 1689/56/1120
f 1681/59/1937 1682/60/1937 1683/61/1937
f 1684/62/1938 1685/63/1938 1686/53/1938
f 1687/64/1939 1688/65/1939 1689/66/1939
f 1690/67/1940 1691/68/1940 1692/69/1940
f 1693/70/1941 1694/71/1941 1695/72/1941
f 1696/73/1942 1697/44/1942 1698/74/1942
f 1699/75/1943 1700/76/1943 1701/77/1943
f 1702/78/1944 1703/79/1944 1704/57/1944
f 1681/59/1945 1688/65/1945 1687/64/1945
f 1682/80/1946 1686/53/1946 1683/55/1946
f 1690/67/1947 1686/53/1947 1685/63/1947
f 1689/56/1948 1692/69/1948 1691/81/1948
f 1699/75/1949 1689/66/1949 1700/76/1949
f 1690/82/1950 1704/57/1950 1691/81/1950
f 1701/47/1951 1704/57/1951 1703/83/1951
f 1699/75/1952 1694/49/1952 1693/70/1952
f 1696/51/1953 1703/83/1953 1702/52/1953
f 1697/44/1954 1694/49/1954 1698/48/1954
f 1693/70/1955 1682/60/1955 1681/59/1955
f 1685/84/1956 1697/44/1956 1696/73/1956
f 1699/75/1957 1681/59/1957 1687/64/1957
f 1721/44/1116 1706/45/1116 1719/46/1116
f 1725/47/1958 1722/48/1958 1718/49/1958
f 1714/50/1959 1720/51/1959 1726/52/1959
f 1710/53/1960 1712/54/1960 1707/55/1960
f 1713/56/1120 1728/57/1120 1724/58/1120
f 1705/59/1961 1706/60/1961 1707/61/1961
f 1708/62/1962 1709/63/1962 1710/53/1962
f 1711/64/1963 1712/65/1963 1713/66/1963
f 1714/67/1964 1715/68/1964 1716/69/1964
f 1717/70/1965 1718/71/1965 1719/72/1965
f 1720/73/1966 1721/44/1966 1722/74/1966
f 1723/75/1967 1724/76/1967 1725/77/1967
f 1726/78/1968 1727/79/1968 1728/57/1968
f 1705/59/1969 1712/65/1969 1711/64/1969
f 1706/80/1970 1710/53/1970 1707/55/1970
f 1714/67/1971 1710/53/1971 1709/63/1971
f 1713/56/1972 1716/69/1972 1715/81/1972
f 1711/64/1973 1724/76/1973 1723/75/1973
f 1726/78/1974 1715/81/1974 1714/82/1974
f 1727/83/1975 1724/58/1975 1728/57/1975
f 1717/70/1976 1725/47/1976 1718/49/1976
f 1726/52/1977 1722/48/1977 1727/83/1977
f 1719/46/1978 1722/48/1978 1721/44/1978
f 1705/59/1979 1719/72/1979 1706/60/1979
f 1720/73/1980 1708/85/1980 1721/44/1980
f 1723/75/1981 1705/59/1981 1711/64/1981
f 881/44/1116 868/85/1116 866/45/1116
f 885/47/1117 887/83/1117 882/48/1117
f 874/50/1118 869/86/1118 880/51/1118
f 870/53/1119 876/69/1119 872/54/1119
f 873/56/1120 875/81/1120 888/57/1120
f 865/59/1129 867/61/1129 872/65/1129
f 866/80/1982 868/62/1982 870/53/1982
f 874/67/1131 876/69/1131 870/53/1131
f 873/56/1983 872/54/1983 876/69/1983
f 883/75/1133 871/64/1133 873/66/1133
f 886/78/1134 888/57/1134 875/81/1134
f 887/83/1984 885/47/1984 884/58/1984
f 883/75/1136 885/47/1136 878/49/1136
f 880/51/1137 882/48/1137 887/83/1137
f 879/46/1985 878/49/1985 882/48/1985
f 877/70/1139 879/72/1139 866/60/1139
f 869/84/1140 868/85/1140 881/44/1140
f 883/75/1141 877/70/1141 865/59/1141
f 905/44/1116 892/85/1116 890/45/1116
f 909/47/1142 911/83/1142 906/48/1142
f 898/50/1143 893/86/1143 904/51/1143
f 891/55/1144 894/53/1144 900/69/1144
f 897/56/1120 899/81/1120 912/57/1120
f 895/64/1153 889/59/1153 891/61/1153
f 892/62/1986 894/53/1986 891/55/1986
f 898/67/1155 900/69/1155 894/53/1155
f 899/81/1987 897/56/1987 896/54/1987
f 895/64/1157 897/66/1157 908/76/1157
f 910/78/1158 912/57/1158 899/81/1158
f 911/83/1988 909/47/1988 908/58/1988
f 907/75/1160 909/47/1160 902/49/1160
f 910/52/1161 904/51/1161 906/48/1161
f 903/46/1989 902/49/1989 906/48/1989
f 889/59/1163 901/70/1163 903/72/1163
f 904/73/1164 893/84/1164 892/85/1164
f 907/75/1165 901/70/1165 889/59/1165
f 927/46/1116 929/44/1116 916/85/1116
f 933/47/1166 935/83/1166 930/48/1166
f 922/50/1167 917/86/1167 928/51/1167
f 915/55/1168 918/53/1168 924/69/1168
f 923/81/1120 936/57/1120 932/58/1120
f 919/64/1177 913/59/1177 915/61/1177
f 914/80/1990 916/62/1990 918/53/1990
f 922/67/1179 924/69/1179 918/53/1179
f 921/56/1991 920/54/1991 924/69/1991
f 931/75/1992 919/64/1992 921/66/1992
f 922/82/1993 934/78/1993 936/57/1993
f 933/47/1994 932/58/1994 936/57/1994
f 931/75/1184 933/47/1184 926/49/1184
f 928/51/1185 930/48/1185 935/83/1185
f 929/44/1995 927/46/1995 926/49/1995
f 925/70/1996 927/72/1996 914/60/1996
f 917/84/1997 916/85/1997 929/44/1997
f 931/75/1189 925/70/1189 913/59/1189
f 951/46/1116 953/44/1116 940/85/1116
f 959/83/1190 954/48/1190 950/49/1190
f 946/50/1191 941/86/1191 952/51/1191
f 942/53/1192 948/69/1192 944/54/1192
f 947/81/1120 960/57/1120 956/58/1120
f 937/59/1201 939/61/1201 944/65/1201
f 938/80/1998 940/62/1998 942/53/1998
f 946/67/1203 948/69/1203 942/53/1203
f 945/56/1999 944/54/1999 948/69/1999
f 955/75/2000 943/64/2000 945/66/2000
f 946/82/2001 958/78/2001 960/57/2001
f 957/47/2002 956/58/2002 960/57/2002
f 955/75/1208 957/47/1208 950/49/1208
f 952/51/1209 954/48/1209 959/83/1209
f 953/44/2003 951/46/2003 950/49/2003
f 949/70/2004 951/72/2004 938/60/2004
f 941/84/2005 940/85/2005 953/44/2005
f 955/75/1213 949/70/1213 937/59/1213
f 975/46/1116 977/44/1116 964/85/1116
f 983/83/1214 978/48/1214 974/49/1214
f 982/52/1215 970/50/1215 965/86/1215
f 966/53/1216 972/69/1216 968/54/1216
f 971/81/1120 984/57/1120 980/58/1120
f 961/59/1225 963/61/1225 968/65/1225
f 962/80/2006 964/62/2006 966/53/2006
f 970/67/1227 972/69/1227 966/53/1227
f 969/56/2007 968/54/2007 972/69/2007
f 979/75/2008 967/64/2008 969/66/2008
f 970/82/2009 982/78/2009 984/57/2009
f 981/47/2010 980/58/2010 984/57/2010
f 979/75/1232 981/47/1232 974/49/1232
f 982/52/1233 976/51/1233 978/48/1233
f 977/44/2011 975/46/2011 974/49/2011
f 973/70/2012 975/72/2012 962/60/2012
f 965/84/2013 964/85/2013 977/44/2013
f 979/75/1237 973/70/1237 961/59/1237
f 1001/44/1116 988/85/1116 986/45/1116
f 1007/83/1238 1002/48/1238 998/49/1238
f 1006/52/1239 994/50/1239 989/86/1239
f 987/55/1240 990/53/1240 996/69/1240
f 993/56/1120 995/81/1120 1008/57/1120
f 985/59/1249 987/61/1249 992/65/1249
f 988/62/2014 990/53/2014 987/55/2014
f 989/63/1251 994/67/1251 996/69/1251
f 995/81/2015 993/56/2015 992/54/2015
f 991/64/2016 993/66/2016 1004/76/2016
f 1006/78/2017 1008/57/2017 995/81/2017
f 1007/83/2018 1005/47/2018 1004/58/2018
f 997/70/1256 1003/75/1256 1005/47/1256
f 1000/51/1257 1002/48/1257 1007/83/1257
f 999/46/2019 998/49/2019 1002/48/2019
f 985/59/2020 997/70/2020 999/72/2020
f 1000/73/2021 989/84/2021 988/85/2021
f 1003/75/1261 997/70/1261 985/59/1261
f 1025/44/1116 1012/85/1116 1010/45/1116
f 1031/83/1262 1026/48/1262 1022/49/1262
f 1030/52/1263 1018/50/1263 1013/86/1263
f 1011/55/1264 1014/53/1264 1020/69/1264
f 1017/56/1120 1019/81/1120 1032/57/1120
f 1009/59/1273 1011/61/1273 1016/65/1273
f 1012/62/2022 1014/53/2022 1011/55/2022
f 1013/63/1275 1018/67/1275 1020/69/1275
f 1019/81/2023 1017/56/2023 1016/54/2023
f 1015/64/2024 1017/66/2024 1028/76/2024
f 1030/78/2025 1032/57/2025 1019/81/2025
f 1031/83/2026 1029/47/2026 1028/58/2026
f 1027/75/1280 1029/47/1280 1022/49/1280
f 1030/52/1281 1024/51/1281 1026/48/1281
f 1023/46/2027 1022/49/2027 1026/48/2027
f 1009/59/2028 1021/70/2028 1023/72/2028
f 1024/73/2029 1013/84/2029 1012/85/2029
f 1015/64/1285 1027/75/1285 1021/70/1285
f 1049/44/1116 1036/85/1116 1034/45/1116
f 1055/83/1286 1050/48/1286 1046/49/1286
f 1042/50/1287 1037/86/1287 1048/51/1287
f 1038/53/1288 1044/69/1288 1040/54/1288
f 1041/56/1120 1043/81/1120 1056/57/1120
f 1033/59/1297 1035/61/1297 1040/65/1297
f 1036/62/2030 1038/53/2030 1035/55/2030
f 1042/67/1299 1044/69/1299 1038/53/1299
f 1043/81/2031 1041/56/2031 1040/54/2031
f 1039/64/2032 1041/66/2032 1052/76/2032
f 1054/78/2033 1056/57/2033 1043/81/2033
f 1055/83/2034 1053/47/2034 1052/58/2034
f 1045/70/1304 1051/75/1304 1053/47/1304
f 1048/51/1305 1050/48/1305 1055/83/1305
f 1047/46/2035 1046/49/2035 1050/48/2035
f 1033/59/2036 1045/70/2036 1047/72/2036
f 1048/73/2037 1037/84/2037 1036/85/2037
f 1039/64/1309 1051/75/1309 1045/70/1309
f 1071/46/1116 1073/44/1116 1060/85/1116
f 1079/83/1310 1074/48/1310 1070/49/1310
f 1078/52/1311 1066/50/1311 1061/86/1311
f 1062/53/1312 1068/69/1312 1064/54/1312
f 1067/81/1120 1080/57/1120 1076/58/1120
f 1063/64/1321 1057/59/1321 1059/61/1321
f 1058/80/2038 1060/62/2038 1062/53/2038
f 1061/63/1323 1066/67/1323 1068/69/1323
f 1065/56/2039 1064/54/2039 1068/69/2039
f 1075/75/1325 1063/64/1325 1065/66/1325
f 1066/82/1326 1078/78/1326 1080/57/1326
f 1077/47/2040 1076/58/2040 1080/57/2040
f 1069/70/1328 1075/75/1328 1077/47/1328
f 1072/51/1329 1074/48/1329 1079/83/1329
f 1073/44/2041 1071/46/2041 1070/49/2041
f 1069/70/1331 1071/72/1331 1058/60/1331
f 1061/84/1332 1060/85/1332 1073/44/1332
f 1075/75/1333 1069/70/1333 1057/59/1333
f 1097/44/1116 1084/85/1116 1082/45/1116
f 1103/83/1334 1098/48/1334 1094/49/1334
f 1090/50/1335 1085/86/1335 1096/51/1335
f 1083/55/1336 1086/53/1336 1092/69/1336
f 1089/56/1120 1091/81/1120 1104/57/1120
f 1087/64/1345 1081/59/1345 1083/61/1345
f 1082/80/2042 1084/62/2042 1086/53/2042
f 1085/63/1347 1090/67/1347 1092/69/1347
f 1089/56/2043 1088/54/2043 1092/69/2043
f 1087/64/1349 1089/66/1349 1100/76/1349
f 1102/78/1350 1104/57/1350 1091/81/1350
f 1103/83/2044 1101/47/2044 1100/58/2044
f 1099/75/1352 1101/47/1352 1094/49/1352
f 1096/51/1353 1098/48/1353 1103/83/1353
f 1095/46/2045 1094/49/2045 1098/48/2045
f 1081/59/1355 1093/70/1355 1095/72/1355
f 1096/73/1356 1085/84/1356 1084/85/1356
f 1087/64/1357 1099/75/1357 1093/70/1357
f 1121/44/1116 1108/85/1116 1106/45/1116
f 1127/83/1358 1122/48/1358 1118/49/1358
f 1114/50/1359 1109/86/1359 1120/51/1359
f 1110/53/1360 1116/69/1360 1112/54/1360
f 1113/56/1120 1115/81/1120 1128/57/1120
f 1105/59/1369 1107/61/1369 1112/65/1369
f 1108/62/2046 1110/53/2046 1107/55/2046
f 1109/63/1371 1114/67/1371 1116/69/1371
f 1115/81/2047 1113/56/2047 1112/54/2047
f 1111/64/2048 1113/66/2048 1124/76/2048
f 1126/78/2049 1128/57/2049 1115/81/2049
f 1127/83/2050 1125/47/2050 1124/58/2050
f 1123/75/1376 1125/47/1376 1118/49/1376
f 1120/51/1377 1122/48/1377 1127/83/1377
f 1119/46/2051 1118/49/2051 1122/48/2051
f 1105/59/2052 1117/70/2052 1119/72/2052
f 1120/73/2053 1109/84/2053 1108/85/2053
f 1123/75/1381 1117/70/1381 1105/59/1381
f 1143/46/1116 1145/44/1116 1132/85/1116
f 1149/47/1382 1151/83/1382 1146/48/1382
f 1150/52/1383 1138/50/1383 1133/86/1383
f 1134/53/1384 1140/69/1384 1136/54/1384
f 1139/81/1120 1152/57/1120 1148/58/1120
f 1129/59/1393 1131/61/1393 1136/65/1393
f 1130/80/2054 1132/62/2054 1134/53/2054
f 1138/67/1395 1140/69/1395 1134/53/1395
f 1137/56/2055 1136/54/2055 1140/69/2055
f 1147/75/2056 1135/64/2056 1137/66/2056
f 1138/82/2057 1150/78/2057 1152/57/2057
f 1149/47/2058 1148/58/2058 1152/57/2058
f 1147/75/1400 1149/47/1400 1142/49/1400
f 1150/52/1401 1144/51/1401 1146/48/1401
f 1145/44/2059 1143/46/2059 1142/49/2059
f 1141/70/2060 1143/72/2060 1130/60/2060
f 1133/84/2061 1132/85/2061 1145/44/2061
f 1147/75/1405 1141/70/1405 1129/59/1405
f 1167/46/1116 1169/44/1116 1156/85/1116
f 1175/83/1406 1170/48/1406 1166/49/1406
f 1162/50/1407 1157/86/1407 1168/51/1407
f 1155/55/1408 1158/53/1408 1164/69/1408
f 1163/81/1120 1176/57/1120 1172/58/1120
f 1153/59/1417 1155/61/1417 1160/65/1417
f 1154/80/2062 1156/62/2062 1158/53/2062
f 1162/67/1419 1164/69/1419 1158/53/1419
f 1161/56/2063 1160/54/2063 1164/69/2063
f 1171/75/2064 1159/64/2064 1161/66/2064
f 1162/82/2065 1174/78/2065 1176/57/2065
f 1173/47/2066 1172/58/2066 1176/57/2066
f 1171/75/1424 1173/47/1424 1166/49/1424
f 1168/51/1425 1170/48/1425 1175/83/1425
f 1169/44/2067 1167/46/2067 1166/49/2067
f 1165/70/2068 1167/72/2068 1154/60/2068
f 1157/84/2069 1156/85/2069 1169/44/2069
f 1171/75/1429 1165/70/1429 1153/59/1429
f 1191/46/1116 1193/44/1116 1180/85/1116
f 1199/83/1430 1194/48/1430 1190/49/1430
f 1186/50/1431 1181/86/1431 1192/51/1431
f 1182/53/1432 1188/69/1432 1184/54/1432
f 1187/81/1120 1200/57/1120 1196/58/1120
f 1177/59/1441 1179/61/1441 1184/65/1441
f 1180/62/2070 1182/53/2070 1179/55/2070
f 1186/67/1443 1188/69/1443 1182/53/1443
f 1187/81/2071 1185/56/2071 1184/54/2071
f 1195/75/2072 1183/64/2072 1185/66/2072
f 1186/82/2073 1198/78/2073 1200/57/2073
f 1199/83/2074 1197/47/2074 1196/58/2074
f 1195/75/1448 1197/47/1448 1190/49/1448
f 1192/51/1449 1194/48/1449 1199/83/1449
f 1191/46/2075 1190/49/2075 1194/48/2075
f 1189/70/2076 1191/72/2076 1178/60/2076
f 1181/84/2077 1180/85/2077 1193/44/2077
f 1195/75/1453 1189/70/1453 1177/59/1453
f 1217/44/1116 1204/85/1116 1202/45/1116
f 1223/83/1454 1218/48/1454 1214/49/1454
f 1210/50/1455 1205/86/1455 1216/51/1455
f 1206/53/1456 1212/69/1456 1208/54/1456
f 1209/56/1120 1211/81/1120 1224/57/1120
f 1201/59/1465 1203/61/1465 1208/65/1465
f 1204/62/2078 1206/53/2078 1203/55/2078
f 1210/67/1467 1212/69/1467 1206/53/1467
f 1211/81/2079 1209/56/2079 1208/54/2079
f 1207/64/2080 1209/66/2080 1220/76/2080
f 1222/78/2081 1224/57/2081 1211/81/2081
f 1223/83/2082 1221/47/2082 1220/58/2082
f 1219/75/1472 1221/47/1472 1214/49/1472
f 1216/51/1473 1218/48/1473 1223/83/1473
f 1215/46/2083 1214/49/2083 1218/48/2083
f 1201/59/2084 1213/70/2084 1215/72/2084
f 1216/73/2085 1205/84/2085 1204/85/2085
f 1219/75/1477 1213/70/1477 1201/59/1477
f 1241/44/1116 1228/85/1116 1226/45/1116
f 1247/83/1478 1242/48/1478 1238/49/1478
f 1246/52/1479 1234/50/1479 1229/86/1479
f 1227/55/1480 1230/53/1480 1236/69/1480
f 1233/56/1120 1235/81/1120 1248/57/1120
f 1225/59/1489 1227/61/1489 1232/65/1489
f 1228/62/2086 1230/53/2086 1227/55/2086
f 1234/67/1491 1236/69/1491 1230/53/1491
f 1235/81/2087 1233/56/2087 1232/54/2087
f 1231/64/2088 1233/66/2088 1244/76/2088
f 1246/78/2089 1248/57/2089 1235/81/2089
f 1247/83/2090 1245/47/2090 1244/58/2090
f 1243/75/1496 1245/47/1496 1238/49/1496
f 1240/51/1497 1242/48/1497 1247/83/1497
f 1239/46/2091 1238/49/2091 1242/48/2091
f 1225/59/2092 1237/70/2092 1239/72/2092
f 1240/73/2093 1229/84/2093 1228/85/2093
f 1243/75/1501 1237/70/1501 1225/59/1501
f 1263/46/1116 1265/44/1116 1252/85/1116
f 1271/83/1502 1266/48/1502 1262/49/1502
f 1270/52/1503 1258/50/1503 1253/86/1503
f 1254/53/1504 1260/69/1504 1256/54/1504
f 1259/81/1120 1272/57/1120 1268/58/1120
f 1249/59/1513 1251/61/1513 1256/65/1513
f 1250/80/2094 1252/62/2094 1254/53/2094
f 1258/67/1515 1260/69/1515 1254/53/1515
f 1257/56/2095 1256/54/2095 1260/69/2095
f 1267/75/2096 1255/64/2096 1257/66/2096
f 1258/82/2097 1270/78/2097 1272/57/2097
f 1269/47/2098 1268/58/2098 1272/57/2098
f 1261/70/1520 1267/75/1520 1269/47/1520
f 1264/51/1521 1266/48/1521 1271/83/1521
f 1265/44/2099 1263/46/2099 1262/49/2099
f 1261/70/2100 1263/72/2100 1250/60/2100
f 1253/84/2101 1252/85/2101 1265/44/2101
f 1267/75/1525 1261/70/1525 1249/59/1525
f 1287/46/1116 1289/44/1116 1276/85/1116
f 1295/83/1526 1290/48/1526 1286/49/1526
f 1294/52/1527 1282/50/1527 1277/86/1527
f 1278/53/1528 1284/69/1528 1280/54/1528
f 1283/81/1120 1296/57/1120 1292/58/1120
f 1273/59/1537 1275/61/1537 1280/65/1537
f 1274/80/2102 1276/62/2102 1278/53/2102
f 1282/67/1539 1284/69/1539 1278/53/1539
f 1281/56/2103 1280/54/2103 1284/69/2103
f 1291/75/1541 1279/64/1541 1281/66/1541
f 1282/82/1542 1294/78/1542 1296/57/1542
f 1293/47/2104 1292/58/2104 1296/57/2104
f 1291/75/1544 1293/47/1544 1286/49/1544
f 1294/52/1545 1288/51/1545 1290/48/1545
f 1289/44/2105 1287/46/2105 1286/49/2105
f 1285/70/1547 1287/72/1547 1274/60/1547
f 1277/84/1548 1276/85/1548 1289/44/1548
f 1291/75/1549 1285/70/1549 1273/59/1549
f 1313/44/1116 1300/85/1116 1298/45/1116
f 1317/47/1550 1319/83/1550 1314/48/1550
f 1318/52/1551 1306/50/1551 1301/86/1551
f 1302/53/1552 1308/69/1552 1304/54/1552
f 1305/56/1120 1307/81/1120 1320/57/1120
f 1303/64/1561 1297/59/1561 1299/61/1561
f 1300/62/2106 1302/53/2106 1299/55/2106
f 1306/67/1563 1308/69/1563 1302/53/1563
f 1307/81/2107 1305/56/2107 1304/54/2107
f 1303/64/1565 1305/66/1565 1316/76/1565
f 1318/78/1566 1320/57/1566 1307/81/1566
f 1319/83/2108 1317/47/2108 1316/58/2108
f 1315/75/1568 1317/47/1568 1310/49/1568
f 1312/51/1569 1314/48/1569 1319/83/1569
f 1311/46/2109 1310/49/2109 1314/48/2109
f 1297/59/1571 1309/70/1571 1311/72/1571
f 1312/73/1572 1301/84/1572 1300/85/1572
f 1303/64/1573 1315/75/1573 1309/70/1573
f 1337/44/1116 1324/85/1116 1322/45/1116
f 1343/83/1574 1338/48/1574 1334/49/1574
f 1330/50/1575 1325/86/1575 1336/51/1575
f 1326/53/1576 1332/69/1576 1328/54/1576
f 1329/56/1120 1331/81/1120 1344/57/1120
f 1321/59/1585 1323/61/1585 1328/65/1585
f 1324/62/2110 1326/53/2110 1323/55/2110
f 1330/67/1587 1332/69/1587 1326/53/1587
f 1331/81/2111 1329/56/2111 1328/54/2111
f 1327/64/1589 1329/66/1589 1340/76/1589
f 1342/78/1590 1344/57/1590 1331/81/1590
f 1343/83/2112 1341/47/2112 1340/58/2112
f 1339/75/1592 1341/47/1592 1334/49/1592
f 1342/52/1593 1336/51/1593 1338/48/1593
f 1335/46/2113 1334/49/2113 1338/48/2113
f 1321/59/1595 1333/70/1595 1335/72/1595
f 1336/73/1596 1325/84/1596 1324/85/1596
f 1339/75/1597 1333/70/1597 1321/59/1597
f 1359/46/1116 1361/44/1116 1348/85/1116
f 1367/83/1598 1362/48/1598 1358/49/1598
f 1354/50/1599 1349/86/1599 1360/51/1599
f 1350/53/1600 1356/69/1600 1352/54/1600
f 1355/81/1120 1368/57/1120 1364/58/1120
f 1345/59/1609 1347/61/1609 1352/65/1609
f 1346/80/2114 1348/62/2114 1350/53/2114
f 1354/67/1611 1356/69/1611 1350/53/1611
f 1353/56/2115 1352/54/2115 1356/69/2115
f 1363/75/2116 1351/64/2116 1353/66/2116
f 1354/82/2117 1366/78/2117 1368/57/2117
f 1365/47/2118 1364/58/2118 1368/57/2118
f 1363/75/1616 1365/47/1616 1358/49/1616
f 1360/51/1617 1362/48/1617 1367/83/1617
f 1361/44/2119 1359/46/2119 1358/49/2119
f 1357/70/2120 1359/72/2120 1346/60/2120
f 1349/84/2121 1348/85/2121 1361/44/2121
f 1363/75/1621 1357/70/1621 1345/59/1621
f 1383/46/1116 1385/44/1116 1372/85/1116
f 1389/47/1622 1391/83/1622 1386/48/1622
f 1378/50/1623 1373/86/1623 1384/51/1623
f 1374/53/1624 1380/69/1624 1376/54/1624
f 1379/81/1120 1392/57/1120 1388/58/1120
f 1375/64/1633 1369/59/1633 1371/61/1633
f 1370/80/2122 1372/62/2122 1374/53/2122
f 1378/67/1635 1380/69/1635 1374/53/1635
f 1377/56/2123 1376/54/2123 1380/69/2123
f 1387/75/2124 1375/64/2124 1377/66/2124
f 1378/82/2125 1390/78/2125 1392/57/2125
f 1389/47/2126 1388/58/2126 1392/57/2126
f 1387/75/1640 1389/47/1640 1382/49/1640
f 1384/51/1641 1386/48/1641 1391/83/1641
f 1385/44/2127 1383/46/2127 1382/49/2127
f 1381/70/2128 1383/72/2128 1370/60/2128
f 1373/84/2129 1372/85/2129 1385/44/2129
f 1387/75/1645 1381/70/1645 1369/59/1645
f 1409/44/1116 1396/85/1116 1394/45/1116
f 1415/83/1646 1410/48/1646 1406/49/1646
f 1414/52/1647 1402/50/1647 1397/86/1647
f 1398/53/1648 1404/69/1648 1400/54/1648
f 1401/56/1120 1403/81/1120 1416/57/1120
f 1393/59/1657 1395/61/1657 1400/65/1657
f 1394/80/2130 1396/62/2130 1398/53/2130
f 1402/67/1659 1404/69/1659 1398/53/1659
f 1401/56/2131 1400/54/2131 1404/69/2131
f 1399/64/2132 1401/66/2132 1412/76/2132
f 1414/78/2133 1416/57/2133 1403/81/2133
f 1415/83/2134 1413/47/2134 1412/58/2134
f 1411/75/1664 1413/47/1664 1406/49/1664
f 1408/51/1665 1410/48/1665 1415/83/1665
f 1407/46/2135 1406/49/2135 1410/48/2135
f 1393/59/2136 1405/70/2136 1407/72/2136
f 1408/73/2137 1397/84/2137 1396/85/2137
f 1399/64/1669 1411/75/1669 1405/70/1669
f 1433/44/1116 1420/85/1116 1418/45/1116
f 1439/83/1670 1434/48/1670 1430/49/1670
f 1426/50/1671 1421/86/1671 1432/51/1671
f 1422/53/1672 1428/69/1672 1424/54/1672
f 1425/56/1120 1427/81/1120 1440/57/1120
f 1417/59/1681 1419/61/1681 1424/65/1681
f 1420/62/2138 1422/53/2138 1419/55/2138
f 1426/67/1683 1428/69/1683 1422/53/1683
f 1427/81/2139 1425/56/2139 1424/54/2139
f 1423/64/2140 1425/66/2140 1436/76/2140
f 1438/78/2141 1440/57/2141 1427/81/2141
f 1439/83/2142 1437/47/2142 1436/58/2142
f 1435/75/1688 1437/47/1688 1430/49/1688
f 1432/51/1689 1434/48/1689 1439/83/1689
f 1431/46/2143 1430/49/2143 1434/48/2143
f 1417/59/2144 1429/70/2144 1431/72/2144
f 1432/73/2145 1421/84/2145 1420/85/2145
f 1435/75/1693 1429/70/1693 1417/59/1693
f 1457/44/1116 1444/85/1116 1442/45/1116
f 1463/83/1694 1458/48/1694 1454/49/1694
f 1450/50/1695 1445/86/1695 1456/51/1695
f 1446/53/1696 1452/69/1696 1448/54/1696
f 1449/56/1120 1451/81/1120 1464/57/1120
f 1447/64/1705 1441/59/1705 1443/61/1705
f 1444/62/2146 1446/53/2146 1443/55/2146
f 1450/67/1707 1452/69/1707 1446/53/1707
f 1451/81/2147 1449/56/2147 1448/54/2147
f 1447/64/2148 1449/66/2148 1460/76/2148
f 1462/78/2149 1464/57/2149 1451/81/2149
f 1463/83/2150 1461/47/2150 1460/58/2150
f 1459/75/1712 1461/47/1712 1454/49/1712
f 1456/51/1713 1458/48/1713 1463/83/1713
f 1455/46/2151 1454/49/2151 1458/48/2151
f 1441/59/2152 1453/70/2152 1455/72/2152
f 1456/73/2153 1445/84/2153 1444/85/2153
f 1447/64/1717 1459/75/1717 1453/70/1717
f 1479/46/1116 1481/44/1116 1468/85/1116
f 1487/83/1718 1482/48/1718 1478/49/1718
f 1486/52/1719 1474/50/1719 1469/86/1719
f 1470/53/1720 1476/69/1720 1472/54/1720
f 1475/81/1120 1488/57/1120 1484/58/1120
f 1465/59/1729 1467/61/1729 1472/65/1729
f 1466/80/2154 1468/62/2154 1470/53/2154
f 1474/67/1731 1476/69/1731 1470/53/1731
f 1473/56/2155 1472/54/2155 1476/69/2155
f 1483/75/2156 1471/64/2156 1473/66/2156
f 1474/82/2157 1486/78/2157 1488/57/2157
f 1485/47/2158 1484/58/2158 1488/57/2158
f 1483/75/1736 1485/47/1736 1478/49/1736
f 1480/51/1737 1482/48/1737 1487/83/1737
f 1481/44/2159 1479/46/2159 1478/49/2159
f 1477/70/2160 1479/72/2160 1466/60/2160
f 1469/84/2161 1468/85/2161 1481/44/2161
f 1483/75/1741 1477/70/1741 1465/59/1741
f 1503/46/1116 1505/44/1116 1492/85/1116
f 1509/47/1742 1511/83/1742 1506/48/1742
f 1498/50/1743 1493/86/1743 1504/51/1743
f 1494/53/1744 1500/69/1744 1496/54/1744
f 1499/81/1120 1512/57/1120 1508/58/1120
f 1495/64/1753 1489/59/1753 1491/61/1753
f 1490/80/2162 1492/62/2162 1494/53/2162
f 1498/67/1755 1500/69/1755 1494/53/1755
f 1497/56/2163 1496/54/2163 1500/69/2163
f 1507/75/2164 1495/64/2164 1497/66/2164
f 1498/82/2165 1510/78/2165 1512/57/2165
f 1511/83/2166 1509/47/2166 1508/58/2166
f 1507/75/1760 1509/47/1760 1502/49/1760
f 1510/52/1761 1504/51/1761 1506/48/1761
f 1503/46/2167 1502/49/2167 1506/48/2167
f 1501/70/2168 1503/72/2168 1490/60/2168
f 1493/84/2169 1492/85/2169 1505/44/2169
f 1507/75/1765 1501/70/1765 1489/59/1765
f 1529/44/1116 1516/85/1116 1514/45/1116
f 1535/83/1766 1530/48/1766 1526/49/1766
f 1522/50/1767 1517/86/1767 1528/51/1767
f 1515/55/1768 1518/53/1768 1524/69/1768
f 1521/56/1120 1523/81/1120 1536/57/1120
f 1513/59/1777 1515/61/1777 1520/65/1777
f 1516/62/2170 1518/53/2170 1515/55/2170
f 1517/63/1779 1522/67/1779 1524/69/1779
f 1523/81/2171 1521/56/2171 1520/54/2171
f 1519/64/1781 1521/66/1781 1532/76/1781
f 1534/78/1782 1536/57/1782 1523/81/1782
f 1535/83/2172 1533/47/2172 1532/58/2172
f 1531/75/1784 1533/47/1784 1526/49/1784
f 1528/51/1785 1530/48/1785 1535/83/1785
f 1527/46/2173 1526/49/2173 1530/48/2173
f 1513/59/1787 1525/70/1787 1527/72/1787
f 1528/73/1788 1517/84/1788 1516/85/1788
f 1531/75/1789 1525/70/1789 1513/59/1789
f 1551/46/1116 1553/44/1116 1540/85/1116
f 1559/83/1790 1554/48/1790 1550/49/1790
f 1546/50/1791 1541/86/1791 1552/51/1791
f 1542/53/1792 1548/69/1792 1544/54/1792
f 1547/81/1120 1560/57/1120 1556/58/1120
f 1537/59/1801 1539/61/1801 1544/65/1801
f 1538/80/2174 1540/62/2174 1542/53/2174
f 1546/67/1803 1548/69/1803 1542/53/1803
f 1545/56/2175 1544/54/2175 1548/69/2175
f 1555/75/2176 1543/64/2176 1545/66/2176
f 1546/82/2177 1558/78/2177 1560/57/2177
f 1557/47/2178 1556/58/2178 1560/57/2178
f 1555/75/1808 1557/47/1808 1550/49/1808
f 1552/51/1809 1554/48/1809 1559/83/1809
f 1553/44/2179 1551/46/2179 1550/49/2179
f 1549/70/2180 1551/72/2180 1538/60/2180
f 1541/84/2181 1540/85/2181 1553/44/2181
f 1543/64/1813 1555/75/1813 1549/70/1813
f 1575/46/1116 1577/44/1116 1564/85/1116
f 1583/83/1814 1578/48/1814 1574/49/1814
f 1570/50/1815 1565/86/1815 1576/51/1815
f 1566/53/1816 1572/69/1816 1568/54/1816
f 1571/81/1120 1584/57/1120 1580/58/1120
f 1561/59/1825 1563/61/1825 1568/65/1825
f 1562/80/2182 1564/62/2182 1566/53/2182
f 1570/67/1827 1572/69/1827 1566/53/1827
f 1569/56/2183 1568/54/2183 1572/69/2183
f 1579/75/2184 1567/64/2184 1569/66/2184
f 1570/82/2185 1582/78/2185 1584/57/2185
f 1581/47/2186 1580/58/2186 1584/57/2186
f 1579/75/1832 1581/47/1832 1574/49/1832
f 1576/51/1833 1578/48/1833 1583/83/1833
f 1577/44/2187 1575/46/2187 1574/49/2187
f 1573/70/2188 1575/72/2188 1562/60/2188
f 1565/84/2189 1564/85/2189 1577/44/2189
f 1579/75/1837 1573/70/1837 1561/59/1837
f 1599/46/1116 1601/44/1116 1588/85/1116
f 1605/47/1838 1607/83/1838 1602/48/1838
f 1594/50/1839 1589/86/1839 1600/51/1839
f 1587/55/1840 1590/53/1840 1596/69/1840
f 1595/81/1120 1608/57/1120 1604/58/1120
f 1585/59/1849 1587/61/1849 1592/65/1849
f 1586/80/2190 1588/62/2190 1590/53/2190
f 1594/67/1851 1596/69/1851 1590/53/1851
f 1593/56/2191 1592/54/2191 1596/69/2191
f 1603/75/2192 1591/64/2192 1593/66/2192
f 1594/82/2193 1606/78/2193 1608/57/2193
f 1605/47/2194 1604/58/2194 1608/57/2194
f 1603/75/1856 1605/47/1856 1598/49/1856
f 1600/51/1857 1602/48/1857 1607/83/1857
f 1601/44/2195 1599/46/2195 1598/49/2195
f 1597/70/2196 1599/72/2196 1586/60/2196
f 1589/84/2197 1588/85/2197 1601/44/2197
f 1591/64/1861 1603/75/1861 1597/70/1861
f 1625/44/1116 1612/85/1116 1610/45/1116
f 1629/47/1862 1631/83/1862 1626/48/1862
f 1618/50/1863 1613/86/1863 1624/51/1863
f 1614/53/1864 1620/69/1864 1616/54/1864
f 1617/56/1120 1619/81/1120 1632/57/1120
f 1609/59/1873 1611/61/1873 1616/65/1873
f 1612/62/2198 1614/53/2198 1611/55/2198
f 1618/67/1875 1620/69/1875 1614/53/1875
f 1619/81/2199 1617/56/2199 1616/54/2199
f 1615/64/2200 1617/66/2200 1628/76/2200
f 1630/78/2201 1632/57/2201 1619/81/2201
f 1631/83/2202 1629/47/2202 1628/58/2202
f 1627/75/1880 1629/47/1880 1622/49/1880
f 1624/51/1881 1626/48/1881 1631/83/1881
f 1623/46/2203 1622/49/2203 1626/48/2203
f 1609/59/2204 1621/70/2204 1623/72/2204
f 1624/73/2205 1613/84/2205 1612/85/2205
f 1627/75/1885 1621/70/1885 1609/59/1885
f 1649/44/1116 1636/85/1116 1634/45/1116
f 1653/47/1886 1655/83/1886 1650/48/1886
f 1642/50/1887 1637/86/1887 1648/51/1887
f 1638/53/1888 1644/69/1888 1640/54/1888
f 1641/56/1120 1643/81/1120 1656/57/1120
f 1633/59/1897 1635/61/1897 1640/65/1897
f 1636/62/2206 1638/53/2206 1635/55/2206
f 1642/67/1899 1644/69/1899 1638/53/1899
f 1643/81/2207 1641/56/2207 1640/54/2207
f 1639/64/2208 1641/66/2208 1652/76/2208
f 1654/78/2209 1656/57/2209 1643/81/2209
f 1655/83/2210 1653/47/2210 1652/58/2210
f 1645/70/1904 1651/75/1904 1653/47/1904
f 1648/51/1905 1650/48/1905 1655/83/1905
f 1647/46/2211 1646/49/2211 1650/48/2211
f 1633/59/2212 1645/70/2212 1647/72/2212
f 1648/73/2213 1637/84/2213 1636/85/2213
f 1651/75/1909 1645/70/1909 1633/59/1909
f 1673/44/1116 1660/85/1116 1658/45/1116
f 1679/83/1910 1674/48/1910 1670/49/1910
f 1666/50/1911 1661/86/1911 1672/51/1911
f 1659/55/1912 1662/53/1912 1668/69/1912
f 1665/56/1120 1667/81/1120 1680/57/1120
f 1657/59/1921 1659/61/1921 1664/65/1921
f 1660/62/2214 1662/53/2214 1659/55/2214
f 1666/67/1923 1668/69/1923 1662/53/1923
f 1667/81/2215 1665/56/2215 1664/54/2215
f 1663/64/2216 1665/66/2216 1676/76/2216
f 1678/78/2217 1680/57/2217 1667/81/2217
f 1679/83/2218 1677/47/2218 1676/58/2218
f 1675/75/1928 1677/47/1928 1670/49/1928
f 1672/51/1929 1674/48/1929 1679/83/1929
f 1671/46/2219 1670/49/2219 1674/48/2219
f 1657/59/2220 1669/70/2220 1671/72/2220
f 1672/73/2221 1661/84/2221 1660/85/2221
f 1675/75/1933 1669/70/1933 1657/59/1933
f 1695/46/1116 1697/44/1116 1684/85/1116
f 1703/83/1934 1698/48/1934 1694/49/1934
f 1702/52/1935 1690/50/1935 1685/86/1935
f 1686/53/1936 1692/69/1936 1688/54/1936
f 1691/81/1120 1704/57/1120 1700/58/1120
f 1681/59/1945 1683/61/1945 1688/65/1945
f 1682/80/2222 1684/62/2222 1686/53/2222
f 1690/67/1947 1692/69/1947 1686/53/1947
f 1689/56/2223 1688/54/2223 1692/69/2223
f 1699/75/1949 1687/64/1949 1689/66/1949
f 1690/82/1950 1702/78/1950 1704/57/1950
f 1701/47/2224 1700/58/2224 1704/57/2224
f 1699/75/1952 1701/47/1952 1694/49/1952
f 1696/51/1953 1698/48/1953 1703/83/1953
f 1697/44/2225 1695/46/2225 1694/49/2225
f 1693/70/1955 1695/72/1955 1682/60/1955
f 1685/84/1956 1684/85/1956 1697/44/1956
f 1699/75/1957 1693/70/1957 1681/59/1957
f 1721/44/1116 1708/85/1116 1706/45/1116
f 1725/47/1958 1727/83/1958 1722/48/1958
f 1714/50/1959 1709/86/1959 1720/51/1959
f 1710/53/1960 1716/69/1960 1712/54/1960
f 1713/56/1120 1715/81/1120 1728/57/1120
f 1705/59/2226 1707/61/2226 1712/65/2226
f 1706/80/2227 1708/62/2227 1710/53/2227
f 1714/67/1971 1716/69/1971 1710/53/1971
f 1713/56/2228 1712/54/2228 1716/69/2228
f 1711/64/1973 1713/66/1973 1724/76/1973
f 1726/78/1974 1728/57/1974 1715/81/1974
f 1727/83/2229 1725/47/2229 1724/58/2229
f 1717/70/1976 1723/75/1976 1725/47/1976
f 1726/52/1977 1720/51/1977 1722/48/1977
f 1719/46/2230 1718/49/2230 1722/48/2230
f 1705/59/1979 1717/70/1979 1719/72/1979
f 1720/73/1980 1709/84/1980 1708/85/1980
f 1723/75/1981 1717/70/1981 1705/59/1981
o Cube.002
v -5.476945 -0.911456 3.971977
v -3.451818 3.863428 3.971977
v -5.476945 -0.911456 -3.521101
v -3.451818 3.863428 -3.521101
v 4.754857 -0.911456 3.971977
v 4.754857 3.863428 3.971977
v 4.754857 -0.911456 -3.521102
v 4.754857 3.863428 -3.521102
v -5.476945 1.475986 3.971977
v -5.476945 1.475986 -3.521101
v 4.754857 1.475986 -3.521102
v 4.754857 1.475986 3.971977
vn -0.7626 0.6469 -0.0000
vn -0.0000 -0.0000 -1.0000
vn 1.0000 -0.0000 -0.0000
vn -0.0000 -0.0000 1.0000
vn -0.0000 -1.0000 -0.0000
vn -0.0000 1.0000 -0.0000
vn -1.0000 -0.0000 -0.0000
vt 0.625000 0.000000
vt 0.500000 0.250000
vt 0.500000 0.000000
vt 0.625000 0.250000
vt 0.500000 0.500000
vt 0.625000 0.500000
vt 0.500000 0.750000
vt 0.625000 1.000000
vt 0.500000 1.000000
vt 0.375000 0.500000
vt 0.125000 0.750000
vt 0.125000 0.500000
vt 0.875000 0.500000
vt 0.625000 0.750000
vt 0.375000 1.000000
vt 0.375000 0.750000
vt 0.375000 0.250000
vt 0.375000 0.000000
vt 0.875000 0.750000
s 0
f 1730/87/2231 1738/88/2231 1737/89/2231
f 1732/90/2232 1739/91/2232 1738/88/2232
f 1736/92/2233 1740/93/2233 1739/91/2233
f 1740/93/2234 1730/94/2234 1737/95/2234
f 1735/96/2235 1729/97/2235 1731/98/2235
f 1732/99/2236 1734/100/2236 1736/92/2236
f 1740/93/2234 1729/101/2234 1733/102/2234
f 1739/91/2233 1733/102/2233 1735/96/2233
f 1738/88/2232 1735/96/2232 1731/103/2232
f 1737/89/2237 1731/103/2237 1729/104/2237
f 1730/87/2231 1732/90/2231 1738/88/2231
f 1732/90/2232 1736/92/2232 1739/91/2232
f 1736/92/2233 1734/100/2233 1740/93/2233
f 1740/93/2234 1734/100/2234 1730/94/2234
f 1735/96/2235 1733/102/2235 1729/97/2235
f 1732/99/2236 1730/105/2236 1734/100/2236
f 1740/93/2234 1737/95/2234 1729/101/2234
f 1739/91/2233 1740/93/2233 1733/102/2233
f 1738/88/2232 1739/91/2232 1735/96/2232
f 1737/89/2237 1738/88/2237 1731/103/2237
o Cube.003
v -3.160415 2.700721 2.708503
v -3.160415 5.010168 2.708503
v -3.160415 2.700721 -2.210571
v -3.160415 5.010168 -2.210571
v 4.118161 2.700721 2.708503
v 4.118161 5.010168 2.708503
v 4.118161 2.700721 -2.210571
v 4.118161 5.010168 -2.210571
vn -1.0000 -0.0000 -0.0000
vn -0.0000 -0.0000 -1.0000
vn 1.0000 -0.0000 -0.0000
vn -0.0000 -0.0000 1.0000
vn -0.0000 -1.0000 -0.0000
vn -0.0000 1.0000 -0.0000
vt 0.625000 0.000000
vt 0.375000 0.250000
vt 0.375000 0.000000
vt 0.625000 0.250000
vt 0.375000 0.500000
vt 0.625000 0.500000
vt 0.375000 0.750000
vt 0.625000 0.750000
vt 0.375000 1.000000
vt 0.125000 0.750000
vt 0.125000 0.500000
vt 0.875000 0.500000
vt 0.625000 1.000000
vt 0.875000 0.750000
s 0
f 1742/106/2238 1743/107/2238 1741/108/2238
f 1744/109/2239 1747/110/2239 1743/107/2239
f 1748/111/2240 1745/112/2240 1747/110/2240
f 1746/113/2241 1741/114/2241 1745/112/2241
f 1747/110/2242 1741/115/2242 1743/116/2242
f 1744/117/2243 1746/113/2243 1748/111/2243
f 1742/106/2238 1744/109/2238 1743/107/2238
f 1744/109/2239 1748/111/2239 1747/110/2239
f 1748/111/2240 1746/113/2240 1745/112/2240
f 1746/113/2241 1742/118/2241 1741/114/2241
f 1747/110/2242 1745/112/2242 1741/115/2242
f 1744/117/2243 1742/119/2243 1746/113/2243
o Cylinder
v -4.145719 14.570780 0.292342
v 5.854281 14.570780 0.292342
v -4.145719 14.474707 -0.683109
v 5.854281 14.474707 -0.683110
v -4.145719 14.190178 -1.621075
v 5.854281 14.190178 -1.621076
v -4.145719 13.728128 -2.485509
v 5.854281 13.728128 -2.485509
v -4.145719 13.106314 -3.243192
v 5.854281 13.106314 -3.243192
v -4.145719 12.348631 -3.865006
v 5.854281 12.348631 -3.865006
v -4.145719 11.484198 -4.327055
v 5.854281 11.484197 -4.327055
v -4.145719 10.546231 -4.611584
v 5.854281 10.546231 -4.611584
v -4.145719 9.570780 -4.707658
v 5.854281 9.570780 -4.707658
v -4.145720 8.595328 -4.611584
v 5.854280 8.595328 -4.611584
v -4.145720 7.657363 -4.327055
v 5.854280 7.657362 -4.327055
v -4.145720 6.792929 -3.865006
v 5.854280 6.792929 -3.865006
v -4.145720 6.035246 -3.243192
v 5.854280 6.035246 -3.243192
v -4.145720 5.413432 -2.485509
v 5.854280 5.413432 -2.485509
v -4.145720 4.951382 -1.621075
v 5.854280 4.951382 -1.621076
v -4.145720 4.666853 -0.683109
v 5.854280 4.666853 -0.683110
v -4.145719 4.570780 0.292342
v 5.854281 4.570780 0.292342
v -4.145719 4.666853 1.267794
v 5.854281 4.666853 1.267793
v -4.145719 4.951382 2.205760
v 5.854281 4.951382 2.205759
v -4.145719 5.413432 3.070193
v 5.854281 5.413432 3.070193
v -4.145719 6.035246 3.827876
v 5.854281 6.035246 3.827876
v -4.145719 6.792929 4.449690
v 5.854281 6.792929 4.449690
v -4.145719 7.657363 4.911740
v 5.854281 7.657362 4.911740
v -4.145719 8.595328 5.196269
v 5.854281 8.595328 5.196269
v -4.145719 9.570780 5.292342
v 5.854281 9.570780 5.292342
v -4.145719 10.546231 5.196269
v 5.854281 10.546231 5.196269
v -4.145719 11.484198 4.911740
v 5.854281 11.484197 4.911740
v -4.145719 12.348631 4.449690
v 5.854281 12.348631 4.449690
v -4.145719 13.106314 3.827876
v 5.854281 13.106314 3.827876
v -4.145719 13.728128 3.070193
v 5.854281 13.728128 3.070193
v -4.145719 14.190178 2.205760
v 5.854281 14.190178 2.205759
v -4.145719 14.474707 1.267794
v 5.854281 14.474707 1.267793
vn -0.0000 0.9952 -0.0980
vn -0.0000 0.9569 -0.2903
vn -0.0000 0.8819 -0.4714
vn -0.0000 0.7730 -0.6344
vn -0.0000 0.6344 -0.7730
vn -0.0000 0.4714 -0.8819
vn -0.0000 0.2903 -0.9569
vn -0.0000 0.0980 -0.9952
vn -0.0000 -0.0980 -0.9952
vn -0.0000 -0.2903 -0.9569
vn -0.0000 -0.4714 -0.8819
vn -0.0000 -0.6344 -0.7730
vn -0.0000 -0.7730 -0.6344
vn -0.0000 -0.8819 -0.4714
vn -0.0000 -0.9569 -0.2903
vn -0.0000 -0.9952 -0.0980
vn -0.0000 -0.9952 0.0980
vn -0.0000 -0.9569 0.2903
vn -0.0000 -0.8819 0.4714
vn -0.0000 -0.7730 0.6344
vn -0.0000 -0.6344 0.7730
vn -0.0000 -0.4714 0.8819
vn -0.0000 -0.2903 0.9569
vn -0.0000 -0.0980 0.9952
vn -0.0000 0.0980 0.9952
vn -0.0000 0.2903 0.9569
vn -0.0000 0.4714 0.8819
vn -0.0000 0.6344 0.7730
vn -0.0000 0.7730 0.6344
vn -0.0000 0.8819 0.4714
vn 1.0000 -0.0000 -0.0000
vn -0.0000 0.9569 0.2903
vn -0.0000 0.9952 0.0980
vn -1.0000 -0.0000 -0.0000
vt 1.000000 1.000000
vt 0.968750 0.500000
vt 1.000000 0.500000
vt 0.968750 1.000000
vt 0.937500 0.500000
vt 0.937500 1.000000
vt 0.906250 0.500000
vt 0.906250 1.000000
vt 0.875000 0.500000
vt 0.875000 1.000000
vt 0.843750 0.500000
vt 0.843750 1.000000
vt 0.812500 0.500000
vt 0.812500 1.000000
vt 0.781250 0.500000
vt 0.781250 1.000000
vt 0.750000 0.500000
vt 0.750000 1.000000
vt 0.718750 0.500000
vt 0.718750 1.000000
vt 0.687500 0.500000
vt 0.687500 1.000000
vt 0.656250 0.500000
vt 0.656250 1.000000
vt 0.625000 0.500000
vt 0.625000 1.000000
vt 0.593750 0.500000
vt 0.593750 1.000000
vt 0.562500 0.500000
vt 0.562500 1.000000
vt 0.531250 0.500000
vt 0.531250 1.000000
vt 0.500000 0.500000
vt 0.500000 1.000000
vt 0.468750 0.500000
vt 0.468750 1.000000
vt 0.437500 0.500000
vt 0.437500 1.000000
vt 0.406250 0.500000
vt 0.406250 1.000000
vt 0.375000 0.500000
vt 0.375000 1.000000
vt 0.343750 0.500000
vt 0.343750 1.000000
vt 0.312500 0.500000
vt 0.312500 1.000000
vt 0.281250 0.500000
vt 0.281250 1.000000
vt 0.250000 0.500000
vt 0.250000 1.000000
vt 0.218750 0.500000
vt 0.218750 1.000000
vt 0.187500 0.500000
vt 0.187500 1.000000
vt 0.156250 0.500000
vt 0.156250 1.000000
vt 0.125000 0.500000
vt 0.125000 1.000000
vt 0.093750 0.500000
vt 0.093750 1.000000
vt 0.062500 0.500000
vt 0.158156 0.028269
vt 0.471731 0.158156
vt 0.341844 0.471731
vt 0.062500 1.000000
vt 0.031250 0.500000
vt 0.031250 1.000000
vt 0.000000 0.500000
vt 0.796822 0.014612
vt 0.514612 0.203178
vt 0.703178 0.485388
vt 0.296822 0.485388
vt 0.250000 0.490000
vt 0.203178 0.485388
vt 0.158156 0.471731
vt 0.116663 0.449553
vt 0.080294 0.419706
vt 0.050447 0.383337
vt 0.028269 0.341844
vt 0.014612 0.296822
vt 0.010000 0.250000
vt 0.014612 0.203178
vt 0.028269 0.158156
vt 0.050447 0.116663
vt 0.080294 0.080294
vt 0.116663 0.050447
vt 0.203178 0.014612
vt 0.250000 0.010000
vt 0.296822 0.014612
vt 0.341844 0.028269
vt 0.383337 0.050447
vt 0.419706 0.080294
vt 0.449553 0.116663
vt 0.485388 0.203178
vt 0.490000 0.250000
vt 0.485388 0.296822
vt 0.471731 0.341844
vt 0.449553 0.383337
vt 0.419706 0.419706
vt 0.383337 0.449553
vt 0.000000 1.000000
vt 0.750000 0.490000
vt 0.796822 0.485388
vt 0.841844 0.471731
vt 0.883337 0.449553
vt 0.919706 0.419706
vt 0.949553 0.383337
vt 0.971731 0.341844
vt 0.985388 0.296822
vt 0.990000 0.250000
vt 0.985388 0.203178
vt 0.971731 0.158156
vt 0.949553 0.116663
vt 0.919706 0.080294
vt 0.883337 0.050447
vt 0.841844 0.028269
vt 0.750000 0.010000
vt 0.703178 0.014612
vt 0.658156 0.028269
vt 0.616663 0.050447
vt 0.580294 0.080294
vt 0.550447 0.116663
vt 0.528269 0.158156
vt 0.510000 0.250000
vt 0.514612 0.296822
vt 0.528269 0.341844
vt 0.550447 0.383337
vt 0.580294 0.419706
vt 0.616663 0.449553
vt 0.658156 0.471731
s 0
f 1750/120/2244 1751/121/2244 1749/122/2244
f 1752/123/2245 1753/124/2245 1751/121/2245
f 1754/125/2246 1755/126/2246 1753/124/2246
f 1756/127/2247 1757/128/2247 1755/126/2247
f 1758/129/2248 1759/130/2248 1757/128/2248
f 1760/131/2249 1761/132/2249 1759/130/2249
f 1762/133/2250 1763/134/2250 1761/132/2250
f 1764/135/2251 1765/136/2251 1763/134/2251
f 1766/137/2252 1767/138/2252 1765/136/2252
f 1768/139/2253 1769/140/2253 1767/138/2253
f 1770/141/2254 1771/142/2254 1769/140/2254
f 1772/143/2255 1773/144/2255 1771/142/2255
f 1774/145/2256 1775/146/2256 1773/144/2256
f 1776/147/2257 1777/148/2257 1775/146/2257
f 1778/149/2258 1779/150/2258 1777/148/2258
f 1780/151/2259 1781/152/2259 1779/150/2259
f 1782/153/2260 1783/154/2260 1781/152/2260
f 1784/155/2261 1785/156/2261 1783/154/2261
f 1786/157/2262 1787/158/2262 1785/156/2262
f 1788/159/2263 1789/160/2263 1787/158/2263
f 1790/161/2264 1791/162/2264 1789/160/2264
f 1792/163/2265 1793/164/2265 1791/162/2265
f 1794/165/2266 1795/166/2266 1793/164/2266
f 1796/167/2267 1797/168/2267 1795/166/2267
f 1798/169/2268 1799/170/2268 1797/168/2268
f 1800/171/2269 1801/172/2269 1799/170/2269
f 1802/173/2270 1803/174/2270 1801/172/2270
f 1804/175/2271 1805/176/2271 1803/174/2271
f 1806/177/2272 1807/178/2272 1805/176/2272
f 1808/179/2273 1809/180/2273 1807/178/2273
f 1786/181/2274 1770/182/2274 1754/183/2274
f 1810/184/2275 1811/185/2275 1809/180/2275
f 1812/186/2276 1749/187/2276 1811/185/2276
f 1779/188/2277 1795/189/2277 1811/190/2277
f 1750/120/2244 1752/123/2244 1751/121/2244
f 1752/123/2245 1754/125/2245 1753/124/2245
f 1754/125/2246 1756/127/2246 1755/126/2246
f 1756/127/2247 1758/129/2247 1757/128/2247
f 1758/129/2248 1760/131/2248 1759/130/2248
f 1760/131/2249 1762/133/2249 1761/132/2249
f 1762/133/2250 1764/135/2250 1763/134/2250
f 1764/135/2251 1766/137/2251 1765/136/2251
f 1766/137/2252 1768/139/2252 1767/138/2252
f 1768/139/2253 1770/141/2253 1769/140/2253
f 1770/141/2254 1772/143/2254 1771/142/2254
f 1772/143/2255 1774/145/2255 1773/144/2255
f 1774/145/2256 1776/147/2256 1775/146/2256
f 1776/147/2257 1778/149/2257 1777/148/2257
f 1778/149/2258 1780/151/2258 1779/150/2258
f 1780/151/2259 1782/153/2259 1781/152/2259
f 1782/153/2260 1784/155/2260 1783/154/2260
f 1784/155/2261 1786/157/2261 1785/156/2261
f 1786/157/2262 1788/159/2262 1787/158/2262
f 1788/159/2263 1790/161/2263 1789/160/2263
f 1790/161/2264 1792/163/2264 1791/162/2264
f 1792/163/2265 1794/165/2265 1793/164/2265
f 1794/165/2266 1796/167/2266 1795/166/2266
f 1796/167/2267 1798/169/2267 1797/168/2267
f 1798/169/2268 1800/171/2268 1799/170/2268
f 1800/171/2269 1802/173/2269 1801/172/2269
f 1802/173/2270 1804/175/2270 1803/174/2270
f 1804/175/2271 1806/177/2271 1805/176/2271
f 1806/177/2272 1808/179/2272 1807/178/2272
f 1808/179/2273 1810/184/2273 1809/180/2273
f 1754/183/2274 1752/191/2274 1750/192/2274
f 1750/192/2274 1812/193/2274 1810/194/2274
f 1810/194/2274 1808/195/2274 1806/196/2274
f 1806/196/2274 1804/197/2274 1802/198/2274
f 1802/198/2274 1800/199/2274 1798/200/2274
f 1798/200/2274 1796/201/2274 1794/202/2274
f 1794/202/2274 1792/203/2274 1790/204/2274
f 1790/204/2274 1788/205/2274 1786/181/2274
f 1786/181/2274 1784/206/2274 1782/207/2274
f 1782/207/2274 1780/208/2274 1778/209/2274
f 1778/209/2274 1776/210/2274 1774/211/2274
f 1774/211/2274 1772/212/2274 1770/182/2274
f 1770/182/2274 1768/213/2274 1766/214/2274
f 1766/214/2274 1764/215/2274 1762/216/2274
f 1762/216/2274 1760/217/2274 1758/218/2274
f 1758/218/2274 1756/219/2274 1754/183/2274
f 1754/183/2274 1750/192/2274 1810/194/2274
f 1810/194/2274 1806/196/2274 1802/198/2274
f 1802/198/2274 1798/200/2274 1794/202/2274
f 1794/202/2274 1790/204/2274 1786/181/2274
f 1786/181/2274 1782/207/2274 1778/209/2274
f 1778/209/2274 1774/211/2274 1770/182/2274
f 1770/182/2274 1766/214/2274 1762/216/2274
f 1762/216/2274 1758/218/2274 1754/183/2274
f 1754/183/2274 1810/194/2274 1802/198/2274
f 1802/198/2274 1794/202/2274 1786/181/2274
f 1786/181/2274 1778/209/2274 1770/182/2274
f 1770/182/2274 1762/216/2274 1754/183/2274
f 1754/183/2274 1802/198/2274 1786/181/2274
f 1810/184/2275 1812/186/2275 1811/185/2275
f 1812/186/2276 1750/220/2276 1749/187/2276
f 1811/190/2277 1749/221/2277 1751/222/2277
f 1751/222/2277 1753/223/2277 1755/224/2277
f 1755/224/2277 1757/225/2277 1759/226/2277
f 1759/226/2277 1761/227/2277 1763/228/2277
f 1763/228/2277 1765/229/2277 1767/230/2277
f 1767/230/2277 1769/231/2277 1771/232/2277
f 1771/232/2277 1773/233/2277 1775/234/2277
f 1775/234/2277 1777/235/2277 1779/188/2277
f 1779/188/2277 1781/236/2277 1783/237/2277
f 1783/237/2277 1785/238/2277 1787/239/2277
f 1787/239/2277 1789/240/2277 1791/241/2277
f 1791/241/2277 1793/242/2277 1795/189/2277
f 1795/189/2277 1797/243/2277 1799/244/2277
f 1799/244/2277 1801/245/2277 1803/246/2277
f 1803/246/2277 1805/247/2277 1807/248/2277
f 1807/248/2277 1809/249/2277 1811/190/2277
f 1811/190/2277 1751/222/2277 1755/224/2277
f 1755/224/2277 1759/226/2277 1763/228/2277
f 1763/228/2277 1767/230/2277 1771/232/2277
f 1771/232/2277 1775/234/2277 1779/188/2277
f 1779/188/2277 1783/237/2277 1787/239/2277
f 1787/239/2277 1791/241/2277 1795/189/2277
f 1795/189/2277 1799/244/2277 1803/246/2277
f 1803/246/2277 1807/248/2277 1811/190/2277
f 1811/190/2277 1755/224/2277 1763/228/2277
f 1763/228/2277 1771/232/2277 1779/188/2277
f 1779/188/2277 1787/239/2277 1795/189/2277
f 1795/189/2277 1803/246/2277 1811/190/2277
f 1811/190/2277 1763/228/2277 1779/188/2277
o Sphere
v -4.146315 13.718126 -2.485509
v -4.146315 12.338630 -3.865006
v -8.557093 11.085528 -1.399370
v -8.557093 10.364568 -1.698001
v -8.557093 9.974387 -1.736431
v -4.146315 10.536230 -4.611584
v -4.146315 9.560779 -4.707658
v -8.557093 9.974387 -1.736431
v -8.482435 11.822146 -0.487091
v -8.557093 9.584207 -1.698001
v -8.448706 11.637327 -0.826221
v -4.146315 8.585327 -4.611584
v -8.419143 11.388601 -1.123471
v -4.146315 6.782927 -3.865006
v -8.557093 8.863247 -1.399370
v -8.394880 11.085528 -1.367417
v -8.376852 10.739755 -1.548686
v -3.956014 14.464705 -0.664367
v -8.365751 10.364568 -1.660310
v -8.362001 9.974387 -1.698001
v -3.773026 14.180176 -1.584310
v -3.604383 13.718126 -2.432134
v -3.456567 13.096313 -3.175257
v -3.335257 12.338630 -3.785124
v -3.245115 11.474195 -4.238295
v -8.410646 11.822146 -0.443538
v -8.344484 11.637327 -0.762991
v -3.189607 10.536230 -4.517356
v -3.170864 9.560779 -4.611584
v -8.286495 11.388601 -1.042994
v -8.362001 9.974387 -1.698001
v -8.238903 11.085528 -1.272786
v -3.189607 8.585327 -4.517356
v -8.203539 10.739755 -1.443538
v -8.181763 10.364568 -1.548686
v -8.365751 9.584207 -1.660310
v -8.376852 9.209020 -1.548686
v -8.174409 9.974387 -1.584190
v -3.245115 7.647361 -4.238295
v -3.335257 6.782927 -3.785124
v -8.394880 8.863247 -1.367417
v -3.456567 6.025245 -3.175257
v -8.419143 8.560173 -1.123471
v -8.448706 8.311448 -0.826221
v -3.604383 5.403430 -2.432134
v -8.448706 11.935958 -0.060854
v -8.482435 8.126628 -0.487091
v -3.773026 4.941381 -1.584310
v -8.344484 11.822146 -0.372810
v -8.248434 11.637327 -0.660310
v -8.519032 8.012816 -0.119114
v -3.956014 4.656852 -0.664367
v -8.164246 11.388601 -0.912306
v -8.095153 11.085528 -1.119114
v -3.773026 14.464705 -0.608858
v -8.043813 10.739755 -1.272786
v -8.012197 10.364568 -1.367417
v -3.414082 14.180176 -1.475425
v -8.001522 9.974387 -1.399370
v -3.083277 13.718126 -2.274058
v -2.793325 13.096313 -2.974065
v -2.555367 12.338630 -3.548546
v -2.378548 11.474195 -3.975425
v -8.419143 11.935958 -0.012330
v -8.286495 11.822146 -0.277627
v -2.269664 10.536230 -4.238295
v -8.164246 11.637327 -0.522126
v -8.174409 9.974387 -1.584190
v -8.057093 11.388601 -0.736431
v -2.232898 9.560779 -4.327055
v -7.969154 11.085528 -0.912306
v -2.269664 8.585327 -4.238295
v -7.903811 10.739755 -1.042994
v -8.181763 9.584207 -1.548686
v -2.378548 7.647361 -3.975425
v -7.863573 10.364568 -1.123471
v -7.849986 9.974387 -1.150644
v -8.203539 9.209020 -1.443538
v -8.238903 8.863247 -1.272786
v -2.555367 6.782927 -3.548546
v -2.793325 6.025245 -2.974065
v -8.286495 8.560173 -1.042994
v -3.083277 5.403430 -2.274058
v -8.344484 8.311448 -0.762991
v -3.414082 4.941381 -1.475425
v -8.394880 11.935958 0.046796
v -8.410646 8.126628 -0.443538
v -8.238903 11.822146 -0.161646
v -3.773026 4.656852 -0.608858
v -8.482435 8.012816 -0.096911
v -8.095153 11.637327 -0.353747
v -7.969154 11.388601 -0.522126
v -3.604383 14.464705 -0.518716
v -7.865751 11.085528 -0.660310
v -7.788915 10.739755 -0.762991
v -3.083277 14.180176 -1.298606
v -7.741599 10.364568 -0.826221
v -7.725623 9.974387 -0.847571
v -2.603024 13.718126 -2.017357
v -2.182078 13.096313 -2.647347
v -1.836617 12.338630 -3.164366
v -1.579916 11.474195 -3.548547
v -1.421839 10.536230 -3.785124
v -8.376852 11.935958 0.114253
v -8.001522 9.974387 -1.399370
v -8.203539 11.822146 -0.029324
v -8.043813 11.637327 -0.161646
v -1.368464 9.560779 -3.865005
v -7.903811 11.388601 -0.277627
v -1.421839 8.585327 -3.785124
v -8.012197 9.584207 -1.367417
v -7.788915 11.085528 -0.372810
v -7.703539 10.739755 -0.443538
v -8.043813 9.209020 -1.272786
v -7.650965 10.364568 -0.487091
v -1.579916 7.647361 -3.548547
v -8.095153 8.863247 -1.119114
v -7.633213 9.974387 -0.501797
v -1.836617 6.782927 -3.164366
v -8.164246 8.560173 -0.912306
v -2.182078 6.025245 -2.647347
v -8.248434 8.311448 -0.660310
v -2.603024 5.403430 -2.017357
v -8.344484 8.126628 -0.372810
v -3.083277 4.941381 -1.298606
v -8.448706 8.012816 -0.060854
v -8.365751 11.935958 0.187449
v -8.181763 11.822146 0.114253
v -3.604383 4.656852 -0.518716
v -3.456567 14.464705 -0.397406
v -8.012197 11.637327 0.046796
v -7.863573 11.388601 -0.012330
v -7.741599 11.085528 -0.060854
v -2.793325 14.180176 -1.060648
v -7.650965 10.739755 -0.096911
v -7.595153 10.364568 -0.119114
v -2.182078 13.718126 -1.671895
v -7.576307 9.974387 -0.126611
v -1.646315 13.096313 -2.207658
v -1.206626 12.338630 -2.647346
v -0.879908 11.474195 -2.974065
v -8.362002 11.935958 0.263569
v -0.678716 10.536230 -3.175257
v -7.849986 9.974387 -1.150644
v -8.174410 11.822146 0.263569
v -0.610781 9.560779 -3.243191
v -8.001522 11.637327 0.263569
v -0.678716 8.585327 -3.175257
v -7.849986 11.388601 0.263569
v -7.863573 9.584207 -1.123471
v -7.725623 11.085528 0.263569
v -0.879908 7.647361 -2.974065
v -7.633213 10.739755 0.263569
v -7.576307 10.364568 0.263569
v -7.903811 9.209020 -1.042994
v -7.969154 8.863247 -0.912306
v -7.557093 9.974387 0.263569
v -1.206626 6.782927 -2.647346
v -1.646315 6.025245 -2.207658
v -8.057093 8.560173 -0.736431
v -2.182078 5.403430 -1.671895
v -8.164246 8.311448 -0.522126
v -8.286495 8.126628 -0.277627
v -2.793325 4.941381 -1.060648
v -8.365751 11.935958 0.339690
v -8.419143 8.012816 -0.012330
v -3.456567 4.656852 -0.397406
v -8.181763 11.822146 0.412885
v -3.335257 14.464705 -0.249590
v -8.012197 11.637327 0.480342
v -7.863573 11.388601 0.539468
v -7.741600 11.085528 0.587993
v -2.555367 14.180176 -0.770696
v -7.650965 10.739755 0.624049
v -7.595153 10.364568 0.646253
v -1.836617 13.718126 -1.250949
v -7.576307 9.974387 0.653750
v -1.206626 13.096313 -1.671896
v -0.689607 12.338630 -2.017356
v -0.305427 11.474195 -2.274058
v -0.068850 10.536230 -2.432133
v -8.376852 11.935958 0.412885
v -7.725623 9.974387 -0.847571
v -8.203539 11.822146 0.556462
v -8.043813 11.637327 0.688784
v 0.011033 9.560779 -2.485508
v -7.741599 9.584207 -0.826221
v -7.903811 11.388601 0.804765
v -0.068850 8.585327 -2.432133
v -7.788915 11.085528 0.899948
v -7.788915 9.209020 -0.762991
v -7.703539 10.739755 0.970676
v -0.305427 7.647361 -2.274058
v -7.650965 10.364568 1.014230
v -7.865751 8.863247 -0.660310
v -7.633213 9.974387 1.028936
v -0.689607 6.782927 -2.017356
v -1.206626 6.025245 -1.671896
v -7.969154 8.560173 -0.522126
v -1.836617 5.403430 -1.250949
v -8.095153 8.311448 -0.353747
v -8.238903 8.126628 -0.161646
v -2.555367 4.941381 -0.770696
v -8.394880 11.935958 0.480342
v -8.394880 8.012816 0.046796
v -8.238903 11.822146 0.688784
v -3.335257 4.656852 -0.249590
v -4.146315 14.560779 0.292342
v -8.095153 11.637327 0.880886
v -7.969154 11.388601 1.049264
v -7.865751 11.085528 1.187449
v -3.245116 14.464705 -0.080947
v -2.378548 14.180176 -0.439891
v -7.788915 10.739755 1.290129
v -7.741600 10.364568 1.353359
v -7.725624 9.974387 1.374710
v -1.579916 13.718126 -0.770695
v -0.879908 13.096313 -1.060648
v -0.305427 12.338630 -1.298605
v 0.121451 11.474195 -1.475425
v -8.419143 11.935958 0.539468
v 0.384322 10.536230 -1.584309
v -8.286495 11.822146 0.804765
v 0.473082 9.560779 -1.621074
v -8.164246 11.637327 1.049264
v -7.633213 9.974387 -0.501797
v -8.057093 11.388601 1.263569
v -7.650965 9.584207 -0.487091
v -7.969155 11.085528 1.439444
v 0.384322 8.585327 -1.584309
v -7.903811 10.739755 1.570132
v -7.863573 10.364568 1.650609
v -7.703539 9.209020 -0.443538
v 0.121451 7.647361 -1.475425
v -7.849986 9.974387 1.677782
v -7.788915 8.863247 -0.372810
v -0.305427 6.782927 -1.298605
v -0.879908 6.025245 -1.060648
v -7.903811 8.560173 -0.277627
v -1.579916 5.403430 -0.770695
v -8.043813 8.311448 -0.161646
v -2.378548 4.941381 -0.439891
v -8.203539 8.126628 -0.029324
v -8.448706 11.935958 0.587992
v -3.245116 4.656852 -0.080947
v -8.344485 11.822146 0.899948
v -8.376852 8.012816 0.114253
v -8.248434 11.637327 1.187449
v -8.164246 11.388601 1.439445
v -3.189607 14.464705 0.102041
v -8.095153 11.085528 1.646252
v -8.043813 10.739755 1.799924
v -2.269664 14.180176 -0.080947
v -8.012197 10.364568 1.894555
v -1.421840 13.718126 -0.249590
v -8.001522 9.974387 1.926508
v -0.678716 13.096313 -0.397407
v -0.068850 12.338630 -0.518716
v 0.384322 11.474195 -0.608858
v 0.663383 10.536230 -0.664366
v -8.482435 11.935958 0.624049
v -8.410646 11.822146 0.970676
v -7.576307 9.974387 -0.126611
v -8.344485 11.637327 1.290129
v 0.757610 9.560779 -0.683109
v -8.286495 11.388601 1.570132
v -8.238903 11.085528 1.799924
v 0.663383 8.585327 -0.664366
v -7.595153 9.584207 -0.119114
v -8.203539 10.739755 1.970675
v 0.384322 7.647361 -0.608858
v -8.181763 10.364568 2.075824
v -7.650965 9.209020 -0.096911
v -8.174410 9.974387 2.111327
v -7.741599 8.863247 -0.060854
v -0.068850 6.782927 -0.518716
v -0.678716 6.025245 -0.397407
v -7.863573 8.560173 -0.012330
v -1.421840 5.403430 -0.249590
v -8.012197 8.311448 0.046796
v -2.269664 4.941381 -0.080947
v -8.181763 8.126628 0.114253
v -8.482435 11.822146 1.014230
v -3.189607 4.656852 0.102041
v -8.448706 11.637327 1.353359
v -8.365751 8.012816 0.187449
v -8.419143 11.388601 1.650609
v -3.170864 14.464705 0.292342
v -8.394880 11.085528 1.894555
v -8.376852 10.739755 2.075824
v -2.232898 14.180176 0.292342
v -8.365751 10.364568 2.187448
v -8.362003 9.974387 2.225139
v -1.368464 13.718126 0.292342
v -0.610782 13.096313 0.292342
v 0.011032 12.338630 0.292342
v 0.473082 11.474195 0.292342
v 0.757611 10.536230 0.292342
v 0.853683 9.560779 0.292343
v -7.557093 9.974387 0.263569
v -8.557093 11.085528 1.926508
v 0.757611 8.585327 0.292342
v -7.576307 9.584207 0.263569
v -8.557093 10.739755 2.111328
v 0.473082 7.647361 0.292342
v -8.557093 10.364568 2.225139
v -8.557093 9.974387 2.263568
v -7.633213 9.209020 0.263569
v 0.011032 6.782927 0.292342
v -7.725623 8.863247 0.263569
v -0.610782 6.025245 0.292342
v -7.849986 8.560173 0.263569
v -1.368464 5.403430 0.292342
v -8.001522 8.311448 0.263569
v -2.232898 4.941381 0.292342
v -8.174410 8.126628 0.263569
v -8.362002 8.012816 0.263569
v -3.170864 4.656852 0.292342
v -3.189607 14.464705 0.482643
v -2.269664 14.180176 0.665631
v -1.421840 13.718126 0.834274
v -0.678716 13.096313 0.982090
v -0.068851 12.338630 1.103401
v 0.384322 11.474195 1.193542
v 0.663383 10.536230 1.249051
v -7.576307 9.974387 0.653750
v 0.757609 9.560779 1.267794
v 0.663383 8.585327 1.249051
v -7.595153 9.584207 0.646253
v -7.650965 9.209020 0.624049
v 0.384322 7.647361 1.193542
v -0.068851 6.782927 1.103401
v -7.741600 8.863247 0.587993
v -0.678716 6.025245 0.982090
v -7.863573 8.560173 0.539468
v -8.012197 8.311448 0.480342
v -1.421840 5.403430 0.834274
v -2.269664 4.941381 0.665631
v -8.181763 8.126628 0.412885
v -8.365751 8.012816 0.339690
v -3.189607 4.656852 0.482643
v -3.245116 14.464705 0.665631
v -2.378548 14.180176 1.024575
v -1.579916 13.718126 1.355380
v -0.879908 13.096313 1.645332
v -0.305428 12.338630 1.883290
v 0.121451 11.474195 2.060108
v 0.384321 10.536230 2.168993
v 0.473080 9.560779 2.205759
v -7.633213 9.974387 1.028936
v 0.384321 8.585327 2.168993
v -7.650965 9.584207 1.014230
v -7.703539 9.209020 0.970676
v 0.121451 7.647361 2.060108
v -7.788915 8.863247 0.899948
v -0.305428 6.782927 1.883290
v -0.879908 6.025245 1.645332
v -7.903811 8.560173 0.804765
v -1.579916 5.403430 1.355380
v -8.043813 8.311448 0.688784
v -8.203539 8.126628 0.556462
v -2.378548 4.941381 1.024575
v -8.376852 8.012816 0.412885
v -3.245116 4.656852 0.665631
v -3.335257 14.464705 0.834274
v -2.555367 14.180176 1.355380
v -1.836617 13.718126 1.835633
v -1.206626 13.096313 2.256579
v -0.689608 12.338630 2.602041
v -0.305427 11.474195 2.858741
v -0.068851 10.536230 3.016817
v 0.011031 9.560779 3.070193
v -7.725624 9.974387 1.374710
v -7.741600 9.584207 1.353359
v -0.068851 8.585327 3.016817
v -0.305427 7.647361 2.858741
v -7.788915 9.209020 1.290129
v -0.689608 6.782927 2.602041
v -7.865751 8.863247 1.187449
v -1.206626 6.025245 2.256579
v -7.969154 8.560173 1.049264
v -1.836617 5.403430 1.835633
v -8.095153 8.311448 0.880886
v -2.555367 4.941381 1.355380
v -8.238903 8.126628 0.688784
v -8.394880 8.012816 0.480342
v -3.335257 4.656852 0.834274
v -3.456567 14.464705 0.982090
v -2.793325 14.180176 1.645332
v -2.182079 13.718126 2.256579
v -1.646315 13.096313 2.792342
v -1.206627 12.338630 3.232030
v -0.879908 11.474195 3.558748
v -0.678717 10.536230 3.759941
v -7.849986 9.974387 1.677782
v -0.610784 9.560779 3.827875
v -0.678717 8.585327 3.759941
v -7.863573 9.584207 1.650609
v -7.903811 9.209020 1.570132
v -0.879908 7.647361 3.558748
v -7.969155 8.863247 1.439444
v -1.206627 6.782927 3.232030
v -8.057093 8.560173 1.263569
v -1.646315 6.025245 2.792342
v -8.164246 8.311448 1.049264
v -2.182079 5.403430 2.256579
v -8.286495 8.126628 0.804765
v -2.793325 4.941381 1.645332
v -8.419143 8.012816 0.539468
v -3.456567 4.656852 0.982090
v -3.604383 14.464705 1.103400
v -3.083278 14.180176 1.883290
v -2.603024 13.718126 2.602040
v -2.182078 13.096313 3.232031
v -1.836617 12.338630 3.749049
v -1.579916 11.474195 4.133230
v -1.421841 10.536230 4.369807
v -1.368467 9.560779 4.449689
v -8.001522 9.974387 1.926508
v -1.421841 8.585327 4.369807
v -8.012197 9.584207 1.894555
v -8.043813 9.209020 1.799924
v -1.579916 7.647361 4.133230
v -1.836617 6.782927 3.749049
v -8.095153 8.863247 1.646252
v -8.164246 8.560173 1.439445
v -2.182078 6.025245 3.232031
v -2.603024 5.403430 2.602040
v -8.248434 8.311448 1.187449
v -3.083278 4.941381 1.883290
v -8.344485 8.126628 0.899948
v -8.448706 8.012816 0.587992
v -3.604383 4.656852 1.103400
v -3.773026 14.464705 1.193541
v -3.414083 14.180176 2.060109
v -3.083278 13.718126 2.858741
v -2.793325 13.096313 3.558749
v -2.555368 12.338630 4.133230
v -2.378548 11.474195 4.560108
v -2.269665 10.536230 4.822978
v -8.174410 9.974387 2.111327
v -2.232900 9.560779 4.911738
v -8.181763 9.584207 2.075824
v -2.269665 8.585327 4.822978
v -8.203539 9.209020 1.970675
v -2.378548 7.647361 4.560108
v -8.238903 8.863247 1.799924
v -2.555368 6.782927 4.133230
v -8.286495 8.560173 1.570132
v -2.793325 6.025245 3.558749
v -3.083278 5.403430 2.858741
v -8.344485 8.311448 1.290129
v -3.414083 4.941381 2.060109
v -8.410646 8.126628 0.970676
v -8.482435 8.012816 0.624049
v -3.773026 4.656852 1.193541
v -3.956014 14.464705 1.249050
v -3.773026 14.180176 2.168993
v -3.604384 13.718126 3.016816
v -3.456567 13.096313 3.759941
v -3.335258 12.338630 4.369806
v -3.245115 11.474195 4.822978
v -3.189608 10.536230 5.102039
v -8.362003 9.974387 2.225139
v -3.170866 9.560779 5.196266
v -8.365751 9.584207 2.187448
v -3.189608 8.585327 5.102039
v -3.245115 7.647361 4.822978
v -8.376852 9.209020 2.075824
v -8.394880 8.863247 1.894555
v -3.335258 6.782927 4.369806
v -3.456567 6.025245 3.759941
v -8.419143 8.560173 1.650609
v -3.604384 5.403430 3.016816
v -8.448706 8.311448 1.353359
v -8.482435 8.126628 1.014230
v -3.773026 4.941381 2.168993
v -8.519032 8.012816 0.646252
v -3.956014 4.656852 1.249050
v -4.146315 14.464705 1.267793
v -4.146316 14.180176 2.205759
v -4.146316 13.718126 3.070192
v -4.146315 13.096313 3.827875
v -4.146316 12.338630 4.449689
v -4.146315 11.474195 4.911738
v -4.146316 10.536230 5.196267
v -8.557093 9.974387 2.263568
v -4.146317 9.560779 5.292339
v -8.557093 9.584207 2.225139
v -4.146316 8.585327 5.196267
v -4.146315 7.647361 4.911738
v -8.557093 9.209020 2.111328
v -8.557093 8.863247 1.926508
v -8.557093 10.739755 -1.584189
v -4.146316 6.782927 4.449689
v -8.557093 8.560173 1.677782
v -4.146315 6.025245 3.827875
v -4.146316 5.403430 3.070192
v -8.557093 8.311448 1.374709
v -4.146316 4.941381 2.205759
v -8.557093 8.126628 1.028936
v -8.557093 8.012816 0.653749
v -4.146315 4.656852 1.267793
v -4.336616 14.464705 1.249050
v -4.519604 14.180176 2.168993
v -4.688247 13.718126 3.016816
v -4.836063 13.096313 3.759941
v -4.957374 12.338630 4.369806
v -5.047514 11.474195 4.822978
v -5.103024 10.536230 5.102039
v -5.121768 9.560779 5.196265
v -8.748434 9.584207 2.187448
v -5.103024 8.585327 5.102039
v -8.737332 9.209020 2.075823
v -5.047514 7.647361 4.822978
v -4.957374 6.782927 4.369806
v -8.719304 8.863247 1.894555
v -8.695042 8.560173 1.650609
v -4.836063 6.025245 3.759941
v -8.665479 8.311448 1.353359
v -4.688247 5.403430 3.016816
v -8.631750 8.126628 1.014230
v -4.519604 4.941381 2.168993
v -8.595153 8.012816 0.646252
v -4.336616 4.656852 1.249050
v -4.519604 14.464705 1.193541
v -4.878548 14.180176 2.060108
v -5.209352 13.718126 2.858740
v -5.499305 13.096313 3.558748
v -5.737263 12.338630 4.133229
v -5.914082 11.474195 4.560108
v -6.022966 10.536230 4.822978
v -6.059732 9.560779 4.911736
v -6.022966 8.585327 4.822978
v -5.914082 7.647361 4.560108
v -5.737263 6.782927 4.133229
v -8.827690 8.560173 1.570132
v -5.499305 6.025245 3.558748
v -8.769700 8.311448 1.290128
v -5.209352 5.403430 2.858740
v -8.703539 8.126628 0.970676
v -4.878548 4.941381 2.060108
v -8.631750 8.012816 0.624049
v -4.519604 4.656852 1.193541
v -4.688247 14.464705 1.103400
v -5.209352 14.180176 1.883290
v -5.689606 13.718126 2.602039
v -6.110552 13.096313 3.232030
v -6.456013 12.338630 3.749049
v -6.712714 11.474195 4.133230
v -6.870790 10.536230 4.369806
v -6.924166 9.560779 4.449686
v -6.870790 8.585327 4.369806
v -6.712714 7.647361 4.133230
v -6.456013 6.782927 3.749049
v -6.110552 6.025245 3.232030
v -8.865751 8.311448 1.187448
v -5.689606 5.403430 2.602039
v -8.769700 8.126628 0.899948
v -5.209352 4.941381 1.883290
v -8.665479 8.012816 0.587992
v -4.688247 4.656852 1.103400
v -4.836063 14.464705 0.982090
v -5.499305 14.180176 1.645332
v -6.110552 13.718126 2.256577
v -6.646315 13.096313 2.792341
v -7.086003 12.338630 3.232029
v -7.412721 11.474195 3.558748
v -7.613914 10.536230 3.759940
v -7.681848 9.560779 3.827872
v -7.613914 8.585327 3.759940
v -7.412721 7.647361 3.558748
v -7.086003 6.782927 3.232029
v -6.646315 6.025245 2.792341
v -6.110552 5.403430 2.256577
v -8.827690 8.126628 0.804765
v -5.499305 4.941381 1.645332
v -8.695042 8.012816 0.539468
v -4.836063 4.656852 0.982090
v -4.146315 4.560779 0.292342
v -8.557093 7.974387 0.263569
v -4.957373 14.464705 0.834273
v -5.737263 14.180176 1.355379
v -6.456013 13.718126 1.835632
v -7.086003 13.096313 2.256579
v -7.603023 12.338630 2.602039
v -7.987203 11.474195 2.858741
v -8.223780 10.536230 3.016815
v -8.303661 9.560779 3.070189
v -8.223780 8.585327 3.016815
v -7.987203 7.647361 2.858741
v -7.603023 6.782927 2.602039
v -7.086003 6.025245 2.256579
v -6.456013 5.403430 1.835632
v -5.737263 4.941381 1.355379
v -4.957373 4.656852 0.834273
v -8.719304 8.012816 0.480342
v -5.047514 14.464705 0.665631
v -5.914082 14.180176 1.024575
v -6.712713 13.718126 1.355378
v -7.412722 13.096313 1.645332
v -7.987202 12.338630 1.883289
v -8.414080 11.474195 2.060108
v -8.676950 10.536230 2.168991
v -8.765709 9.560779 2.205755
v -8.676950 8.585327 2.168991
v -8.414080 7.647361 2.060108
v -7.987202 6.782927 1.883289
v -7.412722 6.025245 1.645332
v -6.712713 5.403430 1.355378
v -5.914082 4.941381 1.024575
v -5.047514 4.656852 0.665631
v -8.737332 8.012816 0.412885
v -5.103023 14.464705 0.482643
v -6.022965 14.180176 0.665631
v -6.870789 13.718126 0.834273
v -7.613914 13.096313 0.982090
v -8.223779 12.338630 1.103399
v -8.676950 7.647361 1.193542
v -8.223779 6.782927 1.103399
v -7.613914 6.025245 0.982090
v -6.870789 5.403430 0.834273
v -6.022965 4.941381 0.665631
v -5.103023 4.656852 0.482643
v -8.748434 8.012816 0.339689
v -5.121766 14.464705 0.292342
v -6.059731 14.180176 0.292342
v -6.924164 13.718126 0.292341
v -7.681848 13.096313 0.292342
v -8.303661 12.338630 0.292341
v -8.765711 7.647361 0.292342
v -8.303661 6.782927 0.292341
v -7.681848 6.025245 0.292342
v -6.924164 5.403430 0.292341
v -6.059731 4.941381 0.292342
v -5.121766 4.656852 0.292342
v -8.752182 8.012816 0.263569
v -5.103023 14.464705 0.102041
v -6.022965 14.180176 -0.080947
v -6.870789 13.718126 -0.249590
v -7.613914 13.096313 -0.397406
v -8.223778 12.338630 -0.518717
v -8.676950 7.647361 -0.608858
v -8.223778 6.782927 -0.518717
v -7.613914 6.025245 -0.397406
v -6.870789 5.403430 -0.249590
v -6.022965 4.941381 -0.080947
v -5.103023 4.656852 0.102041
v -8.748434 8.012816 0.187449
v -5.047514 14.464705 -0.080947
v -5.914081 14.180176 -0.439891
v -6.712712 13.718126 -0.770695
v -7.412722 13.096313 -1.060648
v -7.987201 12.338630 -1.298606
v -8.414080 11.474195 -1.475424
v -8.676950 8.585327 -1.584310
v -8.414080 7.647361 -1.475424
v -7.987201 6.782927 -1.298606
v -7.412722 6.025245 -1.060648
v -6.712712 5.403430 -0.770695
v -5.914081 4.941381 -0.439891
v -5.047514 4.656852 -0.080947
v -8.737332 8.012816 0.114254
v -4.957373 14.464705 -0.249589
v -5.737262 14.180176 -0.770695
v -6.456011 13.718126 -1.250949
v -7.086003 13.096313 -1.671895
v -7.603021 12.338630 -2.017356
v -7.987202 11.474195 -2.274057
v -8.223778 10.536230 -2.432133
v -8.303658 9.560779 -2.485508
v -8.223778 8.585327 -2.432133
v -7.987202 7.647361 -2.274057
v -7.603021 6.782927 -2.017356
v -7.086003 6.025245 -1.671895
v -6.456011 5.403430 -1.250949
v -5.737262 4.941381 -0.770695
v -8.719303 8.012816 0.046797
v -4.957373 4.656852 -0.249589
v -4.836063 14.464705 -0.397406
v -5.499305 14.180176 -1.060648
v -6.110550 13.718126 -1.671894
v -6.646314 13.096313 -2.207658
v -7.086001 12.338630 -2.647346
v -7.412721 11.474195 -2.974064
v -7.613912 10.536230 -3.175256
v -7.681844 9.560779 -3.243190
v -7.613912 8.585327 -3.175256
v -7.412721 7.647361 -2.974064
v -7.086001 6.782927 -2.647346
v -6.646314 6.025245 -2.207658
v -6.110550 5.403430 -1.671894
v -5.499305 4.941381 -1.060648
v -8.827690 8.126628 -0.277627
v -4.836063 4.656852 -0.397406
v -8.695042 8.012816 -0.012330
v -4.688246 14.464705 -0.518716
v -5.209352 14.180176 -1.298605
v -5.689604 13.718126 -2.017355
v -6.110552 13.096313 -2.647346
v -6.456012 12.338630 -3.164365
v -6.712713 11.474195 -3.548545
v -6.870788 10.536230 -3.785122
v -6.924161 9.560779 -3.865003
v -6.870788 8.585327 -3.785122
v -6.712713 7.647361 -3.548545
v -6.456012 6.782927 -3.164365
v -6.110552 6.025245 -2.647346
v -5.689604 5.403430 -2.017355
v -8.865750 8.311448 -0.660310
v -5.209352 4.941381 -1.298605
v -8.769700 8.126628 -0.372810
v -8.665479 8.012816 -0.060854
v -4.688246 4.656852 -0.518716
v -4.519604 14.464705 -0.608857
v -4.878548 14.180176 -1.475424
v -5.209351 13.718126 -2.274055
v -5.499305 13.096313 -2.974065
v -5.737261 12.338630 -3.548544
v -5.914081 11.474195 -3.975423
v -6.022964 10.536230 -4.238293
v -6.059728 9.560779 -4.327051
v -6.022964 8.585327 -4.238293
v -5.914081 7.647361 -3.975423
v -5.737261 6.782927 -3.548544
v -5.499305 6.025245 -2.974065
v -8.827690 8.560173 -1.042994
v -5.209351 5.403430 -2.274055
v -8.769699 8.311448 -0.762990
v -4.878548 4.941381 -1.475424
v -8.703539 8.126628 -0.443537
v -4.519604 4.656852 -0.608857
v -8.631750 8.012816 -0.096910
v -4.336616 14.464705 -0.664366
v -4.519604 14.180176 -1.584308
v -4.688245 13.718126 -2.432131
v -4.836063 13.096313 -3.175257
v -4.957372 12.338630 -3.785121
v -5.047514 11.474195 -4.238293
v -5.103022 10.536230 -4.517354
v -5.121763 9.560779 -4.611579
v -5.103022 8.585327 -4.517354
v -5.047514 7.647361 -4.238293
v -8.737332 9.209020 -1.548685
v -4.957372 6.782927 -3.785121
v -8.719303 8.863247 -1.367416
v -4.836063 6.025245 -3.175257
v -8.695042 8.560173 -1.123471
v -4.688245 5.403430 -2.432131
v -8.665478 8.311448 -0.826220
v -4.519604 4.941381 -1.584308
v -8.631750 8.126628 -0.487091
v -4.336616 4.656852 -0.664366
v -8.595153 8.012816 -0.119114
v -4.146315 14.464705 -0.683109
v -4.146315 14.180176 -1.621074
v -4.146315 13.096313 -3.243191
v -4.146315 11.474195 -4.327053
v -4.146315 7.647361 -4.327053
v -8.557093 9.209020 -1.584189
v -8.557093 8.560173 -1.150644
v -4.146315 6.025245 -3.243191
v -8.557093 8.311448 -0.847570
v -4.146314 5.403430 -2.485506
v -4.146315 4.941381 -1.621074
v -8.557093 8.126628 -0.501797
v -4.146315 4.656852 -0.683109
v -8.557093 8.012816 -0.126611
v -8.704345 9.974387 2.234561
v -8.678836 10.364568 2.201158
v -8.751181 9.720454 2.199737
v -8.749798 9.726087 2.201153
v -8.773471 9.584207 2.172258
v -8.779160 9.560779 2.161416
v -8.776258 9.209020 2.052207
v -8.804310 8.863247 1.842982
v -8.862995 8.585327 1.555684
v -8.843330 8.659771 1.645648
v -8.861710 8.560173 1.533765
v -8.888853 8.379702 1.256599
v -8.891951 8.370007 1.236307
v -8.881554 8.311448 1.161510
v -8.872295 8.194062 0.893974
v -8.871027 8.126628 0.699153
v -8.871730 8.124036 0.684037
v -8.881674 8.107603 0.532461
v -8.893434 8.102510 0.397374
v -8.904945 8.106356 0.292341
v -8.886778 8.098392 0.132412
v -8.901153 8.103195 0.263569
v -8.865503 8.119493 -0.148578
v -8.863569 8.126628 -0.190190
v -8.875250 8.103384 -0.000002
v -8.874792 8.311448 -0.645468
v -8.875185 8.313657 -0.648290
v -8.864618 8.182457 -0.351483
v -8.837161 8.585327 -1.056163
v -8.833698 8.598434 -1.072003
v -8.782917 8.863247 -1.328823
v -8.754865 9.209020 -1.538048
v -8.756973 9.464794 -1.617458
v -8.835875 8.560173 -1.034244
v -8.870967 8.326859 -0.675924
v -8.748808 9.560779 -1.652692
v -8.747812 9.563185 -1.654055
v -8.741390 9.584207 -1.661697
v -8.684126 10.457373 2.171963
v -8.678836 10.364568 2.201158
v -8.678836 10.364568 2.201158
v -8.704345 9.974387 2.234561
v -8.704345 9.974387 2.234561
v -8.680051 10.345984 2.202749
v -8.683253 10.536230 2.148214
v -8.561989 11.474195 1.572520
v -8.557093 11.389198 1.677055
v -8.557062 11.388601 1.677776
v -8.634886 10.739755 2.096004
v -8.578500 11.085528 1.922291
v -8.557093 11.388115 1.678182
v -8.533972 11.746930 1.165101
v -8.532767 11.637327 1.369917
v -8.557093 11.498913 1.543367
v -8.504154 11.963533 0.292342
v -8.502939 11.962841 0.308431
v -8.508129 11.822146 1.019291
v -8.498100 11.870866 0.856710
v -8.500906 11.961077 0.338654
v -8.498363 11.958027 0.381029
v -8.487173 11.938396 0.601171
v -8.486010 11.935958 0.626218
v -8.494608 11.952232 0.450600
v -8.517838 11.777706 -0.577208
v -8.494711 11.860323 -0.363660
v -8.502569 11.822146 -0.491057
v -8.503387 11.963602 0.284934
v -8.501385 11.963414 0.263569
v -8.481065 11.933786 -0.103526
v -8.499449 11.962811 0.240637
v -8.497450 11.961671 0.214159
v -8.488273 11.949986 0.057577
v -8.480734 11.935958 -0.095093
v -8.495211 11.959727 0.180872
v -8.492409 11.956368 0.134201
v -8.544964 11.474195 -1.043958
v -8.516294 11.637327 -0.839535
v -8.540589 11.388601 -1.147393
v -8.611321 10.770402 -1.557125
v -8.557093 11.125683 -1.366416
v -8.559933 11.085528 -1.398810
v -8.654243 10.536230 -1.626791
v -8.613260 10.739755 -1.573125
v -8.613260 10.739754 -1.573125
v -8.644457 10.364568 -1.680792
v -8.649725 10.283981 -1.687691
v -8.669966 9.974387 -1.714196
v -8.663693 10.070332 -1.705981
v -8.741390 9.584207 -1.661697
v -8.741390 9.584207 -1.661697
v -8.557093 9.974387 -1.736431
v -8.362001 9.974387 -1.698001
v -8.174409 9.974387 -1.584190
v -8.001522 9.974387 -1.399370
v -7.849986 9.974387 -1.150644
v -7.725623 9.974387 -0.847571
v -7.633213 9.974387 -0.501797
v -7.576307 9.974387 -0.126611
v -7.557093 9.974387 0.263569
v -7.576307 9.974387 0.653750
v -7.633213 9.974387 1.028936
v -7.725624 9.974387 1.374710
v -7.849986 9.974387 1.677782
v -8.001522 9.974387 1.926508
v -8.174410 9.974387 2.111327
v -8.362003 9.974387 2.225139
v -8.557093 9.974387 2.263568
v -8.663024 10.364568 2.204272
v -8.584974 10.550809 -1.636013
v -8.584974 10.685083 -1.595281
v -8.605850 10.690254 -1.589600
v -8.620743 10.614948 -1.609511
v -8.567423 10.020521 -1.729852
v -8.567423 10.343908 -1.698001
v -8.637804 10.334858 -1.685028
v -8.635926 9.974387 -1.720901
v -8.565702 9.613970 -1.699237
v -8.565702 9.956830 -1.733006
v -8.713703 9.584207 -1.667151
v -8.591127 9.272222 -1.596657
v -8.706970 9.272222 -1.573838
v -8.710629 9.494135 -1.640434
v -8.586576 9.522832 -1.673575
v -8.586576 9.269043 -1.596589
v -8.720134 9.540932 -1.652757
vn 0.0624 -0.7715 -0.6332
vn 0.0865 0.4696 -0.8786
vn 0.0464 -0.8810 -0.4709
vn 0.0938 0.2890 -0.9527
vn 0.0286 -0.9565 -0.2902
vn 0.0975 0.0975 -0.9904
vn 0.0097 0.9951 -0.0980
vn 0.0097 -0.9951 -0.0980
vn 0.0975 -0.0976 -0.9904
vn 0.0286 0.9565 -0.2902
vn 0.0938 -0.2890 -0.9527
vn 0.0464 0.8810 -0.4709
vn 0.0865 -0.4696 -0.8786
vn 0.0624 0.7715 -0.6332
vn 0.0759 -0.6326 -0.7708
vn 0.0759 0.6326 -0.7708
vn 0.2248 -0.6326 -0.7412
vn 0.2248 0.6326 -0.7412
vn 0.1847 -0.7715 -0.6088
vn 0.2563 0.4696 -0.8448
vn 0.1374 -0.8810 -0.4528
vn 0.2779 0.2890 -0.9161
vn 0.0846 -0.9565 -0.2790
vn 0.2889 0.0976 -0.9524
vn 0.0286 0.9951 -0.0942
vn 0.0286 -0.9951 -0.0942
vn 0.2889 -0.0976 -0.9524
vn 0.0846 0.9565 -0.2790
vn 0.2779 -0.2890 -0.9161
vn 0.1374 0.8810 -0.4528
vn 0.2563 -0.4696 -0.8448
vn 0.1847 0.7715 -0.6088
vn 0.0464 0.9951 -0.0869
vn 0.0464 -0.9951 -0.0869
vn 0.4691 -0.0975 -0.8777
vn 0.1374 0.9565 -0.2571
vn 0.4513 -0.2890 -0.8443
vn 0.2230 0.8810 -0.4173
vn 0.4162 -0.4696 -0.7786
vn 0.2999 0.7715 -0.5611
vn 0.3651 -0.6326 -0.6831
vn 0.3651 0.6326 -0.6831
vn 0.2999 -0.7715 -0.5611
vn 0.4162 0.4696 -0.7786
vn 0.2231 -0.8810 -0.4173
vn 0.4513 0.2890 -0.8443
vn 0.1374 -0.9565 -0.2571
vn 0.4691 0.0975 -0.8777
vn 0.4913 0.6326 -0.5987
vn 0.4036 -0.7715 -0.4918
vn 0.5601 0.4696 -0.6825
vn 0.3002 -0.8810 -0.3658
vn 0.6073 0.2890 -0.7400
vn 0.1850 -0.9566 -0.2254
vn 0.6314 0.0975 -0.7693
vn 0.0625 0.9951 -0.0761
vn 0.0625 -0.9951 -0.0761
vn 0.6314 -0.0975 -0.7693
vn 0.1850 0.9565 -0.2254
vn 0.6073 -0.2890 -0.7400
vn 0.3002 0.8810 -0.3658
vn 0.5601 -0.4696 -0.6825
vn 0.4036 0.7715 -0.4918
vn 0.4913 -0.6326 -0.5987
vn 0.7693 -0.0975 -0.6314
vn 0.2254 0.9565 -0.1850
vn 0.7400 -0.2890 -0.6073
vn 0.3658 0.8810 -0.3002
vn 0.6825 -0.4696 -0.5601
vn 0.4918 0.7715 -0.4036
vn 0.5987 -0.6326 -0.4913
vn 0.5987 0.6326 -0.4913
vn 0.4918 -0.7715 -0.4036
vn 0.6825 0.4696 -0.5601
vn 0.3658 -0.8810 -0.3002
vn 0.7400 0.2890 -0.6073
vn 0.2254 -0.9565 -0.1850
vn 0.7693 0.0975 -0.6314
vn 0.0761 0.9951 -0.0625
vn 0.0761 -0.9951 -0.0625
vn 0.5611 -0.7715 -0.2999
vn 0.7786 0.4696 -0.4162
vn 0.4173 -0.8810 -0.2230
vn 0.8443 0.2890 -0.4513
vn 0.2571 -0.9565 -0.1374
vn 0.8777 0.0975 -0.4691
vn 0.0869 0.9951 -0.0464
vn 0.0869 -0.9951 -0.0464
vn 0.8777 -0.0975 -0.4691
vn 0.2571 0.9565 -0.1374
vn 0.8443 -0.2890 -0.4513
vn 0.4173 0.8810 -0.2230
vn 0.7786 -0.4696 -0.4162
vn 0.5611 0.7715 -0.2999
vn 0.6831 -0.6326 -0.3651
vn 0.6831 0.6326 -0.3651
vn 0.9161 -0.2890 -0.2779
vn 0.4528 0.8810 -0.1374
vn 0.8448 -0.4696 -0.2563
vn 0.6088 0.7715 -0.1847
vn 0.7412 -0.6326 -0.2248
vn 0.7412 0.6326 -0.2248
vn 0.6088 -0.7715 -0.1847
vn 0.8448 0.4696 -0.2563
vn 0.4528 -0.8810 -0.1374
vn 0.9161 0.2890 -0.2779
vn 0.2790 -0.9565 -0.0846
vn 0.9524 0.0975 -0.2889
vn 0.0942 0.9951 -0.0286
vn 0.0942 -0.9951 -0.0286
vn 0.9524 -0.0975 -0.2889
vn 0.2790 0.9565 -0.0846
vn 0.4709 -0.8810 -0.0464
vn 0.9527 0.2890 -0.0938
vn 0.2902 -0.9565 -0.0286
vn 0.9904 0.0975 -0.0975
vn 0.0980 0.9951 -0.0097
vn 0.0980 -0.9951 -0.0097
vn 0.9904 -0.0975 -0.0975
vn 0.2902 0.9565 -0.0286
vn 0.9527 -0.2890 -0.0938
vn 0.4709 0.8810 -0.0464
vn 0.8786 -0.4696 -0.0865
vn 0.6332 0.7715 -0.0624
vn 0.7708 -0.6326 -0.0759
vn 0.7708 0.6326 -0.0759
vn 0.6332 -0.7715 -0.0624
vn 0.8786 0.4696 -0.0865
vn 0.4709 0.8810 0.0464
vn 0.8786 -0.4696 0.0865
vn 0.6332 0.7715 0.0624
vn 0.7708 -0.6326 0.0759
vn 0.7708 0.6326 0.0759
vn 0.6332 -0.7715 0.0624
vn 0.8786 0.4696 0.0865
vn 0.4709 -0.8810 0.0464
vn 0.9527 0.2890 0.0938
vn 0.2902 -0.9565 0.0286
vn 0.9904 0.0975 0.0976
vn 0.0980 0.9951 0.0097
vn 0.0980 -0.9951 0.0097
vn 0.9904 -0.0975 0.0976
vn 0.2902 0.9565 0.0286
vn 0.9527 -0.2890 0.0938
vn 0.9161 0.2890 0.2779
vn 0.2790 -0.9565 0.0846
vn 0.9524 0.0975 0.2889
vn 0.0942 0.9951 0.0286
vn 0.0942 -0.9951 0.0286
vn 0.9524 -0.0975 0.2889
vn 0.2790 0.9565 0.0846
vn 0.9161 -0.2890 0.2779
vn 0.4528 0.8810 0.1374
vn 0.8448 -0.4696 0.2563
vn 0.6088 0.7715 0.1847
vn 0.7412 -0.6326 0.2248
vn 0.7412 0.6326 0.2248
vn 0.6088 -0.7715 0.1847
vn 0.8448 0.4696 0.2563
vn 0.4528 -0.8810 0.1374
vn 0.7786 -0.4696 0.4162
vn 0.5611 0.7715 0.2999
vn 0.6831 -0.6326 0.3651
vn 0.6831 0.6326 0.3651
vn 0.5611 -0.7715 0.2999
vn 0.7786 0.4696 0.4162
vn 0.4173 -0.8810 0.2230
vn 0.8443 0.2890 0.4513
vn 0.2571 -0.9565 0.1374
vn 0.8777 0.0975 0.4691
vn 0.0869 0.9951 0.0464
vn 0.0869 -0.9951 0.0464
vn 0.8777 -0.0975 0.4691
vn 0.2571 0.9565 0.1374
vn 0.8443 -0.2890 0.4513
vn 0.4173 0.8810 0.2230
vn 0.2254 -0.9565 0.1850
vn 0.7693 0.0975 0.6314
vn 0.0761 0.9951 0.0625
vn 0.0761 -0.9951 0.0625
vn 0.7693 -0.0975 0.6314
vn 0.2254 0.9565 0.1850
vn 0.7400 -0.2890 0.6073
vn 0.3658 0.8810 0.3002
vn 0.6825 -0.4696 0.5601
vn 0.4918 0.7715 0.4036
vn 0.5987 -0.6326 0.4913
vn 0.5987 0.6326 0.4913
vn 0.4918 -0.7715 0.4036
vn 0.6825 0.4696 0.5601
vn 0.3658 -0.8810 0.3002
vn 0.7400 0.2890 0.6073
vn 0.4036 0.7715 0.4918
vn 0.4913 -0.6326 0.5987
vn 0.4913 0.6326 0.5987
vn 0.4036 -0.7715 0.4918
vn 0.5601 0.4696 0.6825
vn 0.3002 -0.8810 0.3658
vn 0.6073 0.2890 0.7400
vn 0.1850 -0.9566 0.2254
vn 0.6314 0.0975 0.7693
vn 0.0625 0.9951 0.0761
vn 0.0625 -0.9951 0.0761
vn 0.6314 -0.0975 0.7693
vn 0.1850 0.9565 0.2254
vn 0.6073 -0.2890 0.7400
vn 0.3002 0.8810 0.3658
vn 0.5601 -0.4696 0.6825
vn 0.4691 0.0975 0.8777
vn 0.0464 0.9951 0.0869
vn 0.0464 -0.9951 0.0869
vn 0.4691 -0.0975 0.8777
vn 0.1374 0.9565 0.2571
vn 0.4513 -0.2890 0.8443
vn 0.2230 0.8810 0.4173
vn 0.4162 -0.4696 0.7786
vn 0.2999 0.7715 0.5611
vn 0.3651 -0.6326 0.6831
vn 0.3651 0.6326 0.6831
vn 0.2999 -0.7715 0.5611
vn 0.4162 0.4696 0.7786
vn 0.2230 -0.8810 0.4173
vn 0.4513 0.2890 0.8443
vn 0.1374 -0.9565 0.2571
vn 0.2248 -0.6326 0.7412
vn 0.2248 0.6326 0.7412
vn 0.1847 -0.7715 0.6088
vn 0.2563 0.4696 0.8448
vn 0.1374 -0.8810 0.4528
vn 0.2779 0.2890 0.9161
vn 0.0846 -0.9565 0.2790
vn 0.2889 0.0975 0.9524
vn 0.0286 0.9951 0.0942
vn 0.0286 -0.9951 0.0942
vn 0.2889 -0.0975 0.9524
vn 0.0846 0.9565 0.2790
vn 0.2779 -0.2890 0.9161
vn 0.1374 0.8810 0.4528
vn 0.2563 -0.4696 0.8448
vn 0.1847 0.7715 0.6088
vn 0.0097 -0.9951 0.0980
vn 0.0975 -0.0975 0.9904
vn 0.0286 0.9565 0.2902
vn 0.0938 -0.2890 0.9527
vn 0.0464 0.8810 0.4709
vn 0.0865 -0.4696 0.8786
vn 0.0624 0.7715 0.6332
vn 0.0759 -0.6326 0.7708
vn 0.0759 0.6326 0.7708
vn 0.0624 -0.7715 0.6332
vn 0.0865 0.4696 0.8786
vn 0.0464 -0.8810 0.4709
vn 0.0938 0.2890 0.9527
vn 0.0286 -0.9565 0.2902
vn 0.0975 0.0975 0.9904
vn 0.0097 0.9951 0.0980
vn -0.0624 -0.7715 0.6332
vn -0.0865 0.4696 0.8786
vn -0.0464 -0.8810 0.4709
vn -0.0938 0.2890 0.9527
vn -0.0286 -0.9565 0.2902
vn -0.0976 0.0975 0.9904
vn -0.0097 0.9951 0.0980
vn -0.0097 -0.9951 0.0980
vn -0.0975 -0.0975 0.9904
vn -0.0286 0.9565 0.2902
vn -0.0938 -0.2890 0.9527
vn -0.0464 0.8810 0.4709
vn -0.0865 -0.4696 0.8786
vn -0.0624 0.7715 0.6332
vn -0.0759 -0.6326 0.7708
vn -0.0759 0.6326 0.7708
vn -0.0846 0.9565 0.2790
vn -0.2779 -0.2890 0.9161
vn -0.1374 0.8810 0.4528
vn -0.2563 -0.4696 0.8448
vn -0.1847 0.7715 0.6088
vn -0.2248 -0.6326 0.7412
vn -0.2248 0.6326 0.7412
vn -0.1847 -0.7715 0.6088
vn -0.2563 0.4696 0.8448
vn -0.1374 -0.8810 0.4528
vn -0.2779 0.2890 0.9161
vn -0.0846 -0.9565 0.2790
vn -0.2889 0.0975 0.9524
vn -0.0286 0.9951 0.0942
vn -0.0286 -0.9951 0.0942
vn -0.2889 -0.0975 0.9524
vn -0.4162 0.4696 0.7786
vn -0.2231 -0.8810 0.4173
vn -0.4513 0.2890 0.8443
vn -0.1374 -0.9565 0.2571
vn -0.4691 0.0975 0.8777
vn -0.0464 0.9951 0.0869
vn -0.0464 -0.9951 0.0869
vn -0.4691 -0.0975 0.8777
vn -0.1374 0.9565 0.2571
vn -0.4513 -0.2890 0.8443
vn -0.2231 0.8810 0.4173
vn -0.4162 -0.4696 0.7786
vn -0.2999 0.7715 0.5611
vn -0.3651 -0.6326 0.6831
vn -0.3651 0.6326 0.6831
vn -0.2999 -0.7715 0.5611
vn -0.6073 -0.2890 0.7400
vn -0.3002 0.8810 0.3658
vn -0.5601 -0.4696 0.6825
vn -0.4036 0.7715 0.4918
vn -0.4913 -0.6326 0.5987
vn -0.4913 0.6326 0.5987
vn -0.4036 -0.7715 0.4918
vn -0.5601 0.4696 0.6825
vn -0.3002 -0.8810 0.3658
vn -0.6073 0.2890 0.7400
vn -0.1850 -0.9566 0.2254
vn -0.6314 0.0975 0.7693
vn -0.0625 0.9951 0.0761
vn -0.0625 -0.9951 0.0761
vn -0.6314 -0.0975 0.7693
vn -0.1850 0.9565 0.2254
vn -0.3658 -0.8810 0.3002
vn -0.7400 0.2890 0.6073
vn -0.2254 -0.9565 0.1850
vn -0.7693 0.0975 0.6314
vn -0.0761 0.9951 0.0625
vn -0.0761 -0.9951 0.0625
vn -0.7693 -0.0975 0.6314
vn -0.2254 0.9565 0.1850
vn -0.7400 -0.2890 0.6073
vn -0.3658 0.8810 0.3002
vn -0.6825 -0.4696 0.5601
vn -0.4918 0.7715 0.4036
vn -0.5987 -0.6326 0.4913
vn -0.5987 0.6326 0.4913
vn -0.4918 -0.7715 0.4036
vn -0.6825 0.4696 0.5601
vn -0.4173 0.8810 0.2230
vn -0.7786 -0.4696 0.4162
vn -0.5611 0.7715 0.2999
vn -0.6831 -0.6326 0.3651
vn -0.6831 0.6326 0.3651
vn -0.5611 -0.7715 0.2999
vn -0.7786 0.4696 0.4162
vn -0.4173 -0.8810 0.2230
vn -0.8443 0.2890 0.4513
vn -0.2571 -0.9565 0.1374
vn -0.4903 -0.0000 -0.8716
vn -0.0869 0.9951 0.0464
vn -0.0869 -0.9951 0.0464
vn -0.8777 -0.0975 0.4691
vn -0.2571 0.9565 0.1374
vn -0.8443 -0.2890 0.4513
vn -0.9161 0.2890 0.2779
vn -0.2790 -0.9565 0.0846
vn -0.9524 0.0975 0.2889
vn -0.0942 0.9951 0.0286
vn -0.0942 -0.9951 0.0286
vn -0.9524 -0.0975 0.2889
vn -0.2790 0.9565 0.0846
vn -0.9161 -0.2890 0.2779
vn -0.4528 0.8810 0.1374
vn -0.8448 -0.4696 0.2563
vn -0.6088 0.7715 0.1847
vn -0.7412 -0.6326 0.2248
vn -0.7412 0.6326 0.2248
vn -0.6088 -0.7715 0.1847
vn -0.8448 0.4696 0.2563
vn -0.4528 -0.8810 0.1374
vn -0.8786 -0.4696 0.0865
vn -0.6332 0.7715 0.0624
vn -0.7708 -0.6326 0.0759
vn -0.7708 0.6326 0.0759
vn -0.6332 -0.7715 0.0624
vn -0.8786 0.4696 0.0865
vn -0.4709 -0.8810 0.0464
vn -0.2902 -0.9565 0.0286
vn -0.0980 0.9951 0.0097
vn -0.0980 -0.9951 0.0097
vn -0.2902 0.9565 0.0286
vn -0.9527 -0.2890 0.0938
vn -0.4709 0.8810 0.0464
vn -0.2902 -0.9565 -0.0286
vn -0.0980 0.9951 -0.0097
vn -0.0980 -0.9951 -0.0097
vn -0.2902 0.9565 -0.0286
vn -0.9527 -0.2890 -0.0938
vn -0.4709 0.8810 -0.0464
vn -0.8786 -0.4696 -0.0865
vn -0.6332 0.7715 -0.0624
vn -0.7708 -0.6326 -0.0759
vn -0.7708 0.6326 -0.0759
vn -0.6332 -0.7715 -0.0624
vn -0.8786 0.4696 -0.0865
vn -0.4709 -0.8810 -0.0464
vn -0.7412 -0.6326 -0.2248
vn -0.7412 0.6326 -0.2248
vn -0.6088 -0.7715 -0.1847
vn -0.8448 0.4696 -0.2563
vn -0.4528 -0.8810 -0.1374
vn -0.9161 0.2890 -0.2779
vn -0.2790 -0.9565 -0.0846
vn -0.0942 0.9951 -0.0286
vn -0.0942 -0.9951 -0.0286
vn -0.9524 -0.0975 -0.2889
vn -0.2790 0.9565 -0.0846
vn -0.9161 -0.2890 -0.2779
vn -0.4528 0.8810 -0.1374
vn -0.8448 -0.4696 -0.2563
vn -0.6088 0.7715 -0.1847
vn -0.0869 0.9951 -0.0464
vn -0.0869 -0.9951 -0.0464
vn -0.8777 -0.0975 -0.4691
vn -0.2571 0.9565 -0.1374
vn -0.8443 -0.2890 -0.4513
vn -0.4173 0.8810 -0.2231
vn -0.7786 -0.4696 -0.4162
vn -0.5611 0.7715 -0.2999
vn -0.6831 -0.6326 -0.3651
vn -0.6831 0.6326 -0.3651
vn -0.5611 -0.7715 -0.2999
vn -0.7786 0.4696 -0.4162
vn -0.4173 -0.8810 -0.2231
vn -0.8443 0.2890 -0.4513
vn -0.2571 -0.9565 -0.1374
vn -0.7374 -0.0000 -0.6755
vn -0.5987 0.6326 -0.4913
vn -0.4918 -0.7715 -0.4036
vn -0.6825 0.4696 -0.5601
vn -0.3658 -0.8810 -0.3002
vn -0.7400 0.2890 -0.6073
vn -0.2254 -0.9565 -0.1850
vn -0.7693 0.0975 -0.6314
vn -0.0761 0.9951 -0.0625
vn -0.0761 -0.9951 -0.0625
vn -0.7693 -0.0975 -0.6314
vn -0.2254 0.9565 -0.1850
vn -0.7400 -0.2890 -0.6073
vn -0.3658 0.8810 -0.3002
vn -0.6825 -0.4696 -0.5601
vn -0.4918 0.7715 -0.4036
vn -0.5987 -0.6326 -0.4913
vn -0.6314 -0.0975 -0.7693
vn -0.1850 0.9565 -0.2254
vn -0.6073 -0.2890 -0.7400
vn -0.3002 0.8810 -0.3658
vn -0.5601 -0.4696 -0.6825
vn -0.4036 0.7715 -0.4918
vn -0.4913 -0.6326 -0.5987
vn -0.4913 0.6326 -0.5987
vn -0.4036 -0.7715 -0.4918
vn -0.5601 0.4696 -0.6825
vn -0.3002 -0.8810 -0.3658
vn -0.6073 0.2890 -0.7400
vn -0.1850 -0.9565 -0.2254
vn -0.6314 0.0975 -0.7693
vn -0.0625 0.9951 -0.0761
vn -0.0625 -0.9951 -0.0761
vn -0.2999 -0.7715 -0.5611
vn -0.4162 0.4696 -0.7786
vn -0.2231 -0.8810 -0.4173
vn -0.4513 0.2890 -0.8443
vn -0.1374 -0.9565 -0.2571
vn -0.4691 0.0975 -0.8777
vn -0.0464 0.9951 -0.0869
vn -0.0464 -0.9951 -0.0869
vn -0.4691 -0.0975 -0.8777
vn -0.1374 0.9565 -0.2571
vn -0.4513 -0.2890 -0.8443
vn -0.2230 0.8810 -0.4173
vn -0.4162 -0.4696 -0.7786
vn -0.2999 0.7715 -0.5611
vn -0.3651 -0.6326 -0.6831
vn -0.3651 0.6326 -0.6831
vn -0.0846 0.9565 -0.2790
vn -0.2779 -0.2890 -0.9161
vn -0.1374 0.8810 -0.4528
vn -0.2563 -0.4696 -0.8448
vn -0.1847 0.7715 -0.6088
vn -0.2248 -0.6326 -0.7412
vn -0.2248 0.6326 -0.7412
vn -0.1847 -0.7715 -0.6088
vn -0.2563 0.4696 -0.8448
vn -0.1374 -0.8810 -0.4528
vn -0.2779 0.2890 -0.9161
vn -0.0846 -0.9565 -0.2790
vn -0.2889 0.0975 -0.9524
vn -0.0286 0.9951 -0.0942
vn -0.0286 -0.9951 -0.0942
vn -0.2889 -0.0975 -0.9524
vn -0.0865 0.4696 -0.8786
vn -0.0464 -0.8810 -0.4709
vn -0.0938 0.2890 -0.9527
vn -0.0286 -0.9565 -0.2902
vn -0.0976 0.0975 -0.9904
vn -0.0097 0.9951 -0.0980
vn -0.0097 -0.9951 -0.0980
vn -0.0976 -0.0975 -0.9904
vn -0.0286 0.9565 -0.2902
vn -0.0938 -0.2890 -0.9527
vn -0.0464 0.8810 -0.4709
vn -0.0865 -0.4696 -0.8786
vn -0.0624 0.7715 -0.6332
vn -0.0759 -0.6326 -0.7708
vn -0.0759 0.6326 -0.7708
vn -0.0624 -0.7715 -0.6332
vn -0.1240 0.7670 0.6295
vn -0.0925 0.8781 0.4694
vn -0.0571 0.9554 0.2898
vn -0.1963 -0.0000 0.9805
vn -0.0193 0.9950 0.0980
vn -0.1924 0.0962 0.9766
vn -0.1852 0.2853 0.9404
vn -0.1712 0.4644 0.8689
vn -0.1505 0.6272 0.7642
vn -0.4190 0.5894 0.6906
vn -0.3518 0.7348 0.5799
vn -0.2672 0.8571 0.4405
vn -0.1675 0.9464 0.2761
vn -0.5298 -0.0000 0.8481
vn -0.0571 0.9939 0.0941
vn -0.5167 0.0872 0.8517
vn -0.5008 0.2604 0.8255
vn -0.4685 0.4292 0.7722
vn -0.0926 0.9919 0.0866
vn -0.7282 0.0757 0.6812
vn -0.7111 0.2277 0.6652
vn -0.6752 0.3810 0.6316
vn -0.6172 0.5346 0.5773
vn -0.5323 0.6846 0.4979
vn -0.4161 0.8218 0.3893
vn -0.2674 0.9305 0.2502
vn -0.7488 -0.0000 0.6628
vn -0.6616 0.6323 0.4031
vn -0.5327 0.7816 0.3245
vn -0.3523 0.9109 0.2146
vn -0.8398 -0.0000 0.5430
vn -0.1242 0.9894 0.0757
vn -0.8521 0.0658 0.5192
vn -0.8369 0.1991 0.5099
vn -0.8040 0.3371 0.4898
vn -0.7484 0.4817 0.4559
vn -0.9236 0.0586 0.3790
vn -0.9104 0.1778 0.3736
vn -0.8816 0.3033 0.3617
vn -0.8312 0.4391 0.3411
vn -0.7488 0.5873 0.3073
vn -0.6180 0.7442 0.2536
vn -0.4199 0.8911 0.1723
vn -0.9291 -0.0000 0.3698
vn -0.1510 0.9866 0.0619
vn -0.8048 0.5533 0.2151
vn -0.6764 0.7140 0.1808
vn -0.4698 0.8738 0.1256
vn -0.9590 -0.0000 0.2836
vn -0.1718 0.9841 0.0459
vn -0.9647 0.0536 0.2578
vn -0.9532 0.1631 0.2547
vn -0.9275 0.2797 0.2479
vn -0.8819 0.4083 0.2357
vn -0.9769 0.1541 0.1482
vn -0.9534 0.2650 0.1446
vn -0.9109 0.3887 0.1382
vn -0.8379 0.5309 0.1271
vn -0.7126 0.6932 0.1081
vn -0.5024 0.8613 0.0762
vn -0.9896 -0.0000 0.1442
vn -0.1860 0.9821 0.0282
vn -0.9874 0.0506 0.1498
vn -0.7298 0.6827 0.0359
vn -0.5185 0.8547 0.0255
vn -0.9988 -0.0000 0.0491
vn -0.1933 0.9811 0.0095
vn -0.9976 0.0491 0.0491
vn -0.9875 0.1498 0.0486
vn -0.9650 0.2579 0.0475
vn -0.9242 0.3792 0.0455
vn -0.8532 0.5198 0.0420
vn -0.9650 0.2579 -0.0475
vn -0.9242 0.3792 -0.0455
vn -0.8532 0.5198 -0.0420
vn -0.7298 0.6827 -0.0359
vn -0.5185 0.8547 -0.0255
vn -0.9988 -0.0000 -0.0491
vn -0.1933 0.9811 -0.0095
vn -0.9976 0.0491 -0.0491
vn -0.9875 0.1498 -0.0486
vn -0.5024 0.8613 -0.0762
vn -0.9896 -0.0000 -0.1442
vn -0.1860 0.9821 -0.0282
vn -0.9874 0.0506 -0.1498
vn -0.9769 0.1541 -0.1482
vn -0.9534 0.2650 -0.1446
vn -0.9109 0.3887 -0.1382
vn -0.8379 0.5309 -0.1271
vn -0.7126 0.6932 -0.1081
vn -0.9275 0.2797 -0.2479
vn -0.8819 0.4083 -0.2357
vn -0.8048 0.5533 -0.2151
vn -0.6764 0.7140 -0.1808
vn -0.4698 0.8738 -0.1256
vn -0.9590 -0.0000 -0.2836
vn -0.1718 0.9841 -0.0459
vn -0.9647 0.0536 -0.2578
vn -0.9532 0.1631 -0.2547
vn -0.4199 0.8911 -0.1723
vn -0.9291 -0.0000 -0.3698
vn -0.1510 0.9866 -0.0619
vn -0.9236 0.0586 -0.3790
vn -0.9104 0.1778 -0.3736
vn -0.8816 0.3033 -0.3617
vn -0.8312 0.4391 -0.3411
vn -0.7488 0.5873 -0.3073
vn -0.6180 0.7442 -0.2536
vn -0.7484 0.4817 -0.4559
vn -0.6616 0.6323 -0.4031
vn -0.5327 0.7816 -0.3245
vn -0.3523 0.9109 -0.2146
vn -0.8398 -0.0000 -0.5430
vn -0.1242 0.9894 -0.0757
vn -0.8521 0.0658 -0.5192
vn -0.8369 0.1991 -0.5099
vn -0.8040 0.3371 -0.4898
vn -0.7488 -0.0000 -0.6628
vn -0.0925 0.9919 -0.0866
vn -0.7282 0.0757 -0.6812
vn -0.7111 0.2277 -0.6652
vn -0.6752 0.3810 -0.6316
vn -0.6172 0.5346 -0.5773
vn -0.5323 0.6846 -0.4979
vn -0.4161 0.8218 -0.3893
vn -0.2674 0.9305 -0.2502
vn -0.4190 0.5894 -0.6906
vn -0.3518 0.7348 -0.5799
vn -0.2672 0.8570 -0.4405
vn -0.1675 0.9464 -0.2761
vn -0.4618 -0.0000 -0.8870
vn -0.0571 0.9939 -0.0941
vn -0.5167 0.0872 -0.8517
vn -0.5008 0.2604 -0.8255
vn -0.4685 0.4292 -0.7722
vn -0.0193 0.9950 -0.0980
vn -0.1924 0.0962 -0.9766
vn -0.1852 0.2853 -0.9404
vn -0.1712 0.4644 -0.8689
vn -0.1505 0.6272 -0.7642
vn -0.1240 0.7670 -0.6295
vn -0.0925 0.8781 -0.4694
vn -0.0571 0.9554 -0.2898
vn -0.1963 -0.0000 -0.9805
vn 0.1240 0.7670 -0.6295
vn 0.0925 0.8781 -0.4694
vn -0.0000 -0.0000 -1.0000
vn 0.0571 0.9554 -0.2898
vn 0.1951 -0.0000 -0.9808
vn 0.1924 -0.0962 -0.9766
vn 0.0193 0.9950 -0.0980
vn 0.1924 0.0962 -0.9766
vn 0.1852 0.2853 -0.9404
vn 0.1712 0.4644 -0.8689
vn 0.1505 0.6272 -0.7642
vn 0.5008 0.2604 -0.8255
vn 0.4685 0.4292 -0.7722
vn 0.4190 0.5894 -0.6906
vn 0.3518 0.7348 -0.5799
vn 0.2672 0.8571 -0.4405
vn 0.1675 0.9464 -0.2761
vn 0.0571 0.9939 -0.0941
vn 0.5168 0.0872 -0.8517
vn 0.4161 0.8218 -0.3893
vn 0.2674 0.9305 -0.2502
vn 0.0925 0.9919 -0.0866
vn 0.6172 0.5346 -0.5773
vn 0.5323 0.6846 -0.4979
vn 0.6616 0.6323 -0.4031
vn 0.5327 0.7816 -0.3245
vn 0.3523 0.9109 -0.2146
vn 0.1242 0.9894 -0.0757
vn 0.6180 0.7442 -0.2536
vn 0.4199 0.8911 -0.1723
vn 0.1510 0.9866 -0.0619
vn 0.4698 0.8738 -0.1256
vn 0.1718 0.9841 -0.0459
vn 0.5024 0.8613 -0.0762
vn 0.1860 0.9821 -0.0282
vn 0.5185 0.8547 -0.0255
vn 0.1933 0.9811 -0.0095
vn 0.5185 0.8547 0.0255
vn 0.1933 0.9811 0.0095
vn 0.5024 0.8613 0.0762
vn 0.1860 0.9821 0.0282
vn 0.1718 0.9841 0.0459
vn 0.4698 0.8738 0.1256
vn 0.6180 0.7442 0.2536
vn 0.4199 0.8911 0.1723
vn 0.1510 0.9866 0.0619
vn 0.6616 0.6323 0.4031
vn 0.5327 0.7816 0.3245
vn 0.3523 0.9109 0.2146
vn 0.1242 0.9894 0.0757
vn 0.5323 0.6847 0.4979
vn 0.4161 0.8218 0.3893
vn 0.2674 0.9305 0.2502
vn 0.0926 0.9919 0.0866
vn 0.6172 0.5346 0.5773
vn 0.5011 0.2606 0.8252
vn 0.4685 0.4292 0.7722
vn 0.4190 0.5894 0.6906
vn 0.3518 0.7348 0.5799
vn 0.2672 0.8571 0.4405
vn 0.1675 0.9464 0.2761
vn 0.0571 0.9939 0.0941
vn 0.0925 0.8781 0.4694
vn 0.1852 -0.2853 0.9404
vn 0.0571 0.9554 0.2898
vn 0.1827 -0.0000 0.9832
vn 0.1924 -0.0962 0.9766
vn 0.0193 0.9950 0.0980
vn 0.1924 0.0962 0.9766
vn 0.1852 0.2853 0.9404
vn 0.1712 0.4644 0.8689
vn 0.1505 0.6272 0.7642
vn 0.1240 0.7670 0.6295
vn -0.1712 -0.4644 0.8689
vn -0.1852 -0.2853 0.9404
vn -0.1924 -0.0962 0.9766
vn -0.0571 -0.9554 0.2898
vn -0.0925 -0.8781 0.4694
vn -0.1240 -0.7670 0.6295
vn -0.1505 -0.6272 0.7642
vn -0.4190 -0.5894 0.6906
vn -0.4685 -0.4292 0.7722
vn -0.5008 -0.2604 0.8255
vn -0.5167 -0.0872 0.8517
vn -0.4618 -0.0000 0.8870
vn -0.1675 -0.9464 0.2761
vn -0.2672 -0.8571 0.4405
vn -0.3518 -0.7348 0.5799
vn -0.0925 -0.9919 0.0866
vn -0.2674 -0.9305 0.2502
vn -0.4161 -0.8218 0.3893
vn -0.5323 -0.6846 0.4979
vn -0.6172 -0.5346 0.5773
vn -0.6752 -0.3810 0.6316
vn -0.7111 -0.2277 0.6652
vn -0.7282 -0.0757 0.6812
vn -0.7484 -0.4817 0.4559
vn -0.8040 -0.3371 0.4898
vn -0.8369 -0.1991 0.5099
vn -0.8521 -0.0658 0.5192
vn -0.1242 -0.9894 0.0757
vn -0.8998 -0.0000 0.4363
vn -0.3523 -0.9109 0.2146
vn -0.5327 -0.7816 0.3245
vn -0.6616 -0.6323 0.4031
vn -0.4199 -0.8911 0.1723
vn -0.6180 -0.7442 0.2536
vn -0.7488 -0.5873 0.3073
vn -0.8312 -0.4391 0.3411
vn -0.8816 -0.3033 0.3617
vn -0.9104 -0.1778 0.3736
vn -0.9236 -0.0586 0.3790
vn -0.1510 -0.9866 0.0619
vn -0.9275 -0.2797 0.2479
vn -0.9532 -0.1631 0.2547
vn -0.9647 -0.0536 0.2578
vn -0.1718 -0.9841 0.0459
vn -0.9731 -0.0000 0.2302
vn -0.4698 -0.8738 0.1256
vn -0.6764 -0.7140 0.1808
vn -0.8048 -0.5533 0.2151
vn -0.8819 -0.4083 0.2357
vn -0.7126 -0.6932 0.1081
vn -0.8379 -0.5309 0.1271
vn -0.9109 -0.3887 0.1382
vn -0.9534 -0.2650 0.1446
vn -0.9769 -0.1541 0.1482
vn -0.9874 -0.0506 0.1498
vn -0.1860 -0.9821 0.0282
vn -0.5024 -0.8613 0.0762
vn -0.9875 -0.1498 0.0486
vn -0.9976 -0.0491 0.0491
vn -0.1933 -0.9811 0.0095
vn -0.5185 -0.8547 0.0255
vn -0.7298 -0.6827 0.0359
vn -0.8532 -0.5198 0.0420
vn -0.9242 -0.3792 0.0455
vn -0.9650 -0.2579 0.0475
vn -0.7298 -0.6827 -0.0359
vn -0.8532 -0.5198 -0.0420
vn -0.9242 -0.3792 -0.0455
vn -0.9650 -0.2579 -0.0475
vn -0.9875 -0.1498 -0.0486
vn -0.9976 -0.0491 -0.0491
vn -0.1933 -0.9811 -0.0095
vn -0.5185 -0.8547 -0.0255
vn -0.9769 -0.1541 -0.1482
vn -0.9874 -0.0506 -0.1498
vn -0.1860 -0.9821 -0.0282
vn -0.5024 -0.8613 -0.0762
vn -0.7126 -0.6932 -0.1081
vn -0.8379 -0.5309 -0.1271
vn -0.9109 -0.3887 -0.1382
vn -0.9534 -0.2650 -0.1446
vn -0.8048 -0.5533 -0.2151
vn -0.8819 -0.4083 -0.2357
vn -0.9275 -0.2797 -0.2479
vn -0.9532 -0.1631 -0.2547
vn -0.9647 -0.0536 -0.2578
vn -0.1718 -0.9841 -0.0459
vn -0.9731 -0.0000 -0.2302
vn -0.4698 -0.8738 -0.1256
vn -0.6764 -0.7140 -0.1808
vn -0.9236 -0.0586 -0.3790
vn -0.1510 -0.9866 -0.0619
vn -0.4199 -0.8911 -0.1723
vn -0.6180 -0.7442 -0.2536
vn -0.7488 -0.5873 -0.3073
vn -0.8312 -0.4391 -0.3411
vn -0.8816 -0.3033 -0.3617
vn -0.9104 -0.1778 -0.3736
vn -0.6616 -0.6323 -0.4031
vn -0.7484 -0.4817 -0.4559
vn -0.8040 -0.3371 -0.4898
vn -0.8369 -0.1991 -0.5099
vn -0.8521 -0.0658 -0.5192
vn -0.1242 -0.9894 -0.0757
vn -0.3523 -0.9109 -0.2146
vn -0.5327 -0.7816 -0.3245
vn -0.7282 -0.0757 -0.6812
vn -0.0926 -0.9919 -0.0866
vn -0.2674 -0.9305 -0.2502
vn -0.4161 -0.8218 -0.3893
vn -0.5323 -0.6846 -0.4979
vn -0.6172 -0.5346 -0.5773
vn -0.6752 -0.3810 -0.6316
vn -0.7111 -0.2277 -0.6652
vn -0.4190 -0.5894 -0.6906
vn -0.4685 -0.4292 -0.7722
vn -0.5008 -0.2604 -0.8255
vn -0.5167 -0.0872 -0.8517
vn -0.0572 -0.9939 -0.0941
vn -0.5298 -0.0000 -0.8481
vn -0.1675 -0.9464 -0.2761
vn -0.2672 -0.8571 -0.4405
vn -0.3518 -0.7348 -0.5799
vn -0.1485 -0.0000 -0.9889
vn -0.0571 -0.9554 -0.2898
vn -0.0925 -0.8781 -0.4694
vn -0.1240 -0.7670 -0.6295
vn -0.1506 -0.6277 -0.7638
vn -0.1712 -0.4644 -0.8689
vn -0.1852 -0.2853 -0.9404
vn -0.1924 -0.0962 -0.9766
vn 0.1712 -0.4644 -0.8689
vn 0.1852 -0.2853 -0.9404
vn 0.2217 -0.0000 -0.9751
vn 0.1240 -0.7671 -0.6295
vn 0.1505 -0.6272 -0.7642
vn 0.1712 -0.4644 0.8689
vn 0.2040 -0.0000 0.9790
vn 0.1506 -0.6272 0.7642
vn 0.0975 0.0976 -0.9904
vn 0.0975 -0.0975 -0.9904
vn 0.2231 0.8810 -0.4173
vn 0.1850 -0.9565 -0.2254
vn 0.4173 -0.8810 0.2231
vn 0.1850 -0.9565 0.2254
vn 0.2231 0.8810 0.4173
vn 0.2231 -0.8810 0.4173
vn -0.0975 0.0975 0.9904
vn -0.0976 -0.0975 0.9904
vn -0.2230 0.8810 0.4173
vn -0.1850 -0.9565 0.2254
vn -1.0000 -0.0000 -0.0000
vn -0.8777 0.0976 0.4691
vn -0.8777 0.0975 0.4691
vn -0.8777 0.0975 0.4692
vn -0.6000 -0.0000 0.8000
vn -0.9162 0.2887 0.2779
vn -0.9160 0.2894 0.2779
vn -0.8786 0.4696 0.0866
vn -0.9527 -0.2890 0.0939
vn -0.8786 0.4696 -0.0866
vn -0.9524 -0.0976 -0.2889
vn -0.1148 0.0685 -0.9910
vn -0.8777 0.0975 -0.4691
vn -0.8777 0.0976 -0.4692
vn -0.2913 0.0299 -0.9562
vn -0.6747 -0.0000 0.7381
vn -0.2231 0.8810 -0.4173
vn -0.8833 -0.0000 -0.4687
vn -0.8998 -0.0000 -0.4363
vn -0.2672 0.8571 -0.4405
vn 0.1741 -0.0000 -0.9847
vn 0.5167 0.0872 -0.8517
vn 0.5024 0.8612 -0.0762
vn 0.5323 0.6846 0.4979
vn 0.5008 0.2604 0.8255
vn 0.1923 -0.0000 0.9813
vn 0.1800 0.3839 0.9057
vn 0.1852 0.2852 0.9404
vn -0.1506 -0.6271 0.7642
vn -0.6705 -0.0000 0.7419
vn -0.2674 -0.9305 0.2501
vn -0.2675 -0.9305 0.2501
vn -0.8833 -0.0000 0.4687
vn -0.9838 -0.0000 0.1792
vn -0.5024 -0.8612 0.0762
vn -0.1861 -0.9821 -0.0282
vn -0.9838 -0.0000 -0.1792
vn -0.1509 -0.9866 -0.0619
vn -0.0925 -0.9919 -0.0866
vn -0.6705 -0.0000 -0.7419
vn -0.1676 -0.9464 -0.2761
vn -0.1240 -0.7671 -0.6294
vn -0.1505 -0.6272 -0.7642
vn 0.2559 -0.0000 -0.9667
vn 0.1664 0.5325 -0.8299
vn 0.1712 -0.4645 0.8689
vn 0.2489 -0.2138 0.9446
vn 0.1911 -0.0000 0.9816
vn 0.1853 0.2853 0.9404
vt 0.750000 0.250000
vt 0.718750 0.187500
vt 0.750000 0.187500
vt 0.750000 0.625000
vt 0.718750 0.687500
vt 0.718750 0.625000
vt 0.718750 0.125000
vt 0.750000 0.125000
vt 0.750000 0.562500
vt 0.718750 0.562500
vt 0.718750 0.062500
vt 0.750000 0.062500
vt 0.718750 0.500000
vt 0.750000 0.500000
vt 0.750000 0.937500
vt 0.734375 1.000000
vt 0.718750 0.937500
vt 0.734375 0.000000
vt 0.718750 0.437500
vt 0.750000 0.437500
vt 0.750000 0.875000
vt 0.718750 0.875000
vt 0.718750 0.375000
vt 0.750000 0.375000
vt 0.750000 0.812500
vt 0.718750 0.812500
vt 0.718750 0.312500
vt 0.750000 0.312500
vt 0.750000 0.750000
vt 0.718750 0.750000
vt 0.718750 0.250000
vt 0.750000 0.687500
vt 0.687500 0.250000
vt 0.687500 0.687500
vt 0.687500 0.187500
vt 0.687500 0.625000
vt 0.687500 0.125000
vt 0.687500 0.562500
vt 0.687500 0.062500
vt 0.687500 0.500000
vt 0.703125 1.000000
vt 0.687500 0.937500
vt 0.703125 0.000000
vt 0.687500 0.437500
vt 0.687500 0.875000
vt 0.687500 0.375000
vt 0.687500 0.812500
vt 0.687500 0.312500
vt 0.687500 0.750000
vt 0.671875 1.000000
vt 0.656250 0.937500
vt 0.671875 0.000000
vt 0.656250 0.062500
vt 0.656250 0.500000
vt 0.656250 0.437500
vt 0.656250 0.875000
vt 0.656250 0.375000
vt 0.656250 0.812500
vt 0.656250 0.312500
vt 0.656250 0.750000
vt 0.656250 0.250000
vt 0.656250 0.687500
vt 0.656250 0.187500
vt 0.656250 0.625000
vt 0.656250 0.125000
vt 0.656250 0.562500
vt 0.625000 0.687500
vt 0.625000 0.187500
vt 0.625000 0.625000
vt 0.625000 0.125000
vt 0.625000 0.562500
vt 0.625000 0.062500
vt 0.625000 0.500000
vt 0.640625 1.000000
vt 0.625000 0.937500
vt 0.640625 0.000000
vt 0.625000 0.437500
vt 0.625000 0.875000
vt 0.625000 0.375000
vt 0.625000 0.812500
vt 0.625000 0.312500
vt 0.625000 0.750000
vt 0.625000 0.250000
vt 0.593750 0.437500
vt 0.593750 0.875000
vt 0.593750 0.375000
vt 0.593750 0.812500
vt 0.593750 0.312500
vt 0.593750 0.750000
vt 0.593750 0.250000
vt 0.593750 0.687500
vt 0.593750 0.187500
vt 0.593750 0.625000
vt 0.593750 0.125000
vt 0.593750 0.562500
vt 0.593750 0.062500
vt 0.593750 0.500000
vt 0.609375 1.000000
vt 0.593750 0.937500
vt 0.609375 0.000000
vt 0.562500 0.187500
vt 0.562500 0.625000
vt 0.562500 0.125000
vt 0.562500 0.562500
vt 0.562500 0.062500
vt 0.562500 0.500000
vt 0.578125 1.000000
vt 0.562500 0.937500
vt 0.578125 0.000000
vt 0.562500 0.437500
vt 0.562500 0.875000
vt 0.562500 0.375000
vt 0.562500 0.812500
vt 0.562500 0.312500
vt 0.562500 0.750000
vt 0.562500 0.250000
vt 0.562500 0.687500
vt 0.531250 0.375000
vt 0.531250 0.812500
vt 0.531250 0.312500
vt 0.531250 0.750000
vt 0.531250 0.250000
vt 0.531250 0.687500
vt 0.531250 0.187500
vt 0.531250 0.625000
vt 0.531250 0.125000
vt 0.531250 0.562500
vt 0.531250 0.062500
vt 0.531250 0.500000
vt 0.546875 1.000000
vt 0.531250 0.937500
vt 0.546875 0.000000
vt 0.531250 0.437500
vt 0.531250 0.875000
vt 0.500000 0.125000
vt 0.500000 0.625000
vt 0.500000 0.562500
vt 0.500000 0.062500
vt 0.500000 0.500000
vt 0.515625 1.000000
vt 0.500000 0.937500
vt 0.515625 0.000000
vt 0.500000 0.437500
vt 0.500000 0.875000
vt 0.500000 0.375000
vt 0.500000 0.812500
vt 0.500000 0.312500
vt 0.500000 0.750000
vt 0.500000 0.250000
vt 0.500000 0.687500
vt 0.500000 0.187500
vt 0.468750 0.812500
vt 0.468750 0.375000
vt 0.468750 0.312500
vt 0.468750 0.750000
vt 0.468750 0.250000
vt 0.468750 0.687500
vt 0.468750 0.187500
vt 0.468750 0.625000
vt 0.468750 0.125000
vt 0.468750 0.562500
vt 0.468750 0.062500
vt 0.468750 0.500000
vt 0.484375 1.000000
vt 0.468750 0.937500
vt 0.484375 0.000000
vt 0.468750 0.437500
vt 0.468750 0.875000
vt 0.437500 0.625000
vt 0.437500 0.562500
vt 0.437500 0.125000
vt 0.437500 0.062500
vt 0.437500 0.500000
vt 0.453125 1.000000
vt 0.437500 0.937500
vt 0.453125 0.000000
vt 0.437500 0.437500
vt 0.437500 0.875000
vt 0.437500 0.375000
vt 0.437500 0.812500
vt 0.437500 0.312500
vt 0.437500 0.750000
vt 0.437500 0.250000
vt 0.437500 0.687500
vt 0.437500 0.187500
vt 0.406250 0.375000
vt 0.406250 0.312500
vt 0.406250 0.750000
vt 0.406250 0.250000
vt 0.406250 0.687500
vt 0.406250 0.187500
vt 0.406250 0.625000
vt 0.406250 0.125000
vt 0.406250 0.562500
vt 0.406250 0.062500
vt 0.406250 0.500000
vt 0.421875 1.000000
vt 0.406250 0.937500
vt 0.421875 0.000000
vt 0.406250 0.437500
vt 0.406250 0.875000
vt 0.406250 0.812500
vt 0.375000 0.125000
vt 0.375000 0.062500
vt 0.375000 0.562500
vt 0.375000 0.500000
vt 0.390625 1.000000
vt 0.375000 0.937500
vt 0.390625 0.000000
vt 0.375000 0.437500
vt 0.375000 0.875000
vt 0.375000 0.375000
vt 0.375000 0.812500
vt 0.375000 0.312500
vt 0.375000 0.750000
vt 0.375000 0.250000
vt 0.375000 0.687500
vt 0.375000 0.187500
vt 0.375000 0.625000
vt 0.343750 0.750000
vt 0.343750 0.250000
vt 0.343750 0.687500
vt 0.343750 0.187500
vt 0.343750 0.625000
vt 0.343750 0.125000
vt 0.343750 0.562500
vt 0.343750 0.062500
vt 0.343750 0.500000
vt 0.359375 1.000000
vt 0.343750 0.937500
vt 0.359375 0.000000
vt 0.343750 0.437500
vt 0.343750 0.875000
vt 0.343750 0.375000
vt 0.343750 0.812500
vt 0.343750 0.312500
vt 0.312500 0.562500
vt 0.312500 0.500000
vt 0.328125 1.000000
vt 0.312500 0.937500
vt 0.328125 0.000000
vt 0.312500 0.062500
vt 0.312500 0.437500
vt 0.312500 0.875000
vt 0.312500 0.375000
vt 0.312500 0.812500
vt 0.312500 0.312500
vt 0.312500 0.750000
vt 0.312500 0.250000
vt 0.312500 0.687500
vt 0.312500 0.187500
vt 0.312500 0.625000
vt 0.312500 0.125000
vt 0.281250 0.250000
vt 0.281250 0.750000
vt 0.281250 0.687500
vt 0.281250 0.187500
vt 0.281250 0.625000
vt 0.281250 0.125000
vt 0.281250 0.562500
vt 0.281250 0.062500
vt 0.281250 0.500000
vt 0.296875 1.000000
vt 0.281250 0.937500
vt 0.296875 0.000000
vt 0.281250 0.437500
vt 0.281250 0.875000
vt 0.281250 0.375000
vt 0.281250 0.812500
vt 0.281250 0.312500
vt 0.265625 0.000000
vt 0.250000 0.062500
vt 0.250000 0.437500
vt 0.250000 0.937500
vt 0.250000 0.875000
vt 0.250000 0.375000
vt 0.250000 0.812500
vt 0.250000 0.312500
vt 0.250000 0.750000
vt 0.250000 0.250000
vt 0.250000 0.687500
vt 0.250000 0.187500
vt 0.250000 0.625000
vt 0.250000 0.125000
vt 0.250000 0.562500
vt 0.250000 0.500000
vt 0.265625 1.000000
vt 0.218750 0.250000
vt 0.218750 0.187500
vt 0.218750 0.625000
vt 0.218750 0.125000
vt 0.218750 0.562500
vt 0.218750 0.062500
vt 0.218750 0.500000
vt 0.234375 1.000000
vt 0.218750 0.937500
vt 0.234375 0.000000
vt 0.218750 0.437500
vt 0.218750 0.875000
vt 0.218750 0.375000
vt 0.218750 0.812500
vt 0.218750 0.312500
vt 0.218750 0.750000
vt 0.218750 0.687500
vt 0.187500 0.937500
vt 0.187500 0.875000
vt 0.187500 0.375000
vt 0.187500 0.812500
vt 0.187500 0.312500
vt 0.187500 0.750000
vt 0.187500 0.250000
vt 0.187500 0.687500
vt 0.187500 0.187500
vt 0.187500 0.625000
vt 0.187500 0.125000
vt 0.187500 0.562500
vt 0.187500 0.062500
vt 0.187500 0.500000
vt 0.203125 1.000000
vt 0.203125 0.000000
vt 0.187500 0.437500
vt 0.156250 0.625000
vt 0.156250 0.125000
vt 0.156250 0.562500
vt 0.156250 0.062500
vt 0.156250 0.500000
vt 0.171875 1.000000
vt 0.156250 0.937500
vt 0.171875 0.000000
vt 0.156250 0.437500
vt 0.156250 0.875000
vt 0.156250 0.375000
vt 0.156250 0.812500
vt 0.156250 0.312500
vt 0.156250 0.750000
vt 0.156250 0.250000
vt 0.156250 0.687500
vt 0.156250 0.187500
vt 0.125000 0.375000
vt 0.125000 0.812500
vt 0.125000 0.312500
vt 0.125000 0.750000
vt 0.125000 0.250000
vt 0.125000 0.687500
vt 0.125000 0.187500
vt 0.125000 0.625000
vt 0.125000 0.125000
vt 0.125000 0.562500
vt 0.125000 0.062500
vt 0.125000 0.500000
vt 0.140625 1.000000
vt 0.125000 0.937500
vt 0.140625 0.000000
vt 0.125000 0.437500
vt 0.125000 0.875000
vt 0.093750 0.125000
vt 0.093750 0.625000
vt 0.093750 0.562500
vt 0.093750 0.062500
vt 0.093750 0.500000
vt 0.109375 1.000000
vt 0.093750 0.937500
vt 0.109375 0.000000
vt 0.093750 0.437500
vt 0.093750 0.875000
vt 0.093750 0.375000
vt 0.093750 0.812500
vt 0.093750 0.312500
vt 0.093750 0.750000
vt 0.093750 0.250000
vt 0.093750 0.687500
vt 0.093750 0.187500
vt 0.062500 0.812500
vt 0.062500 0.375000
vt 0.062500 0.312500
vt 0.062500 0.750000
vt 0.062500 0.250000
vt 0.062500 0.687500
vt 0.062500 0.187500
vt 0.062500 0.625000
vt 0.062500 0.125000
vt 0.062500 0.562500
vt 0.062500 0.062500
vt 0.064119 0.526501
vt 0.078125 1.000000
vt 0.062500 0.937500
vt 0.078125 0.000000
vt 0.062500 0.437500
vt 0.062500 0.875000
vt 0.048450 0.619264
vt 0.056076 0.599102
vt 0.031250 0.062500
vt 0.061794 0.562500
vt 0.062500 0.557447
vt 0.061410 0.501501
vt 0.062500 0.500000
vt 0.062500 0.510231
vt 0.046875 1.000000
vt 0.031250 0.937500
vt 0.046875 0.000000
vt 0.057789 0.477462
vt 0.051137 0.455307
vt 0.031250 0.875000
vt 0.031250 0.375000
vt 0.040992 0.435824
vt 0.031250 0.812500
vt 0.031250 0.312500
vt 0.031250 0.750000
vt 0.031250 0.250000
vt 0.031250 0.687500
vt 0.031250 0.187500
vt 0.038394 0.636795
vt 0.031250 0.125000
vt 0.000000 0.375000
vt 0.000000 0.312500
vt 0.000000 0.750000
vt 0.000000 0.250000
vt 0.000000 0.687500
vt 0.000000 0.187500
vt 0.005798 0.659563
vt 0.011311 0.658563
vt 0.000000 0.125000
vt 0.000000 0.062500
vt 0.015625 1.000000
vt 0.000000 0.937500
vt 0.015625 0.000000
vt 0.000000 0.875000
vt 0.013170 0.406762
vt 0.008080 0.405667
vt 0.000000 0.812500
vt 1.000000 0.125000
vt 0.968750 0.062500
vt 1.000000 0.062500
vt 1.000000 0.937500
vt 0.984375 1.000000
vt 0.968750 0.937500
vt 0.984375 0.000000
vt 0.968750 0.875000
vt 1.000000 0.875000
vt 0.968750 0.375000
vt 0.990159 0.405386
vt 0.985171 0.406460
vt 1.000000 0.812500
vt 0.968750 0.812500
vt 1.000000 0.312500
vt 0.968750 0.312500
vt 0.968750 0.750000
vt 1.000000 0.750000
vt 0.968750 0.250000
vt 1.000000 0.250000
vt 1.000000 0.687500
vt 0.968750 0.687500
vt 1.000000 0.187500
vt 0.968750 0.187500
vt 0.991395 0.659401
vt 0.994204 0.659862
vt 0.968750 0.125000
vt 0.937500 0.250000
vt 0.937500 0.750000
vt 0.937500 0.687500
vt 0.937500 0.187500
vt 0.953059 0.625000
vt 0.959616 0.636795
vt 0.937500 0.125000
vt 0.937500 0.625000
vt 0.941772 0.599102
vt 0.942757 0.601777
vt 0.937500 0.062500
vt 0.953125 1.000000
vt 0.937500 0.937500
vt 0.953125 0.000000
vt 0.937500 0.437500
vt 0.954915 0.438340
vt 0.946479 0.455307
vt 0.937500 0.875000
vt 0.967817 0.420277
vt 0.937500 0.812500
vt 0.937500 0.375000
vt 0.937500 0.312500
vt 0.921875 1.000000
vt 0.906250 0.937500
vt 0.921875 0.000000
vt 0.906250 0.062500
vt 0.906250 0.500000
vt 0.937500 0.493850
vt 0.906250 0.875000
vt 0.906250 0.375000
vt 0.906250 0.812500
vt 0.906250 0.312500
vt 0.906250 0.750000
vt 0.906250 0.250000
vt 0.906250 0.687500
vt 0.906250 0.187500
vt 0.906250 0.625000
vt 0.906250 0.125000
vt 0.935934 0.562500
vt 0.937032 0.576062
vt 0.906250 0.562500
vt 0.935996 0.501501
vt 0.875000 0.750000
vt 0.875000 0.687500
vt 0.875000 0.250000
vt 0.875000 0.187500
vt 0.875000 0.625000
vt 0.875000 0.125000
vt 0.875000 0.562500
vt 0.875000 0.062500
vt 0.875000 0.500000
vt 0.890625 1.000000
vt 0.875000 0.937500
vt 0.890625 0.000000
vt 0.875000 0.437500
vt 0.906250 0.437500
vt 0.875000 0.875000
vt 0.875000 0.375000
vt 0.875000 0.812500
vt 0.875000 0.312500
vt 0.843750 0.437500
vt 0.843750 0.875000
vt 0.843750 0.375000
vt 0.843750 0.812500
vt 0.843750 0.312500
vt 0.843750 0.750000
vt 0.843750 0.250000
vt 0.843750 0.687500
vt 0.843750 0.187500
vt 0.843750 0.625000
vt 0.843750 0.125000
vt 0.843750 0.562500
vt 0.843750 0.062500
vt 0.843750 0.500000
vt 0.859375 1.000000
vt 0.843750 0.937500
vt 0.859375 0.000000
vt 0.812500 0.250000
vt 0.812500 0.187500
vt 0.812500 0.625000
vt 0.812500 0.125000
vt 0.812500 0.562500
vt 0.812500 0.062500
vt 0.812500 0.500000
vt 0.828125 1.000000
vt 0.812500 0.937500
vt 0.828125 0.000000
vt 0.812500 0.437500
vt 0.812500 0.875000
vt 0.812500 0.375000
vt 0.812500 0.812500
vt 0.812500 0.312500
vt 0.812500 0.750000
vt 0.812500 0.687500
vt 0.781250 0.875000
vt 0.781250 0.375000
vt 0.781250 0.812500
vt 0.781250 0.312500
vt 0.781250 0.750000
vt 0.781250 0.250000
vt 0.781250 0.687500
vt 0.781250 0.187500
vt 0.781250 0.625000
vt 0.781250 0.125000
vt 0.781250 0.562500
vt 0.781250 0.062500
vt 0.781250 0.500000
vt 0.796875 1.000000
vt 0.781250 0.937500
vt 0.796875 0.000000
vt 0.781250 0.437500
vt 0.765625 1.000000
vt 0.765625 0.000000
vt 0.750000 0.500000
vt 0.230117 0.562500
vt 0.232699 0.562500
vt 0.226413 0.500000
vt 0.229940 0.559523
vt 0.218750 0.460227
vt 0.213383 0.433597
vt 0.214498 0.437500
vt 0.211731 0.375000
vt 0.187500 0.270539
vt 0.201719 0.312500
vt 0.218508 0.459325
vt 0.179716 0.255187
vt 0.178804 0.250000
vt 0.154142 0.202215
vt 0.156250 0.204651
vt 0.125000 0.147804
vt 0.096544 0.125000
vt 0.062500 0.114552
vt 0.093750 0.123577
vt 0.031250 0.111756
vt 0.000000 0.112132
vt 1.000000 0.112132
vt 0.968750 0.109495
vt 0.937500 0.112236
vt 0.906250 0.121082
vt 0.875000 0.143880
vt 0.898559 0.125000
vt 0.846928 0.188055
vt 0.843750 0.191372
vt 0.814592 0.250000
vt 0.813843 0.255187
vt 0.784411 0.375000
vt 0.781250 0.433998
vt 0.781433 0.433597
vt 0.793995 0.312500
vt 0.754772 0.615893
vt 0.760771 0.604210
vt 0.754678 0.593525
vt 0.762628 0.500000
vt 0.765056 0.549592
vt 0.751659 0.507390
vt 0.751683 0.559191
vt 0.751402 0.442268
vt 0.775578 0.437500
vt 0.754876 0.427276
vt 0.775734 0.385528
vt 0.727178 0.875000
vt 0.718750 0.895965
vt 0.735264 0.859972
vt 0.738237 0.812500
vt 0.747039 0.771508
vt 0.746262 0.750000
vt 0.687500 0.936307
vt 0.661954 0.960316
vt 0.685924 0.937500
vt 0.650546 0.960316
vt 0.616701 0.970694
vt 0.584086 0.976157
vt 0.552045 0.979318
vt 0.520332 0.981171
vt 0.479990 0.982458
vt 0.488837 0.982153
vt 0.448430 0.981222
vt 0.454433 0.982348
vt 0.416463 0.978351
vt 0.426570 0.981222
vt 0.383973 0.973392
vt 0.396037 0.978352
vt 0.350367 0.963969
vt 0.366027 0.973392
vt 0.313492 0.941467
vt 0.337133 0.963969
vt 0.311508 0.941467
vt 0.309447 0.937500
vt 0.281250 0.901754
vt 0.270495 0.875000
vt 0.258101 0.849564
vt 0.250000 0.750150
vt 0.257013 0.812500
vt 0.250000 0.749900
vt 0.250007 0.750000
vt 0.236512 0.625000
vt 0.245876 0.687500
vt 0.228967 0.577960
vt 0.248804 0.771508
vt 0.250000 0.777719
vt 0.750547 0.687500
vt 0.759502 0.630540
vt 0.764268 0.562500
vt 0.760801 0.604209
vt 0.759738 0.625000
vt 0.758364 0.616754
vt 0.751682 0.559191
vt 0.768080 0.500000
vt 0.775412 0.422496
vt 0.755819 0.385528
vt 0.780100 0.437500
vt 0.780100 0.437500
vt 0.750000 0.695781
vt 0.063441 0.551501
vt 0.063441 0.551501
vt 0.063473 0.550310
vt 0.063441 0.551501
vt 0.062559 0.510592
vt 0.064119 0.526501
vt 0.044917 0.625000
vt 0.048413 0.619336
vt 0.048437 0.619297
vt 0.060790 0.576062
vt 0.061023 0.500000
vt 0.044652 0.442270
vt 0.041666 0.437500
vt 0.031934 0.423798
vt 0.031250 0.423152
vt 0.043999 0.626787
vt 0.031250 0.644719
vt 0.026253 0.650158
vt 0.000000 0.660380
vt 0.000589 0.660330
vt 0.020509 0.653680
vt 0.012226 0.658386
vt 0.001696 0.660202
vt 0.003248 0.659982
vt 0.028868 0.419250
vt 0.020135 0.411429
vt 0.000000 0.405584
vt 0.003534 0.405328
vt 0.013676 0.406935
vt 0.968840 0.419250
vt 0.968750 0.419398
vt 1.000000 0.375000
vt 1.000000 0.405584
vt 0.999032 0.405374
vt 0.978437 0.410655
vt 0.983778 0.406935
vt 0.994617 0.405054
vt 0.999729 0.660385
vt 1.000000 0.660380
vt 0.968750 0.646944
vt 0.971705 0.650158
vt 0.998946 0.660371
vt 0.998106 0.660328
vt 0.976194 0.652918
vt 0.985503 0.658229
vt 0.997136 0.660245
vt 0.995916 0.660105
vt 0.985809 0.658386
vt 0.949611 0.619297
vt 0.937500 0.578104
vt 0.939843 0.477462
vt 0.955441 0.437500
vt 0.956113 0.435824
vt 0.936357 0.500000
vt 0.934201 0.551501
vt 0.936304 0.500154
vt 0.934063 0.546338
vt 0.933536 0.526501
vt 0.933699 0.532649
vt 0.150384 0.187500
vt 0.006876 0.113868
vt 0.847106 0.187500
vt 0.812500 0.257890
vt 0.783340 0.417608
vt 0.758358 0.616754
vt 0.763159 0.557741
vt 0.767143 0.515369
vt 0.751383 0.497188
vt 0.755041 0.384999
vt 0.776787 0.430291
vt 0.633299 0.970694
vt 0.603414 0.976157
vt 0.572955 0.979318
vt 0.542168 0.981171
vt 0.511163 0.982153
vt 0.457510 0.982458
vt 0.228842 0.591096
vt 0.229935 0.559523
vt 0.759738 0.625000
vt 0.766291 0.591096
vt 0.754770 0.615893
vt 0.754685 0.593525
vt 0.751662 0.507390
vt 0.767155 0.515369
vt 0.765067 0.549592
vt 0.763160 0.557741
vt 0.751401 0.442267
s 0
f 2574/250/2278 1857/251/2278 2576/252/2278
f 2570/253/2279 1836/254/2279 1837/255/2279
f 2576/252/2280 1860/256/2280 2577/257/2280
f 1818/258/2281 1837/255/2281 1840/259/2281
f 2577/257/2282 1864/260/2282 2579/261/2282
f 1818/258/2283 1841/262/2283 1819/263/2283
f 2567/264/2284 2020/265/2284 1830/266/2284
f 2392/267/2285 2579/261/2285 1864/260/2285
f 1819/263/2286 1845/268/2286 1824/269/2286
f 2568/270/2287 1830/266/2287 1833/271/2287
f 1824/269/2288 1851/272/2288 2571/273/2288
f 1813/274/2289 1833/271/2289 1834/275/2289
f 2571/273/2290 1852/276/2290 1826/277/2290
f 2569/278/2291 1834/275/2291 1835/279/2291
f 2574/250/2292 1852/276/2292 1854/280/2292
f 1814/281/2293 1835/279/2293 1836/254/2293
f 1852/276/2294 1893/282/2294 1854/280/2294
f 1835/279/2295 1874/283/2295 1836/254/2295
f 1857/251/2296 1893/282/2296 1895/284/2296
f 1836/254/2297 1875/285/2297 1837/255/2297
f 1860/256/2298 1895/284/2298 1897/286/2298
f 1837/255/2299 1878/287/2299 1840/259/2299
f 1860/256/2300 1901/288/2300 1864/260/2300
f 1840/259/2301 1882/289/2301 1841/262/2301
f 1830/266/2302 2020/290/2302 1867/291/2302
f 2392/292/2303 1864/260/2303 1901/288/2303
f 1841/262/2304 1884/293/2304 1845/268/2304
f 1830/266/2305 1870/294/2305 1833/271/2305
f 1845/268/2306 1887/295/2306 1851/272/2306
f 1833/271/2307 1872/296/2307 1834/275/2307
f 1851/272/2308 1892/297/2308 1852/276/2308
f 1834/275/2309 1873/298/2309 1835/279/2309
f 1867/291/2310 2020/299/2310 1905/300/2310
f 2392/301/2311 1901/288/2311 1941/302/2311
f 1884/293/2312 1920/303/2312 1922/304/2312
f 1867/291/2313 1908/305/2313 1870/294/2313
f 1884/293/2314 1928/306/2314 1887/295/2314
f 1870/294/2315 1911/307/2315 1872/296/2315
f 1892/297/2316 1928/306/2316 1931/308/2316
f 1872/296/2317 1912/309/2317 1873/298/2317
f 1893/282/2318 1931/308/2318 1933/310/2318
f 1873/298/2319 1913/311/2319 1874/283/2319
f 1895/284/2320 1933/310/2320 1935/312/2320
f 1874/283/2321 1914/313/2321 1875/285/2321
f 1895/284/2322 1937/314/2322 1897/286/2322
f 1878/287/2323 1914/313/2323 1915/315/2323
f 1897/286/2324 1941/302/2324 1901/288/2324
f 1878/287/2325 1920/303/2325 1882/289/2325
f 1912/309/2326 1952/316/2326 1913/311/2326
f 1933/310/2327 1973/317/2327 1935/312/2327
f 1913/311/2328 1953/318/2328 1914/313/2328
f 1935/312/2329 1976/319/2329 1937/314/2329
f 1915/315/2330 1953/318/2330 1955/320/2330
f 1937/314/2331 1979/321/2331 1941/302/2331
f 1920/303/2332 1955/320/2332 1958/322/2332
f 1905/300/2333 2020/323/2333 1942/324/2333
f 2392/325/2334 1941/302/2334 1979/321/2334
f 1920/303/2335 1960/326/2335 1922/304/2335
f 1905/300/2336 1946/327/2336 1908/305/2336
f 1922/304/2337 1964/328/2337 1928/306/2337
f 1908/305/2338 1949/329/2338 1911/307/2338
f 1931/308/2339 1964/328/2339 1970/330/2339
f 1911/307/2340 1951/331/2340 1912/309/2340
f 1931/308/2341 1971/332/2341 1933/310/2341
f 1958/322/2342 2001/333/2342 1960/326/2342
f 1942/324/2343 1985/334/2343 1946/327/2343
f 1960/326/2344 2005/335/2344 1964/328/2344
f 1946/327/2345 1988/336/2345 1949/329/2345
f 1970/330/2346 2005/335/2346 2009/337/2346
f 1949/329/2347 1990/338/2347 1951/331/2347
f 1970/330/2348 2010/339/2348 1971/332/2348
f 1952/316/2349 1990/338/2349 1991/340/2349
f 1973/317/2350 2010/339/2350 2012/341/2350
f 1952/316/2351 1992/342/2351 1953/318/2351
f 1973/317/2352 2015/343/2352 1976/319/2352
f 1955/320/2353 1992/342/2353 1993/344/2353
f 1976/319/2354 2019/345/2354 1979/321/2354
f 1958/322/2355 1993/344/2355 1998/346/2355
f 1942/324/2356 2020/347/2356 1981/348/2356
f 2392/349/2357 1979/321/2357 2019/345/2357
f 2010/339/2358 2052/350/2358 2012/341/2358
f 1991/340/2359 2032/351/2359 1992/342/2359
f 2012/341/2360 2054/352/2360 2015/343/2360
f 1993/344/2361 2032/351/2361 2034/353/2361
f 2019/345/2362 2054/352/2362 2057/354/2362
f 1998/346/2363 2034/353/2363 2036/355/2363
f 1981/348/2364 2020/356/2364 2024/357/2364
f 2392/358/2365 2019/345/2365 2057/354/2365
f 1998/346/2366 2042/359/2366 2001/333/2366
f 1981/348/2367 2025/360/2367 1985/334/2367
f 2001/333/2368 2046/361/2368 2005/335/2368
f 1985/334/2369 2029/362/2369 1988/336/2369
f 2009/337/2370 2046/361/2370 2049/363/2370
f 1988/336/2371 2030/364/2371 1990/338/2371
f 2009/337/2372 2050/365/2372 2010/339/2372
f 1991/340/2373 2030/364/2373 2031/366/2373
f 2042/359/2374 2083/367/2374 2046/361/2374
f 2025/360/2375 2067/368/2375 2029/362/2375
f 2049/363/2376 2083/367/2376 2088/369/2376
f 2029/362/2377 2069/370/2377 2030/364/2377
f 2049/363/2378 2089/371/2378 2050/365/2378
f 2031/366/2379 2069/370/2379 2070/372/2379
f 2052/350/2380 2089/371/2380 2091/373/2380
f 2031/366/2381 2071/374/2381 2032/351/2381
f 2052/350/2382 2093/375/2382 2054/352/2382
f 2034/353/2383 2071/374/2383 2072/376/2383
f 2054/352/2384 2096/377/2384 2057/354/2384
f 2036/355/2385 2072/376/2385 2077/378/2385
f 2024/357/2386 2020/379/2386 2062/380/2386
f 2392/381/2387 2057/354/2387 2096/377/2387
f 2036/355/2388 2080/382/2388 2042/359/2388
f 2025/360/2389 2062/380/2389 2065/383/2389
f 2091/373/2390 2127/384/2390 2093/375/2390
f 2072/376/2391 2109/385/2391 2110/386/2391
f 2093/375/2392 2130/387/2392 2096/377/2392
f 2077/378/2393 2110/386/2393 2111/388/2393
f 2062/380/2394 2020/389/2394 2100/390/2394
f 2392/391/2395 2096/377/2395 2130/387/2395
f 2077/378/2396 2114/392/2396 2080/382/2396
f 2062/380/2397 2103/393/2397 2065/383/2397
f 2080/382/2398 2117/394/2398 2083/367/2398
f 2065/383/2399 2106/395/2399 2067/368/2399
f 2088/369/2400 2117/394/2400 2121/396/2400
f 2067/368/2401 2107/397/2401 2069/370/2401
f 2088/369/2402 2123/398/2402 2089/371/2402
f 2070/372/2403 2107/397/2403 2108/399/2403
f 2091/373/2404 2123/398/2404 2125/400/2404
f 2070/372/2405 2109/385/2405 2071/374/2405
f 2103/393/2406 2133/401/2406 2106/395/2406
f 2121/396/2407 2143/402/2407 2144/403/2407
f 2106/395/2408 2134/404/2408 2107/397/2408
f 2121/396/2409 2146/405/2409 2123/398/2409
f 2108/399/2410 2134/404/2410 2135/406/2410
f 2125/400/2411 2146/405/2411 2149/407/2411
f 2108/399/2412 2136/408/2412 2109/385/2412
f 2125/400/2413 2150/409/2413 2127/384/2413
f 2110/386/2414 2136/408/2414 2137/410/2414
f 2127/384/2415 2153/411/2415 2130/387/2415
f 2111/388/2416 2137/410/2416 2139/412/2416
f 2100/390/2417 2020/413/2417 2131/414/2417
f 2392/415/2418 2130/387/2418 2153/411/2418
f 2111/388/2419 2140/416/2419 2114/392/2419
f 2100/390/2420 2132/417/2420 2103/393/2420
f 2114/392/2421 2143/402/2421 2117/394/2421
f 2137/410/2422 2159/418/2422 2160/419/2422
f 2153/411/2423 2174/420/2423 2176/421/2423
f 2139/412/2424 2160/419/2424 2161/422/2424
f 2131/414/2425 2020/423/2425 2154/424/2425
f 2392/425/2426 2153/411/2426 2176/421/2426
f 2139/412/2427 2163/426/2427 2140/416/2427
f 2131/414/2428 2155/427/2428 2132/417/2428
f 2140/416/2429 2166/428/2429 2143/402/2429
f 2133/401/2430 2155/427/2430 2156/429/2430
f 2144/403/2431 2166/428/2431 2168/430/2431
f 2133/401/2432 2157/431/2432 2134/404/2432
f 2144/403/2433 2169/432/2433 2146/405/2433
f 2135/406/2434 2157/431/2434 2158/433/2434
f 2149/407/2435 2169/432/2435 2171/434/2435
f 2135/406/2436 2159/418/2436 2136/408/2436
f 2149/407/2437 2174/420/2437 2150/409/2437
f 2168/430/2438 2188/435/2438 2190/436/2438
f 2156/429/2439 2180/437/2439 2157/431/2439
f 2168/430/2440 2192/438/2440 2169/432/2440
f 2158/433/2441 2180/437/2441 2181/439/2441
f 2171/434/2442 2192/438/2442 2194/440/2442
f 2158/433/2443 2182/441/2443 2159/418/2443
f 2171/434/2444 2196/442/2444 2174/420/2444
f 2160/419/2445 2182/441/2445 2183/443/2445
f 2174/420/2446 2199/444/2446 2176/421/2446
f 2161/422/2447 2183/443/2447 2184/445/2447
f 2154/424/2448 2020/446/2448 2177/447/2448
f 2392/448/2449 2176/421/2449 2199/444/2449
f 2161/422/2450 2187/449/2450 2163/426/2450
f 2154/424/2451 2178/450/2451 2155/427/2451
f 2163/426/2452 2188/435/2452 2166/428/2452
f 2155/427/2453 2179/451/2453 2156/429/2453
f 2199/444/2454 2220/452/2454 2222/453/2454
f 2184/445/2455 2206/454/2455 2208/455/2455
f 2177/447/2456 2020/456/2456 2200/457/2456
f 2392/458/2457 2199/444/2457 2222/453/2457
f 2184/445/2458 2209/459/2458 2187/449/2458
f 2177/447/2459 2201/460/2459 2178/450/2459
f 2187/449/2460 2212/461/2460 2188/435/2460
f 2178/450/2461 2202/462/2461 2179/451/2461
f 2190/436/2462 2212/461/2462 2214/463/2462
f 2179/451/2463 2203/464/2463 2180/437/2463
f 2190/436/2464 2216/465/2464 2192/438/2464
f 2181/439/2465 2203/464/2465 2204/466/2465
f 2194/440/2466 2216/465/2466 2218/467/2466
f 2181/439/2467 2205/468/2467 2182/441/2467
f 2196/442/2468 2218/467/2468 2220/452/2468
f 2183/443/2469 2205/468/2469 2206/454/2469
f 2202/462/2470 2226/469/2470 2203/464/2470
f 2214/463/2471 2239/470/2471 2216/465/2471
f 2204/466/2472 2226/469/2472 2227/471/2472
f 2218/467/2473 2239/470/2473 2240/472/2473
f 2204/466/2474 2228/473/2474 2205/468/2474
f 2218/467/2475 2242/474/2475 2220/452/2475
f 2206/454/2476 2228/473/2476 2229/475/2476
f 2220/452/2477 2245/476/2477 2222/453/2477
f 2208/455/2478 2229/475/2478 2230/477/2478
f 2200/457/2479 2020/478/2479 2223/479/2479
f 2392/480/2480 2222/453/2480 2245/476/2480
f 2208/455/2481 2232/481/2481 2209/459/2481
f 2200/457/2482 2224/482/2482 2201/460/2482
f 2209/459/2483 2235/483/2483 2212/461/2483
f 2201/460/2484 2225/484/2484 2202/462/2484
f 2214/463/2485 2235/483/2485 2236/485/2485
f 2230/477/2486 2252/486/2486 2254/487/2486
f 2223/479/2487 2020/488/2487 2246/489/2487
f 2392/490/2488 2245/476/2488 2268/491/2488
f 2230/477/2489 2256/492/2489 2232/481/2489
f 2223/479/2490 2247/493/2490 2224/482/2490
f 2232/481/2491 2258/494/2491 2235/483/2491
f 2224/482/2492 2248/495/2492 2225/484/2492
f 2236/485/2493 2258/494/2493 2260/496/2493
f 2225/484/2494 2249/497/2494 2226/469/2494
f 2236/485/2495 2262/498/2495 2239/470/2495
f 2227/471/2496 2249/497/2496 2250/499/2496
f 2240/472/2497 2262/498/2497 2263/500/2497
f 2227/471/2498 2251/501/2498 2228/473/2498
f 2240/472/2499 2265/502/2499 2242/474/2499
f 2229/475/2500 2251/501/2500 2252/486/2500
f 2242/474/2501 2268/491/2501 2245/476/2501
f 2260/496/2502 2284/503/2502 2262/498/2502
f 2250/499/2503 2272/504/2503 2273/505/2503
f 2263/500/2504 2284/503/2504 2286/506/2504
f 2250/499/2505 2274/507/2505 2251/501/2505
f 2263/500/2506 2289/508/2506 2265/502/2506
f 2252/486/2507 2274/507/2507 2275/509/2507
f 2265/502/2508 2291/510/2508 2268/491/2508
f 2254/487/2509 2275/509/2509 2277/511/2509
f 2246/489/2510 2020/512/2510 2269/513/2510
f 2392/514/2511 2268/491/2511 2291/510/2511
f 2254/487/2512 2279/515/2512 2256/492/2512
f 2246/489/2513 2270/516/2513 2247/493/2513
f 2256/492/2514 2280/517/2514 2258/494/2514
f 2247/493/2515 2271/518/2515 2248/495/2515
f 2260/496/2516 2280/517/2516 2283/519/2516
f 2248/495/2517 2272/504/2517 2249/497/2517
f 2392/520/2518 2291/510/2518 2315/521/2518
f 2277/511/2519 2302/522/2519 2279/515/2519
f 2270/516/2520 2292/523/2520 2293/524/2520
f 2279/515/2521 2303/525/2521 2280/517/2521
f 2271/518/2522 2293/524/2522 2294/526/2522
f 2283/519/2523 2303/525/2523 2307/527/2523
f 2271/518/2524 2295/528/2524 2272/504/2524
f 2283/519/2525 2309/529/2525 2284/503/2525
f 2273/505/2526 2295/528/2526 2296/530/2526
f 2286/506/2527 2309/529/2527 2310/531/2527
f 2273/505/2528 2297/532/2528 2274/507/2528
f 2286/506/2529 2312/533/2529 2289/508/2529
f 2275/509/2530 2297/532/2530 2298/534/2530
f 2291/510/2531 2312/533/2531 2315/521/2531
f 2277/511/2532 2298/534/2532 2300/535/2532
f 2269/513/2533 2020/536/2533 2292/523/2533
f 2310/531/2534 2331/537/2534 2333/538/2534
f 2296/530/2535 2321/539/2535 2297/532/2535
f 2310/531/2536 2335/540/2536 2312/533/2536
f 2298/534/2537 2321/539/2537 2322/541/2537
f 2312/533/2538 2337/542/2538 2315/521/2538
f 2300/535/2539 2322/541/2539 2323/543/2539
f 2292/523/2540 2020/544/2540 2316/545/2540
f 2392/546/2541 2315/521/2541 2337/542/2541
f 2300/535/2542 2325/547/2542 2302/522/2542
f 2292/523/2543 2317/548/2543 2293/524/2543
f 2302/522/2544 2327/549/2544 2303/525/2544
f 2293/524/2545 2318/550/2545 2294/526/2545
f 2307/527/2546 2327/549/2546 2328/551/2546
f 2294/526/2547 2319/552/2547 2295/528/2547
f 2307/527/2548 2331/537/2548 2309/529/2548
f 2296/530/2549 2319/552/2549 2320/553/2549
f 2317/548/2550 2338/554/2550 2339/555/2550
f 2325/547/2551 2347/556/2551 2327/549/2551
f 2317/548/2552 2340/557/2552 2318/550/2552
f 2328/551/2553 2347/556/2553 2348/558/2553
f 2318/550/2554 2341/559/2554 2319/552/2554
f 2328/551/2555 2350/560/2555 2331/537/2555
f 2320/553/2556 2341/559/2556 2342/561/2556
f 2333/538/2557 2350/560/2557 2352/562/2557
f 2320/553/2558 2343/563/2558 2321/539/2558
f 2333/538/2559 2354/564/2559 2335/540/2559
f 2322/541/2560 2343/563/2560 2344/565/2560
f 2335/540/2561 2356/566/2561 2337/542/2561
f 2323/543/2562 2344/565/2562 2345/567/2562
f 2316/545/2563 2020/568/2563 2338/554/2563
f 2392/569/2564 2337/542/2564 2356/566/2564
f 2323/543/2565 2346/570/2565 2325/547/2565
f 2342/561/2566 2362/571/2566 2343/563/2566
f 2352/562/2567 2372/572/2567 2354/564/2567
f 2344/565/2568 2362/571/2568 2363/573/2568
f 2356/566/2569 2372/572/2569 2374/574/2569
f 2345/567/2570 2363/573/2570 2364/575/2570
f 2338/554/2571 2020/576/2571 2357/577/2571
f 2392/578/2572 2356/566/2572 2374/574/2572
f 2345/567/2573 2365/579/2573 2346/570/2573
f 2339/555/2574 2357/577/2574 2358/580/2574
f 2346/570/2575 2366/581/2575 2347/556/2575
f 2339/555/2576 2359/582/2576 2340/557/2576
f 2348/558/2577 2366/581/2577 2367/583/2577
f 2340/557/2578 2360/584/2578 2341/559/2578
f 2348/558/2579 2368/585/2579 2350/560/2579
f 2342/561/2580 2360/584/2580 2361/586/2580
f 2352/562/2581 2368/585/2581 2370/587/2581
f 2365/579/2582 2384/588/2582 2366/581/2582
f 2358/580/2583 2377/589/2583 2359/582/2583
f 2367/583/2584 2384/588/2584 2385/590/2584
f 2359/582/2585 2378/591/2585 2360/584/2585
f 2367/583/2586 2386/592/2586 2368/585/2586
f 2361/586/2587 2378/591/2587 2379/593/2587
f 2370/587/2588 2386/592/2588 2387/594/2588
f 2361/586/2589 2380/595/2589 2362/571/2589
f 2370/587/2590 2389/596/2590 2372/572/2590
f 2363/573/2591 2380/595/2591 2381/597/2591
f 2374/574/2592 2389/596/2592 2391/598/2592
f 2364/575/2593 2381/597/2593 2382/599/2593
f 2357/577/2594 2020/600/2594 2375/601/2594
f 2392/602/2595 2374/574/2595 2391/598/2595
f 2364/575/2596 2383/603/2596 2365/579/2596
f 2357/577/2597 2376/604/2597 2358/580/2597
f 2387/594/2598 2407/605/2598 2389/596/2598
f 2381/597/2599 2399/606/2599 2400/607/2599
f 2389/596/2600 2408/608/2600 2391/598/2600
f 2382/599/2601 2400/607/2601 2401/609/2601
f 2375/601/2602 2020/610/2602 2394/611/2602
f 2392/612/2603 2391/598/2603 2408/608/2603
f 2382/599/2604 2402/613/2604 2383/603/2604
f 2375/601/2605 2395/614/2605 2376/604/2605
f 2383/603/2606 2403/615/2606 2384/588/2606
f 2376/604/2607 2396/616/2607 2377/589/2607
f 2385/590/2608 2403/615/2608 2404/617/2608
f 2377/589/2609 2397/618/2609 2378/591/2609
f 2385/590/2610 2405/619/2610 2386/592/2610
f 2379/593/2611 2397/618/2611 2398/620/2611
f 2387/594/2612 2405/619/2612 2406/621/2612
f 2379/593/2613 2399/606/2613 2380/595/2613
f 2395/614/2614 2412/622/2614 2396/616/2614
f 2404/617/2615 2419/623/2615 2420/624/2615
f 2396/616/2616 2413/625/2616 2397/618/2616
f 2404/617/2617 2421/626/2617 2405/619/2617
f 2398/620/2618 2413/625/2618 2414/627/2618
f 2406/621/2619 2421/626/2619 2422/628/2619
f 2398/620/2620 2415/629/2620 2399/606/2620
f 2406/621/2621 2423/630/2621 2407/605/2621
f 2400/607/2622 2415/629/2622 2416/631/2622
f 2407/605/2623 2424/632/2623 2408/608/2623
f 2622/633/2624 2623/633/2624 2401/609/2624
f 2394/611/2625 2020/634/2625 2410/635/2625
f 2392/636/2626 2408/608/2626 2424/632/2626
f 2401/609/2627 2418/637/2627 2402/613/2627
f 2394/611/2628 2411/638/2628 2395/614/2628
f 2402/613/2629 2419/623/2629 2403/615/2629
f 2415/629/2630 2631/639/2630 2630/640/2630
f 2423/630/2631 2436/641/2631 2424/632/2631
f 2625/642/2632 2619/643/2632 2416/631/2632
f 2585/644/2632 2417/645/2632 2583/646/2632
f 2410/635/2633 2020/647/2633 2426/648/2633
f 2392/649/2634 2424/632/2634 2436/641/2634
f 2418/637/2635 2587/650/2635 2588/651/2635
f 2410/635/2636 2427/652/2636 2411/638/2636
f 2431/653/2637 2418/637/2637 2591/654/2637
f 2411/638/2638 2428/655/2638 2412/622/2638
f 2420/624/2639 2431/653/2639 2432/656/2639
f 2412/622/2640 2429/657/2640 2413/625/2640
f 2420/624/2641 2433/658/2641 2421/626/2641
f 2414/627/2642 2429/657/2642 2430/659/2642
f 2422/628/2643 2433/658/2643 2434/660/2643
f 2415/629/2644 2430/659/2644 2633/661/2644
f 2422/628/2645 2435/662/2645 2423/630/2645
f 2432/656/2646 2443/663/2646 2444/664/2646
f 2428/655/2647 2441/665/2647 2429/657/2647
f 2432/656/2648 2445/666/2648 2433/658/2648
f 2430/659/2649 2441/665/2649 2442/667/2649
f 2434/660/2650 2445/666/2650 2446/668/2650
f 2430/659/2651 2643/669/2651 2641/670/2651
f 2434/660/2652 2447/671/2652 2435/662/2652
f 2435/662/2653 2448/672/2653 2436/641/2653
f 2426/648/2654 2020/673/2654 2438/674/2654
f 2392/675/2655 2436/641/2655 2448/672/2655
f 2427/652/2656 2438/674/2656 2439/676/2656
f 2431/653/2657 2597/677/2657 2598/678/2657
f 2428/655/2658 2439/676/2658 2440/679/2658
f 2447/680/2659 2460/681/2659 2448/682/2659
f 2438/683/2660 2020/684/2660 2450/685/2660
f 2392/686/2661 2448/682/2661 2460/681/2661
f 2438/683/2662 2451/687/2662 2439/688/2662
f 2455/689/2663 2605/690/2663 2603/691/2663
f 2440/692/2664 2451/687/2664 2452/693/2664
f 2444/694/2665 2455/689/2665 2456/695/2665
f 2440/692/2666 2453/696/2666 2441/697/2666
f 2444/694/2667 2457/698/2667 2445/699/2667
f 2442/700/2668 2453/696/2668 2454/701/2668
f 2446/702/2669 2457/698/2669 2458/703/2669
f 2442/700/2670 2652/704/2670 2655/705/2670
f 2446/702/2671 2459/706/2671 2447/680/2671
f 2456/695/2672 2471/707/2672 2457/698/2672
f 2454/701/2673 2465/708/2673 2466/709/2673
f 2458/703/2674 2471/707/2674 2472/710/2674
f 2466/709/2675 2656/711/2675 2657/712/2675
f 2458/703/2676 2473/713/2676 2459/706/2676
f 2467/714/2677 2661/715/2677 2660/716/2677
f 2459/706/2678 2474/717/2678 2460/681/2678
f 2450/685/2679 2020/718/2679 2462/719/2679
f 2392/720/2680 2460/681/2680 2474/717/2680
f 2468/721/2681 2610/722/2681 2611/723/2681
f 2451/687/2682 2462/719/2682 2463/724/2682
f 2468/721/2683 2455/689/2683 2615/725/2683
f 2452/693/2684 2463/724/2684 2464/726/2684
f 2456/695/2685 2469/727/2685 2470/728/2685
f 2452/693/2686 2465/708/2686 2453/696/2686
f 2462/719/2687 2020/729/2687 2476/730/2687
f 2392/731/2688 2474/717/2688 2491/732/2688
f 2483/733/2689 2468/721/2689 2613/734/2689
f 2463/724/2690 2476/730/2690 2477/735/2690
f 2468/721/2691 2485/736/2691 2469/727/2691
f 2463/724/2692 2478/737/2692 2464/726/2692
f 2470/728/2693 2485/736/2693 2486/738/2693
f 2464/726/2694 2479/739/2694 2465/708/2694
f 2470/728/2695 2487/740/2695 2471/707/2695
f 2466/709/2696 2479/739/2696 2480/741/2696
f 2472/710/2697 2487/740/2697 2488/742/2697
f 2466/709/2698 2481/743/2698 2467/714/2698
f 2473/713/2699 2488/742/2699 2489/744/2699
f 2481/743/2700 2662/745/2700 2663/746/2700
f 2473/713/2701 2491/732/2701 2474/717/2701
f 2482/747/2702 2618/748/2702 2670/748/2702
f 2480/741/2703 2495/749/2703 2496/750/2703
f 2488/742/2704 2503/751/2704 2504/752/2704
f 2480/741/2705 2497/753/2705 2481/743/2705
f 2488/742/2706 2505/754/2706 2489/744/2706
f 2482/747/2707 2497/753/2707 2498/755/2707
f 2489/744/2708 2507/756/2708 2491/732/2708
f 2483/733/2709 2498/755/2709 2499/757/2709
f 2476/730/2710 2020/758/2710 2492/759/2710
f 2392/760/2711 2491/732/2711 2507/756/2711
f 2483/733/2712 2500/761/2712 2484/762/2712
f 2476/730/2713 2493/763/2713 2477/735/2713
f 2484/762/2714 2501/764/2714 2485/736/2714
f 2478/737/2715 2493/763/2715 2494/765/2715
f 2486/738/2716 2501/764/2716 2502/766/2716
f 2478/737/2717 2495/749/2717 2479/739/2717
f 2486/738/2718 2503/751/2718 2487/740/2718
f 2499/757/2719 2517/767/2719 2500/761/2719
f 2492/759/2720 2510/768/2720 2493/763/2720
f 2500/761/2721 2518/769/2721 2501/764/2721
f 2494/765/2722 2510/768/2722 2511/770/2722
f 2502/766/2723 2518/769/2723 2519/771/2723
f 2494/765/2724 2512/772/2724 2495/749/2724
f 2502/766/2725 2520/773/2725 2503/751/2725
f 2496/750/2726 2512/772/2726 2513/774/2726
f 2504/752/2727 2520/773/2727 2521/775/2727
f 2496/750/2728 2514/776/2728 2497/753/2728
f 2504/752/2729 2523/777/2729 2505/754/2729
f 2498/755/2730 2514/776/2730 2515/778/2730
f 2505/754/2731 2526/779/2731 2507/756/2731
f 2499/757/2732 2515/778/2732 2516/780/2732
f 2492/759/2733 2020/781/2733 2509/782/2733
f 2392/783/2734 2507/756/2734 2526/779/2734
f 2521/775/2735 2538/784/2735 2540/785/2735
f 2513/774/2736 2532/786/2736 2514/776/2736
f 2521/775/2737 2542/787/2737 2523/777/2737
f 2515/778/2738 2532/786/2738 2533/788/2738
f 2523/777/2739 2544/789/2739 2526/779/2739
f 2516/780/2740 2533/788/2740 2534/790/2740
f 2509/782/2741 2020/791/2741 2527/792/2741
f 2392/793/2742 2526/779/2742 2544/789/2742
f 2516/780/2743 2535/794/2743 2517/767/2743
f 2509/782/2744 2528/795/2744 2510/768/2744
f 2517/767/2745 2536/796/2745 2518/769/2745
f 2511/770/2746 2528/795/2746 2529/797/2746
f 2519/771/2747 2536/796/2747 2537/798/2747
f 2511/770/2748 2530/799/2748 2512/772/2748
f 2519/771/2749 2538/784/2749 2520/773/2749
f 2513/774/2750 2530/799/2750 2531/800/2750
f 2527/792/2751 2547/801/2751 2528/795/2751
f 2535/794/2752 2555/802/2752 2536/796/2752
f 2529/797/2753 2547/801/2753 2548/803/2753
f 2537/798/2754 2555/802/2754 2557/804/2754
f 2529/797/2755 2549/805/2755 2530/799/2755
f 2537/798/2756 2559/806/2756 2538/784/2756
f 2531/800/2757 2549/805/2757 2550/807/2757
f 2540/785/2758 2559/806/2758 2561/808/2758
f 2531/800/2759 2551/809/2759 2532/786/2759
f 2540/785/2760 2563/810/2760 2542/787/2760
f 2533/788/2761 2551/809/2761 2552/811/2761
f 2544/789/2762 2563/810/2762 2565/812/2762
f 2534/790/2763 2552/811/2763 2553/813/2763
f 2527/792/2764 2020/814/2764 2546/815/2764
f 2392/816/2765 2544/789/2765 2565/812/2765
f 2534/790/2766 2554/817/2766 2535/794/2766
f 2551/809/2767 1814/281/2767 2570/253/2767
f 2561/808/2768 2577/257/2768 2563/810/2768
f 2552/811/2769 2570/253/2769 1818/258/2769
f 2563/810/2770 2579/261/2770 2565/812/2770
f 2553/813/2771 1818/258/2771 1819/263/2771
f 2546/815/2772 2020/818/2772 2567/264/2772
f 2392/819/2773 2565/812/2773 2579/261/2773
f 2553/813/2774 1824/269/2774 2554/817/2774
f 2547/801/2775 2567/264/2775 2568/270/2775
f 2554/817/2776 2571/273/2776 2555/802/2776
f 2548/803/2777 2568/270/2777 1813/274/2777
f 2555/802/2778 1826/277/2778 2557/804/2778
f 2549/805/2779 1813/274/2779 2569/278/2779
f 2557/804/2780 2574/250/2780 2559/806/2780
f 2550/807/2781 2569/278/2781 1814/281/2781
f 2561/808/2782 2574/250/2782 2576/252/2782
f 2574/250/2278 1854/280/2278 1857/251/2278
f 2570/253/2279 1814/281/2279 1836/254/2279
f 2576/252/2280 1857/251/2280 1860/256/2280
f 1818/258/2281 2570/253/2281 1837/255/2281
f 2577/257/2282 1860/256/2282 1864/260/2282
f 1818/258/3139 1840/259/3139 1841/262/3139
f 1819/263/3140 1841/262/3140 1845/268/3140
f 2568/270/2287 2567/264/2287 1830/266/2287
f 1824/269/2288 1845/268/2288 1851/272/2288
f 1813/274/2289 2568/270/2289 1833/271/2289
f 2571/273/2290 1851/272/2290 1852/276/2290
f 2569/278/2291 1813/274/2291 1834/275/2291
f 2574/250/2292 1826/277/2292 1852/276/2292
f 1814/281/2293 2569/278/2293 1835/279/2293
f 1852/276/2294 1892/297/2294 1893/282/2294
f 1835/279/2295 1873/298/2295 1874/283/2295
f 1857/251/2296 1854/280/2296 1893/282/2296
f 1836/254/2297 1874/283/2297 1875/285/2297
f 1860/256/2298 1857/251/2298 1895/284/2298
f 1837/255/2299 1875/285/2299 1878/287/2299
f 1860/256/2300 1897/286/2300 1901/288/2300
f 1840/259/2301 1878/287/2301 1882/289/2301
f 1841/262/2304 1882/289/2304 1884/293/2304
f 1830/266/2305 1867/291/2305 1870/294/2305
f 1845/268/2306 1884/293/2306 1887/295/2306
f 1833/271/2307 1870/294/2307 1872/296/2307
f 1851/272/2308 1887/295/2308 1892/297/2308
f 1834/275/2309 1872/296/2309 1873/298/2309
f 1884/293/2312 1882/289/2312 1920/303/2312
f 1867/291/2313 1905/300/2313 1908/305/2313
f 1884/293/2314 1922/304/2314 1928/306/2314
f 1870/294/3141 1908/305/3141 1911/307/3141
f 1892/297/2316 1887/295/2316 1928/306/2316
f 1872/296/2317 1911/307/2317 1912/309/2317
f 1893/282/2318 1892/297/2318 1931/308/2318
f 1873/298/2319 1912/309/2319 1913/311/2319
f 1895/284/2320 1893/282/2320 1933/310/2320
f 1874/283/2321 1913/311/2321 1914/313/2321
f 1895/284/2322 1935/312/2322 1937/314/2322
f 1878/287/2323 1875/285/2323 1914/313/2323
f 1897/286/2324 1937/314/2324 1941/302/2324
f 1878/287/2325 1915/315/2325 1920/303/2325
f 1912/309/2326 1951/331/2326 1952/316/2326
f 1933/310/2327 1971/332/2327 1973/317/2327
f 1913/311/2328 1952/316/2328 1953/318/2328
f 1935/312/2329 1973/317/2329 1976/319/2329
f 1915/315/2330 1914/313/2330 1953/318/2330
f 1937/314/3142 1976/319/3142 1979/321/3142
f 1920/303/2332 1915/315/2332 1955/320/2332
f 1920/303/2335 1958/322/2335 1960/326/2335
f 1905/300/2336 1942/324/2336 1946/327/2336
f 1922/304/2337 1960/326/2337 1964/328/2337
f 1908/305/2338 1946/327/2338 1949/329/2338
f 1931/308/2339 1928/306/2339 1964/328/2339
f 1911/307/2340 1949/329/2340 1951/331/2340
f 1931/308/2341 1970/330/2341 1971/332/2341
f 1958/322/2342 1998/346/2342 2001/333/2342
f 1942/324/2343 1981/348/2343 1985/334/2343
f 1960/326/2344 2001/333/2344 2005/335/2344
f 1946/327/2345 1985/334/2345 1988/336/2345
f 1970/330/2346 1964/328/2346 2005/335/2346
f 1949/329/2347 1988/336/2347 1990/338/2347
f 1970/330/2348 2009/337/2348 2010/339/2348
f 1952/316/2349 1951/331/2349 1990/338/2349
f 1973/317/2350 1971/332/2350 2010/339/2350
f 1952/316/2351 1991/340/2351 1992/342/2351
f 1973/317/2352 2012/341/2352 2015/343/2352
f 1955/320/2353 1953/318/2353 1992/342/2353
f 1976/319/2354 2015/343/2354 2019/345/2354
f 1958/322/2355 1955/320/2355 1993/344/2355
f 2010/339/2358 2050/365/2358 2052/350/2358
f 1991/340/2359 2031/366/2359 2032/351/2359
f 2012/341/2360 2052/350/2360 2054/352/2360
f 1993/344/2361 1992/342/2361 2032/351/2361
f 2019/345/2362 2015/343/2362 2054/352/2362
f 1998/346/2363 1993/344/2363 2034/353/2363
f 1998/346/2366 2036/355/2366 2042/359/2366
f 1981/348/2367 2024/357/2367 2025/360/2367
f 2001/333/2368 2042/359/2368 2046/361/2368
f 1985/334/2369 2025/360/2369 2029/362/2369
f 2009/337/2370 2005/335/2370 2046/361/2370
f 1988/336/2371 2029/362/2371 2030/364/2371
f 2009/337/2372 2049/363/2372 2050/365/2372
f 1991/340/2373 1990/338/2373 2030/364/2373
f 2042/359/2374 2080/382/2374 2083/367/2374
f 2025/360/2375 2065/383/2375 2067/368/2375
f 2049/363/2376 2046/361/2376 2083/367/2376
f 2029/362/2377 2067/368/2377 2069/370/2377
f 2049/363/2378 2088/369/2378 2089/371/2378
f 2031/366/2379 2030/364/2379 2069/370/2379
f 2052/350/2380 2050/365/2380 2089/371/2380
f 2031/366/2381 2070/372/2381 2071/374/2381
f 2052/350/2382 2091/373/2382 2093/375/2382
f 2034/353/2383 2032/351/2383 2071/374/2383
f 2054/352/2384 2093/375/2384 2096/377/2384
f 2036/355/2385 2034/353/2385 2072/376/2385
f 2036/355/2388 2077/378/2388 2080/382/2388
f 2025/360/2389 2024/357/2389 2062/380/2389
f 2091/373/2390 2125/400/2390 2127/384/2390
f 2072/376/2391 2071/374/2391 2109/385/2391
f 2093/375/2392 2127/384/2392 2130/387/2392
f 2077/378/2393 2072/376/2393 2110/386/2393
f 2077/378/2396 2111/388/2396 2114/392/2396
f 2062/380/2397 2100/390/2397 2103/393/2397
f 2080/382/2398 2114/392/2398 2117/394/2398
f 2065/383/2399 2103/393/2399 2106/395/2399
f 2088/369/2400 2083/367/2400 2117/394/2400
f 2067/368/2401 2106/395/2401 2107/397/2401
f 2088/369/2402 2121/396/2402 2123/398/2402
f 2070/372/2403 2069/370/2403 2107/397/2403
f 2091/373/2404 2089/371/2404 2123/398/2404
f 2070/372/2405 2108/399/2405 2109/385/2405
f 2103/393/2406 2132/417/2406 2133/401/2406
f 2121/396/2407 2117/394/2407 2143/402/2407
f 2106/395/2408 2133/401/2408 2134/404/2408
f 2121/396/2409 2144/403/2409 2146/405/2409
f 2108/399/2410 2107/397/2410 2134/404/2410
f 2125/400/2411 2123/398/2411 2146/405/2411
f 2108/399/2412 2135/406/2412 2136/408/2412
f 2125/400/2413 2149/407/2413 2150/409/2413
f 2110/386/2414 2109/385/2414 2136/408/2414
f 2127/384/2415 2150/409/2415 2153/411/2415
f 2111/388/2416 2110/386/2416 2137/410/2416
f 2111/388/2419 2139/412/2419 2140/416/2419
f 2100/390/2420 2131/414/2420 2132/417/2420
f 2114/392/2421 2140/416/2421 2143/402/2421
f 2137/410/2422 2136/408/2422 2159/418/2422
f 2153/411/2423 2150/409/2423 2174/420/2423
f 2139/412/2424 2137/410/2424 2160/419/2424
f 2139/412/2427 2161/422/2427 2163/426/2427
f 2131/414/2428 2154/424/2428 2155/427/2428
f 2140/416/2429 2163/426/2429 2166/428/2429
f 2133/401/2430 2132/417/2430 2155/427/2430
f 2144/403/2431 2143/402/2431 2166/428/2431
f 2133/401/2432 2156/429/2432 2157/431/2432
f 2144/403/2433 2168/430/2433 2169/432/2433
f 2135/406/2434 2134/404/2434 2157/431/2434
f 2149/407/2435 2146/405/2435 2169/432/2435
f 2135/406/2436 2158/433/2436 2159/418/2436
f 2149/407/2437 2171/434/2437 2174/420/2437
f 2168/430/2438 2166/428/2438 2188/435/2438
f 2156/429/2439 2179/451/2439 2180/437/2439
f 2168/430/2440 2190/436/2440 2192/438/2440
f 2158/433/2441 2157/431/2441 2180/437/2441
f 2171/434/2442 2169/432/2442 2192/438/2442
f 2158/433/2443 2181/439/2443 2182/441/2443
f 2171/434/3143 2194/440/3143 2196/442/3143
f 2160/419/2445 2159/418/2445 2182/441/2445
f 2174/420/2446 2196/442/2446 2199/444/2446
f 2161/422/2447 2160/419/2447 2183/443/2447
f 2161/422/2450 2184/445/2450 2187/449/2450
f 2154/424/2451 2177/447/2451 2178/450/2451
f 2163/426/2452 2187/449/2452 2188/435/2452
f 2155/427/2453 2178/450/2453 2179/451/2453
f 2199/444/2454 2196/442/2454 2220/452/2454
f 2184/445/2455 2183/443/2455 2206/454/2455
f 2184/445/2458 2208/455/2458 2209/459/2458
f 2177/447/2459 2200/457/2459 2201/460/2459
f 2187/449/2460 2209/459/2460 2212/461/2460
f 2178/450/2461 2201/460/2461 2202/462/2461
f 2190/436/2462 2188/435/2462 2212/461/2462
f 2179/451/2463 2202/462/2463 2203/464/2463
f 2190/436/2464 2214/463/2464 2216/465/2464
f 2181/439/2465 2180/437/2465 2203/464/2465
f 2194/440/2466 2192/438/2466 2216/465/2466
f 2181/439/2467 2204/466/2467 2205/468/2467
f 2196/442/2468 2194/440/2468 2218/467/2468
f 2183/443/2469 2182/441/2469 2205/468/2469
f 2202/462/2470 2225/484/2470 2226/469/2470
f 2214/463/2471 2236/485/2471 2239/470/2471
f 2204/466/2472 2203/464/2472 2226/469/2472
f 2218/467/2473 2216/465/2473 2239/470/2473
f 2204/466/2474 2227/471/2474 2228/473/2474
f 2218/467/2475 2240/472/2475 2242/474/2475
f 2206/454/2476 2205/468/2476 2228/473/2476
f 2220/452/3144 2242/474/3144 2245/476/3144
f 2208/455/2478 2206/454/2478 2229/475/2478
f 2208/455/2481 2230/477/2481 2232/481/2481
f 2200/457/2482 2223/479/2482 2224/482/2482
f 2209/459/2483 2232/481/2483 2235/483/2483
f 2201/460/2484 2224/482/2484 2225/484/2484
f 2214/463/2485 2212/461/2485 2235/483/2485
f 2230/477/2486 2229/475/2486 2252/486/2486
f 2230/477/2489 2254/487/2489 2256/492/2489
f 2223/479/2490 2246/489/2490 2247/493/2490
f 2232/481/2491 2256/492/2491 2258/494/2491
f 2224/482/3145 2247/493/3145 2248/495/3145
f 2236/485/2493 2235/483/2493 2258/494/2493
f 2225/484/2494 2248/495/2494 2249/497/2494
f 2236/485/2495 2260/496/2495 2262/498/2495
f 2227/471/2496 2226/469/2496 2249/497/2496
f 2240/472/2497 2239/470/2497 2262/498/2497
f 2227/471/2498 2250/499/2498 2251/501/2498
f 2240/472/3146 2263/500/3146 2265/502/3146
f 2229/475/2500 2228/473/2500 2251/501/2500
f 2242/474/2501 2265/502/2501 2268/491/2501
f 2260/496/2502 2283/519/2502 2284/503/2502
f 2250/499/2503 2249/497/2503 2272/504/2503
f 2263/500/2504 2262/498/2504 2284/503/2504
f 2250/499/2505 2273/505/2505 2274/507/2505
f 2263/500/2506 2286/506/2506 2289/508/2506
f 2252/486/2507 2251/501/2507 2274/507/2507
f 2265/502/2508 2289/508/2508 2291/510/2508
f 2254/487/2509 2252/486/2509 2275/509/2509
f 2254/487/2512 2277/511/2512 2279/515/2512
f 2246/489/2513 2269/513/2513 2270/516/2513
f 2256/492/2514 2279/515/2514 2280/517/2514
f 2247/493/2515 2270/516/2515 2271/518/2515
f 2260/496/2516 2258/494/2516 2280/517/2516
f 2248/495/2517 2271/518/2517 2272/504/2517
f 2277/511/2519 2300/535/2519 2302/522/2519
f 2270/516/2520 2269/513/2520 2292/523/2520
f 2279/515/2521 2302/522/2521 2303/525/2521
f 2271/518/2522 2270/516/2522 2293/524/2522
f 2283/519/2523 2280/517/2523 2303/525/2523
f 2271/518/2524 2294/526/2524 2295/528/2524
f 2283/519/2525 2307/527/2525 2309/529/2525
f 2273/505/2526 2272/504/2526 2295/528/2526
f 2286/506/2527 2284/503/2527 2309/529/2527
f 2273/505/2528 2296/530/2528 2297/532/2528
f 2286/506/2529 2310/531/2529 2312/533/2529
f 2275/509/2530 2274/507/2530 2297/532/2530
f 2291/510/2531 2289/508/2531 2312/533/2531
f 2277/511/2532 2275/509/2532 2298/534/2532
f 2310/531/2534 2309/529/2534 2331/537/2534
f 2296/530/2535 2320/553/2535 2321/539/2535
f 2310/531/2536 2333/538/2536 2335/540/2536
f 2298/534/2537 2297/532/2537 2321/539/2537
f 2312/533/2538 2335/540/2538 2337/542/2538
f 2300/535/3147 2298/534/3147 2322/541/3147
f 2300/535/3148 2323/543/3148 2325/547/3148
f 2292/523/2543 2316/545/2543 2317/548/2543
f 2302/522/2544 2325/547/2544 2327/549/2544
f 2293/524/2545 2317/548/2545 2318/550/2545
f 2307/527/2546 2303/525/2546 2327/549/2546
f 2294/526/2547 2318/550/2547 2319/552/2547
f 2307/527/2548 2328/551/2548 2331/537/2548
f 2296/530/2549 2295/528/2549 2319/552/2549
f 2317/548/2550 2316/545/2550 2338/554/2550
f 2325/547/2551 2346/570/2551 2347/556/2551
f 2317/548/2552 2339/555/2552 2340/557/2552
f 2328/551/2553 2327/549/2553 2347/556/2553
f 2318/550/2554 2340/557/2554 2341/559/2554
f 2328/551/2555 2348/558/2555 2350/560/2555
f 2320/553/2556 2319/552/2556 2341/559/2556
f 2333/538/2557 2331/537/2557 2350/560/2557
f 2320/553/2558 2342/561/2558 2343/563/2558
f 2333/538/2559 2352/562/2559 2354/564/2559
f 2322/541/2560 2321/539/2560 2343/563/2560
f 2335/540/2561 2354/564/2561 2356/566/2561
f 2323/543/2562 2322/541/2562 2344/565/2562
f 2323/543/2565 2345/567/2565 2346/570/2565
f 2342/561/2566 2361/586/2566 2362/571/2566
f 2352/562/2567 2370/587/2567 2372/572/2567
f 2344/565/2568 2343/563/2568 2362/571/2568
f 2356/566/2569 2354/564/2569 2372/572/2569
f 2345/567/2570 2344/565/2570 2363/573/2570
f 2345/567/2573 2364/575/2573 2365/579/2573
f 2339/555/2574 2338/554/2574 2357/577/2574
f 2346/570/2575 2365/579/2575 2366/581/2575
f 2339/555/3149 2358/580/3149 2359/582/3149
f 2348/558/2577 2347/556/2577 2366/581/2577
f 2340/557/2578 2359/582/2578 2360/584/2578
f 2348/558/2579 2367/583/2579 2368/585/2579
f 2342/561/2580 2341/559/2580 2360/584/2580
f 2352/562/2581 2350/560/2581 2368/585/2581
f 2365/579/2582 2383/603/2582 2384/588/2582
f 2358/580/2583 2376/604/2583 2377/589/2583
f 2367/583/2584 2366/581/2584 2384/588/2584
f 2359/582/2585 2377/589/2585 2378/591/2585
f 2367/583/2586 2385/590/2586 2386/592/2586
f 2361/586/2587 2360/584/2587 2378/591/2587
f 2370/587/2588 2368/585/2588 2386/592/2588
f 2361/586/2589 2379/593/2589 2380/595/2589
f 2370/587/2590 2387/594/2590 2389/596/2590
f 2363/573/2591 2362/571/2591 2380/595/2591
f 2374/574/3150 2372/572/3150 2389/596/3150
f 2364/575/2593 2363/573/2593 2381/597/2593
f 2364/575/2596 2382/599/2596 2383/603/2596
f 2357/577/2597 2375/601/2597 2376/604/2597
f 2387/594/2598 2406/621/2598 2407/605/2598
f 2381/597/2599 2380/595/2599 2399/606/2599
f 2389/596/2600 2407/605/2600 2408/608/2600
f 2382/599/2601 2381/597/2601 2400/607/2601
f 2382/599/2604 2401/609/2604 2402/613/2604
f 2375/601/2605 2394/611/2605 2395/614/2605
f 2383/603/2606 2402/613/2606 2403/615/2606
f 2376/604/2607 2395/614/2607 2396/616/2607
f 2385/590/2608 2384/588/2608 2403/615/2608
f 2377/589/2609 2396/616/2609 2397/618/2609
f 2385/590/2610 2404/617/2610 2405/619/2610
f 2379/593/2611 2378/591/2611 2397/618/2611
f 2387/594/2612 2386/592/2612 2405/619/2612
f 2379/593/2613 2398/620/2613 2399/606/2613
f 2395/614/2614 2411/638/2614 2412/622/2614
f 2404/617/2615 2403/615/2615 2419/623/2615
f 2396/616/2616 2412/622/2616 2413/625/2616
f 2404/617/2617 2420/624/2617 2421/626/2617
f 2398/620/2618 2397/618/2618 2413/625/2618
f 2406/621/2619 2405/619/2619 2421/626/2619
f 2398/620/2620 2414/627/2620 2415/629/2620
f 2406/621/2621 2422/628/2621 2423/630/2621
f 2400/607/2622 2399/606/2622 2415/629/2622
f 2407/605/2623 2423/630/2623 2424/632/2623
f 2621/920/3151 2582/921/3151 2624/922/3151
f 2620/923/3151 2621/920/3151 2624/922/3151
f 2416/631/3152 2619/643/3152 2620/923/3152
f 2401/609/3153 2400/607/3153 2416/631/3153
f 2583/646/3153 2417/645/3153 2401/609/3153
f 2584/924/3154 2583/646/3154 2401/609/3154
f 2401/609/3153 2416/631/3153 2620/923/3153
f 2401/609/3154 2620/923/3154 2624/922/3154
f 2581/925/3153 2584/924/3153 2401/609/3153
f 2623/633/3155 2581/925/3155 2401/609/3155
f 2401/609/3153 2624/922/3153 2622/633/3153
f 2401/609/2627 2417/645/2627 2418/637/2627
f 2394/611/2628 2410/635/2628 2411/638/2628
f 2402/613/2629 2418/637/2629 2419/623/2629
f 2625/642/2630 2416/631/2630 2415/629/2630
f 2415/629/2630 2626/926/2630 2627/927/2630
f 2415/629/3156 2627/927/3156 2628/928/3156
f 2629/929/2630 2625/642/2630 2415/629/2630
f 2630/640/2630 2629/929/2630 2415/629/2630
f 2415/629/3157 2628/928/3157 2631/639/3157
f 2423/630/2631 2435/662/2631 2436/641/2631
f 2585/644/2632 2586/930/2632 2417/645/2632
f 2590/931/2635 2589/932/2635 2418/637/2635
f 2418/637/2635 2417/645/2635 2586/930/2635
f 2418/637/2635 2586/930/2635 2587/650/2635
f 2588/651/2635 2590/931/2635 2418/637/2635
f 2410/635/2636 2426/648/2636 2427/652/2636
f 2592/933/2637 2593/934/2637 2431/653/2637
f 2431/653/2637 2419/623/2637 2418/637/2637
f 2418/637/2637 2589/932/2637 2591/654/2637
f 2591/654/2637 2592/933/2637 2431/653/2637
f 2411/638/2638 2427/652/2638 2428/655/2638
f 2420/624/2639 2419/623/2639 2431/653/2639
f 2412/622/2640 2428/655/2640 2429/657/2640
f 2420/624/2641 2432/656/2641 2433/658/2641
f 2414/627/2642 2413/625/2642 2429/657/2642
f 2422/628/2643 2421/626/2643 2433/658/2643
f 2634/935/2644 2626/926/2644 2415/629/2644
f 2415/629/2644 2414/627/2644 2430/659/2644
f 2430/659/2644 2632/936/2644 2633/661/2644
f 2633/661/2644 2634/935/2644 2415/629/2644
f 2422/628/2645 2434/660/2645 2435/662/2645
f 2432/656/2646 2431/653/2646 2443/663/2646
f 2428/655/2647 2440/679/2647 2441/665/2647
f 2432/656/2648 2444/664/2648 2445/666/2648
f 2430/659/2649 2429/657/2649 2441/665/2649
f 2434/660/2650 2433/658/2650 2445/666/2650
f 2637/937/2651 2632/936/2651 2430/659/2651
f 2430/659/2651 2442/667/2651 2635/938/2651
f 2430/659/3158 2635/938/3158 2636/939/3158
f 2638/940/2651 2637/937/2651 2430/659/2651
f 2642/941/2651 2638/940/2651 2430/659/2651
f 2430/659/2651 2636/939/2651 2639/942/2651
f 2430/659/2651 2639/942/2651 2640/943/2651
f 2641/670/3158 2642/941/3158 2430/659/3158
f 2430/659/2651 2640/943/2651 2643/669/2651
f 2434/660/2652 2446/668/2652 2447/671/2652
f 2435/662/2653 2447/671/2653 2448/672/2653
f 2427/652/2656 2426/648/2656 2438/674/2656
f 2431/653/2657 2593/934/2657 2594/944/2657
f 2431/653/2657 2594/944/2657 2595/945/2657
f 2600/946/2657 2443/663/2657 2431/653/2657
f 2599/947/2657 2600/946/2657 2431/653/2657
f 2431/653/2657 2595/945/2657 2596/948/2657
f 2431/653/3159 2596/948/3159 2597/677/3159
f 2598/678/2657 2599/947/2657 2431/653/2657
f 2428/655/2658 2427/652/2658 2439/676/2658
f 2447/680/2659 2459/706/2659 2460/681/2659
f 2438/683/2662 2450/685/2662 2451/687/2662
f 2606/949/2663 2607/950/2663 2455/689/2663
f 2455/689/2663 2443/951/2663 2600/952/2663
f 2455/689/2663 2600/952/2663 2602/953/2663
f 2608/954/2663 2606/949/2663 2455/689/2663
f 2604/955/2663 2608/954/2663 2455/689/2663
f 2455/689/2663 2602/953/2663 2601/956/2663
f 2455/689/2663 2601/956/2663 2605/690/2663
f 2603/691/2663 2604/955/2663 2455/689/2663
f 2440/692/2664 2439/688/2664 2451/687/2664
f 2444/694/2665 2443/951/2665 2455/689/2665
f 2440/692/2666 2452/693/2666 2453/696/2666
f 2444/694/2667 2456/695/2667 2457/698/2667
f 2442/700/2668 2441/697/2668 2453/696/2668
f 2446/702/2669 2445/699/2669 2457/698/2669
f 2647/957/3160 2635/958/3160 2442/700/3160
f 2442/700/2670 2454/701/2670 2644/959/2670
f 2442/700/2670 2644/959/2670 2646/960/2670
f 2648/961/2670 2647/957/2670 2442/700/2670
f 2650/962/2670 2648/961/2670 2442/700/2670
f 2442/700/2670 2646/960/2670 2645/963/2670
f 2442/700/2670 2645/963/2670 2649/964/2670
f 2651/965/2670 2650/962/2670 2442/700/2670
f 2654/966/3160 2651/965/3160 2442/700/3160
f 2442/700/2670 2649/964/2670 2653/967/2670
f 2442/700/2670 2653/967/2670 2652/704/2670
f 2655/705/2670 2654/966/2670 2442/700/2670
f 2446/702/2671 2458/703/2671 2459/706/2671
f 2456/695/2672 2470/728/2672 2471/707/2672
f 2454/701/2673 2453/696/2673 2465/708/2673
f 2458/703/2674 2457/698/2674 2471/707/2674
f 2644/959/2675 2454/701/2675 2466/709/2675
f 2466/709/2675 2467/714/2675 2656/711/2675
f 2657/712/2675 2644/959/2675 2466/709/2675
f 2458/703/2676 2472/710/2676 2473/713/2676
f 2658/968/2677 2656/711/2677 2467/714/2677
f 2467/714/2677 2659/969/2677 2661/715/2677
f 2660/716/2677 2658/968/2677 2467/714/2677
f 2459/706/2678 2473/713/2678 2474/717/2678
f 2612/970/2681 2613/734/2681 2468/721/2681
f 2468/721/3161 2609/971/3161 2610/722/3161
f 2611/723/2681 2612/970/2681 2468/721/2681
f 2451/687/2682 2450/685/2682 2462/719/2682
f 2614/972/2683 2609/971/2683 2468/721/2683
f 2468/721/2683 2469/727/2683 2455/689/2683
f 2455/689/2683 2607/950/2683 2615/725/2683
f 2615/725/2683 2614/972/2683 2468/721/2683
f 2452/693/2684 2451/687/2684 2463/724/2684
f 2456/695/2685 2455/689/2685 2469/727/2685
f 2452/693/2686 2464/726/2686 2465/708/2686
f 2613/734/2689 2616/973/2689 2483/733/2689
f 2483/733/2689 2484/762/2689 2468/721/2689
f 2463/724/2690 2462/719/2690 2476/730/2690
f 2468/721/2691 2484/762/2691 2485/736/2691
f 2463/724/2692 2477/735/2692 2478/737/2692
f 2470/728/2693 2469/727/2693 2485/736/2693
f 2464/726/2694 2478/737/2694 2479/739/2694
f 2470/728/2695 2486/738/2695 2487/740/2695
f 2466/709/2696 2465/708/2696 2479/739/2696
f 2472/710/2697 2471/707/2697 2487/740/2697
f 2466/709/2698 2480/741/2698 2481/743/2698
f 2473/713/2699 2472/710/2699 2488/742/2699
f 2659/969/2700 2467/714/2700 2481/743/2700
f 2481/743/2700 2482/747/2700 2662/745/2700
f 2662/745/3162 2664/746/3162 2663/746/3162
f 2663/746/2700 2659/969/2700 2481/743/2700
f 2473/713/2701 2489/744/2701 2491/732/2701
f 2665/974/3163 2662/745/3163 2482/747/3163
f 2482/747/3163 2483/733/3163 2616/973/3163
f 2482/747/3164 2616/973/3164 2617/975/3164
f 2666/976/3163 2665/974/3163 2482/747/3163
f 2667/977/3165 2668/978/3165 2666/976/3165
f 2618/748/3166 2669/748/3166 2670/748/3166
f 2667/977/3163 2666/976/3163 2482/747/3163
f 2670/748/3163 2667/977/3163 2482/747/3163
f 2482/747/3164 2617/975/3164 2618/748/3164
f 2480/741/2703 2479/739/2703 2495/749/2703
f 2488/742/2704 2487/740/2704 2503/751/2704
f 2480/741/2705 2496/750/2705 2497/753/2705
f 2488/742/2706 2504/752/2706 2505/754/2706
f 2482/747/2707 2481/743/2707 2497/753/2707
f 2489/744/2708 2505/754/2708 2507/756/2708
f 2483/733/2709 2482/747/2709 2498/755/2709
f 2483/733/2712 2499/757/2712 2500/761/2712
f 2476/730/2713 2492/759/2713 2493/763/2713
f 2484/762/2714 2500/761/2714 2501/764/2714
f 2478/737/2715 2477/735/2715 2493/763/2715
f 2486/738/2716 2485/736/2716 2501/764/2716
f 2478/737/2717 2494/765/2717 2495/749/2717
f 2486/738/2718 2502/766/2718 2503/751/2718
f 2499/757/2719 2516/780/2719 2517/767/2719
f 2492/759/2720 2509/782/2720 2510/768/2720
f 2500/761/2721 2517/767/2721 2518/769/2721
f 2494/765/2722 2493/763/2722 2510/768/2722
f 2502/766/2723 2501/764/2723 2518/769/2723
f 2494/765/2724 2511/770/2724 2512/772/2724
f 2502/766/2725 2519/771/2725 2520/773/2725
f 2496/750/2726 2495/749/2726 2512/772/2726
f 2504/752/2727 2503/751/2727 2520/773/2727
f 2496/750/2728 2513/774/2728 2514/776/2728
f 2504/752/2729 2521/775/2729 2523/777/2729
f 2498/755/2730 2497/753/2730 2514/776/2730
f 2505/754/2731 2523/777/2731 2526/779/2731
f 2499/757/2732 2498/755/2732 2515/778/2732
f 2521/775/2735 2520/773/2735 2538/784/2735
f 2513/774/2736 2531/800/2736 2532/786/2736
f 2521/775/2737 2540/785/2737 2542/787/2737
f 2515/778/2738 2514/776/2738 2532/786/2738
f 2523/777/2739 2542/787/2739 2544/789/2739
f 2516/780/2740 2515/778/2740 2533/788/2740
f 2516/780/2743 2534/790/2743 2535/794/2743
f 2509/782/2744 2527/792/2744 2528/795/2744
f 2517/767/2745 2535/794/2745 2536/796/2745
f 2511/770/3167 2510/768/3167 2528/795/3167
f 2519/771/2747 2518/769/2747 2536/796/2747
f 2511/770/2748 2529/797/2748 2530/799/2748
f 2519/771/2749 2537/798/2749 2538/784/2749
f 2513/774/2750 2512/772/2750 2530/799/2750
f 2527/792/2751 2546/815/2751 2547/801/2751
f 2535/794/2752 2554/817/2752 2555/802/2752
f 2529/797/2753 2528/795/2753 2547/801/2753
f 2537/798/2754 2536/796/2754 2555/802/2754
f 2529/797/2755 2548/803/2755 2549/805/2755
f 2537/798/2756 2557/804/2756 2559/806/2756
f 2531/800/2757 2530/799/2757 2549/805/2757
f 2540/785/2758 2538/784/2758 2559/806/2758
f 2531/800/2759 2550/807/2759 2551/809/2759
f 2540/785/2760 2561/808/2760 2563/810/2760
f 2533/788/2761 2532/786/2761 2551/809/2761
f 2544/789/2762 2542/787/2762 2563/810/2762
f 2534/790/2763 2533/788/2763 2552/811/2763
f 2534/790/2766 2553/813/2766 2554/817/2766
f 2551/809/2767 2550/807/2767 1814/281/2767
f 2561/808/2768 2576/252/2768 2577/257/2768
f 2552/811/2769 2551/809/2769 2570/253/2769
f 2563/810/2770 2577/257/2770 2579/261/2770
f 2553/813/2771 2552/811/2771 1818/258/2771
f 2553/813/2774 1819/263/2774 1824/269/2774
f 2547/801/2775 2546/815/2775 2567/264/2775
f 2554/817/2776 1824/269/2776 2571/273/2776
f 2548/803/2777 2547/801/2777 2568/270/2777
f 2555/802/2778 2571/273/2778 1826/277/2778
f 2549/805/2779 2548/803/2779 1813/274/2779
f 2557/804/2780 1826/277/2780 2574/250/2780
f 2550/807/2781 2549/805/2781 2569/278/2781
f 2561/808/2782 2559/806/2782 2574/250/2782
f 2575/252/2783 1855/280/2783 2573/250/2783
f 2578/257/2784 1856/251/2784 2575/252/2784
f 2580/261/2785 1859/256/2785 2578/257/2785
f 1820/263/2786 2672/262/2786 2671/820/2786
f 2580/261/2787 2393/267/2787 1863/260/2787
f 1822/269/2788 1843/262/2788 1820/263/2788
f 2572/273/2789 1848/268/2789 1822/269/2789
f 1827/277/2790 1849/272/2790 2572/273/2790
f 2573/250/2791 1853/276/2791 1827/277/2791
f 1855/280/2792 1891/297/2792 1853/276/2792
f 1856/251/2793 1894/282/2793 1855/280/2793
f 1859/256/2794 1896/284/2794 1856/251/2794
f 1863/260/2795 1899/286/2795 1859/256/2795
f 1880/289/2796 2672/262/2796 1843/262/2796
f 1863/260/2797 2393/292/2797 1902/288/2797
f 1848/268/2798 1880/289/2798 1843/262/2798
f 1849/272/2799 1886/293/2799 1848/268/2799
f 1853/276/2800 1890/295/2800 1849/272/2800
f 1902/288/2801 2393/301/2801 1938/302/2801
f 1886/293/2802 1917/303/2802 1880/289/2802
f 1890/295/2803 1923/304/2803 1886/293/2803
f 1891/297/2804 1926/306/2804 1890/295/2804
f 1894/282/2805 1929/308/2805 1891/297/2805
f 1896/284/2806 1932/310/2806 1894/282/2806
f 1899/286/2807 1934/312/2807 1896/284/2807
f 1902/288/2808 1936/314/2808 1899/286/2808
f 1880/289/2809 2674/303/2809 2673/289/2809
f 1934/312/2810 1972/332/2810 1932/310/2810
f 1936/314/2811 1974/317/2811 1934/312/2811
f 1938/302/2812 1975/319/2812 1936/314/2812
f 1917/303/2813 2675/322/2813 2674/303/2813
f 1938/302/2814 2393/325/2814 1978/321/2814
f 1923/304/2815 1956/322/2815 1917/303/2815
f 1926/306/2816 1962/326/2816 1923/304/2816
f 1929/308/2817 1967/328/2817 1926/306/2817
f 1932/310/2818 1968/330/2818 1929/308/2818
f 1962/326/2819 1995/346/2819 1956/322/2819
f 1967/328/2820 1999/333/2820 1962/326/2820
f 1968/330/2821 2003/335/2821 1967/328/2821
f 1972/332/2822 2007/337/2822 1968/330/2822
f 1974/317/2823 2011/339/2823 1972/332/2823
f 1975/319/2824 2013/341/2824 1974/317/2824
f 1978/321/2825 2014/343/2825 1975/319/2825
f 1956/322/2826 2676/346/2826 2675/322/2826
f 1978/321/2827 2393/349/2827 2017/345/2827
f 2013/341/2828 2051/365/2828 2011/339/2828
f 2014/343/2829 2053/350/2829 2013/341/2829
f 2017/345/2830 2055/352/2830 2014/343/2830
f 1995/346/2831 2677/355/2831 2676/346/2831
f 2017/345/2832 2393/358/2832 2059/354/2832
f 1999/333/2833 2038/355/2833 1995/346/2833
f 2003/335/2834 2040/359/2834 1999/333/2834
f 2007/337/2835 2045/361/2835 2003/335/2835
f 2011/339/2836 2048/363/2836 2007/337/2836
f 2045/361/2837 2081/382/2837 2040/359/2837
f 2048/363/2838 2085/367/2838 2045/361/2838
f 2051/365/2839 2087/369/2839 2048/363/2839
f 2053/350/2840 2090/371/2840 2051/365/2840
f 2055/352/2841 2092/373/2841 2053/350/2841
f 2059/354/2842 2094/375/2842 2055/352/2842
f 2038/355/2843 2678/378/2843 2677/355/2843
f 2059/354/2844 2393/381/2844 2098/377/2844
f 2040/359/2845 2075/378/2845 2038/355/2845
f 2094/375/2846 2126/400/2846 2092/373/2846
f 2098/377/2847 2128/384/2847 2094/375/2847
f 2075/378/2848 2679/388/2848 2678/378/2848
f 2098/377/2849 2393/391/2849 2129/387/2849
f 2081/382/2850 2112/388/2850 2075/378/2850
f 2085/367/2851 2115/392/2851 2081/382/2851
f 2087/369/2852 2120/394/2852 2085/367/2852
f 2090/371/2853 2122/396/2853 2087/369/2853
f 2092/373/2854 2124/398/2854 2090/371/2854
f 2145/403/2855 2120/394/2855 2122/396/2855
f 2147/405/2856 2122/396/2856 2124/398/2856
f 2148/407/2857 2124/398/2857 2126/400/2857
f 2151/409/2858 2126/400/2858 2128/384/2858
f 2152/411/2859 2128/384/2859 2129/387/2859
f 2138/412/2860 2679/388/2860 2112/388/2860
f 2393/415/2861 2152/411/2861 2129/387/2861
f 2141/416/2862 2112/388/2862 2115/392/2862
f 2142/402/2863 2115/392/2863 2120/394/2863
f 2175/421/2864 2151/409/2864 2152/411/2864
f 2162/422/2865 2680/412/2865 2138/412/2865
f 2393/425/2866 2175/421/2866 2152/411/2866
f 2164/426/2867 2138/412/2867 2141/416/2867
f 2165/428/2868 2141/416/2868 2142/402/2868
f 2167/430/2869 2142/402/2869 2145/403/2869
f 2170/432/2870 2145/403/2870 2147/405/2870
f 2172/434/2871 2147/405/2871 2148/407/2871
f 2173/420/2872 2148/407/2872 2151/409/2872
f 2191/436/2873 2165/428/2873 2167/430/2873
f 2193/438/2874 2167/430/2874 2170/432/2874
f 2195/440/2875 2170/432/2875 2172/434/2875
f 2197/442/2876 2172/434/2876 2173/420/2876
f 2198/444/2877 2173/420/2877 2175/421/2877
f 2185/445/2878 2681/422/2878 2162/422/2878
f 2393/448/2879 2198/444/2879 2175/421/2879
f 2186/449/2880 2162/422/2880 2164/426/2880
f 2189/435/2881 2164/426/2881 2165/428/2881
f 2221/453/2882 2197/442/2882 2198/444/2882
f 2207/455/2883 2682/445/2883 2185/445/2883
f 2393/458/2884 2221/453/2884 2198/444/2884
f 2210/459/2885 2185/445/2885 2186/449/2885
f 2211/461/2886 2186/449/2886 2189/435/2886
f 2213/463/2887 2189/435/2887 2191/436/2887
f 2215/465/2888 2191/436/2888 2193/438/2888
f 2217/467/2889 2193/438/2889 2195/440/2889
f 2219/452/2890 2195/440/2890 2197/442/2890
f 2238/470/2891 2213/463/2891 2215/465/2891
f 2241/472/2892 2215/465/2892 2217/467/2892
f 2243/474/2893 2217/467/2893 2219/452/2893
f 2244/476/2894 2219/452/2894 2221/453/2894
f 2231/477/2895 2683/455/2895 2207/455/2895
f 2393/480/2896 2244/476/2896 2221/453/2896
f 2233/481/2897 2207/455/2897 2210/459/2897
f 2234/483/2898 2210/459/2898 2211/461/2898
f 2237/485/2899 2211/461/2899 2213/463/2899
f 2253/487/2900 2684/477/2900 2231/477/2900
f 2393/490/2901 2267/491/2901 2244/476/2901
f 2255/492/2902 2231/477/2902 2233/481/2902
f 2257/494/2903 2233/481/2903 2234/483/2903
f 2259/496/2904 2234/483/2904 2237/485/2904
f 2261/498/2905 2237/485/2905 2238/470/2905
f 2264/500/2906 2238/470/2906 2241/472/2906
f 2266/502/2907 2241/472/2907 2243/474/2907
f 2267/491/2908 2243/474/2908 2244/476/2908
f 2285/503/2909 2259/496/2909 2261/498/2909
f 2287/506/2910 2261/498/2910 2264/500/2910
f 2288/508/2911 2264/500/2911 2266/502/2911
f 2290/510/2912 2266/502/2912 2267/491/2912
f 2276/511/2913 2685/487/2913 2253/487/2913
f 2393/514/2914 2290/510/2914 2267/491/2914
f 2253/487/2915 2278/515/2915 2276/511/2915
f 2255/492/2916 2281/517/2916 2278/515/2916
f 2282/519/2917 2257/494/2917 2259/496/2917
f 2393/520/2918 2314/521/2918 2290/510/2918
f 2276/511/2919 2301/522/2919 2299/535/2919
f 2278/515/2920 2304/525/2920 2301/522/2920
f 2305/527/2921 2281/517/2921 2282/519/2921
f 2282/519/2922 2308/529/2922 2305/527/2922
f 2311/531/2923 2285/503/2923 2287/506/2923
f 2313/533/2924 2287/506/2924 2288/508/2924
f 2314/521/2925 2288/508/2925 2290/510/2925
f 2299/535/2926 2686/511/2926 2276/511/2926
f 2330/537/2927 2311/531/2927 2332/538/2927
f 2332/538/2928 2313/533/2928 2334/540/2928
f 2582/821/2929 2621/821/2929 2688/822/2929
f 2314/521/2930 2334/540/2930 2313/533/2930
f 2581/823/2931 2687/535/2931 2299/535/2931
f 2582/821/2932 2688/822/2932 2624/824/2932
f 2336/542/2933 2314/521/2933 2393/546/2933
f 2301/522/2934 2584/825/2934 2581/823/2934
f 2324/547/2935 2304/525/2935 2326/549/2935
f 2326/549/2936 2305/527/2936 2329/551/2936
f 2329/551/2937 2308/529/2937 2330/537/2937
f 2326/549/2938 2586/826/2938 2585/827/2938
f 2329/551/2939 2587/828/2939 2326/549/2939
f 2330/537/2940 2590/829/2940 2588/830/2940
f 2349/560/2941 2332/538/2941 2351/562/2941
f 2351/562/2942 2334/540/2942 2353/564/2942
f 2353/564/2943 2336/542/2943 2355/566/2943
f 2355/566/2944 2336/542/2944 2393/569/2944
f 2324/547/2945 2583/831/2945 2584/825/2945
f 2369/587/2946 2353/564/2946 2371/572/2946
f 2371/572/2947 2355/566/2947 2373/574/2947
f 2373/574/2948 2355/566/2948 2393/578/2948
f 2349/560/2949 2589/832/2949 2590/829/2949
f 2591/833/2950 2351/562/2950 2369/587/2950
f 2369/587/2951 2593/834/2951 2592/835/2951
f 2369/587/2952 2388/596/2952 2595/836/2952
f 2388/596/2953 2373/574/2953 2390/598/2953
f 2390/598/2954 2373/574/2954 2393/602/2954
f 2596/837/2955 2595/836/2955 2388/596/2955
f 2596/837/2956 2390/598/2956 2409/608/2956
f 2409/608/2957 2390/598/2957 2393/612/2957
f 2409/608/2958 2598/838/2958 2597/839/2958
f 2425/632/2959 2409/608/2959 2393/636/2959
f 2425/632/2960 2599/840/2960 2598/838/2960
f 2437/641/2961 2425/632/2961 2393/649/2961
f 2599/840/2962 2449/672/2962 2602/841/2962
f 2449/672/2963 2437/641/2963 2393/675/2963
f 2602/842/2964 2461/681/2964 2601/843/2964
f 2461/681/2965 2449/682/2965 2393/686/2965
f 2601/843/2966 2475/717/2966 2605/844/2966
f 2475/717/2967 2461/681/2967 2393/720/2967
f 2490/732/2968 2475/717/2968 2393/731/2968
f 2605/844/2969 2490/732/2969 2603/845/2969
f 2608/846/2970 2604/847/2970 2506/754/2970
f 2490/732/2971 2506/754/2971 2604/847/2971
f 2508/756/2972 2490/732/2972 2393/760/2972
f 2607/848/2973 2522/775/2973 2615/849/2973
f 2608/846/2974 2524/777/2974 2522/775/2974
f 2506/754/2975 2525/779/2975 2524/777/2975
f 2525/779/2976 2508/756/2976 2393/783/2976
f 2522/775/2977 2539/784/2977 2614/850/2977
f 2522/775/2978 2543/787/2978 2541/785/2978
f 2524/777/2979 2545/789/2979 2543/787/2979
f 2545/789/2980 2525/779/2980 2393/793/2980
f 2539/784/2981 2609/851/2981 2614/850/2981
f 2612/852/2982 2617/853/2982 2616/854/2982
f 2558/804/2983 2612/852/2983 2611/855/2983
f 2539/784/2984 2558/804/2984 2611/855/2984
f 2539/784/2985 2562/808/2985 2560/806/2985
f 2541/785/2986 2564/810/2986 2562/808/2986
f 2543/787/2987 2566/812/2987 2564/810/2987
f 2566/812/2988 2545/789/2988 2393/816/2988
f 2562/808/2989 2578/257/2989 2575/252/2989
f 2690/856/2990 2692/857/2990 2689/858/2990
f 2580/261/2991 2564/810/2991 2566/812/2991
f 1820/263/2992 2671/820/2992 2696/859/2992
f 2666/860/2993 2693/861/2993 2694/862/2993
f 2566/812/2994 2393/819/2994 2580/261/2994
f 1822/269/2995 2697/863/2995 2699/864/2995
f 1822/269/2996 2617/853/2996 2703/865/2996
f 2617/853/2996 2556/802/2996 2701/866/2996
f 2556/802/2997 1827/277/2997 2572/273/2997
f 2573/250/2998 2558/804/2998 2560/806/2998
f 2560/806/2999 2575/252/2999 2573/250/2999
f 2575/252/2783 1856/251/2783 1855/280/2783
f 2578/257/2784 1859/256/2784 1856/251/2784
f 2580/261/2785 1863/260/2785 1859/256/2785
f 1820/263/2786 1843/262/2786 2672/262/2786
f 1822/269/2788 1848/268/2788 1843/262/2788
f 2572/273/2789 1849/272/2789 1848/268/2789
f 1827/277/2790 1853/276/2790 1849/272/2790
f 2573/250/2791 1855/280/2791 1853/276/2791
f 1855/280/2792 1894/282/2792 1891/297/2792
f 1856/251/2793 1896/284/2793 1894/282/2793
f 1859/256/2794 1899/286/2794 1896/284/2794
f 1863/260/2795 1902/288/2795 1899/286/2795
f 1880/289/2796 2673/289/2796 2672/262/2796
f 1848/268/2798 1886/293/2798 1880/289/2798
f 1849/272/2799 1890/295/2799 1886/293/2799
f 1853/276/2800 1891/297/2800 1890/295/2800
f 1886/293/2802 1923/304/2802 1917/303/2802
f 1890/295/2803 1926/306/2803 1923/304/2803
f 1891/297/2804 1929/308/2804 1926/306/2804
f 1894/282/2805 1932/310/2805 1929/308/2805
f 1896/284/2806 1934/312/2806 1932/310/2806
f 1899/286/2807 1936/314/2807 1934/312/2807
f 1902/288/2808 1938/302/2808 1936/314/2808
f 1880/289/2809 1917/303/2809 2674/303/2809
f 1934/312/2810 1974/317/2810 1972/332/2810
f 1936/314/2811 1975/319/2811 1974/317/2811
f 1938/302/2812 1978/321/2812 1975/319/2812
f 1917/303/2813 1956/322/2813 2675/322/2813
f 1923/304/2815 1962/326/2815 1956/322/2815
f 1926/306/2816 1967/328/2816 1962/326/2816
f 1929/308/2817 1968/330/2817 1967/328/2817
f 1932/310/2818 1972/332/2818 1968/330/2818
f 1962/326/2819 1999/333/2819 1995/346/2819
f 1967/328/2820 2003/335/2820 1999/333/2820
f 1968/330/2821 2007/337/2821 2003/335/2821
f 1972/332/2822 2011/339/2822 2007/337/2822
f 1974/317/2823 2013/341/2823 2011/339/2823
f 1975/319/2824 2014/343/2824 2013/341/2824
f 1978/321/2825 2017/345/2825 2014/343/2825
f 1956/322/2826 1995/346/2826 2676/346/2826
f 2013/341/2828 2053/350/2828 2051/365/2828
f 2014/343/2829 2055/352/2829 2053/350/2829
f 2017/345/2830 2059/354/2830 2055/352/2830
f 1995/346/2831 2038/355/2831 2677/355/2831
f 1999/333/2833 2040/359/2833 2038/355/2833
f 2003/335/2834 2045/361/2834 2040/359/2834
f 2007/337/2835 2048/363/2835 2045/361/2835
f 2011/339/2836 2051/365/2836 2048/363/2836
f 2045/361/2837 2085/367/2837 2081/382/2837
f 2048/363/2838 2087/369/2838 2085/367/2838
f 2051/365/2839 2090/371/2839 2087/369/2839
f 2053/350/2840 2092/373/2840 2090/371/2840
f 2055/352/2841 2094/375/2841 2092/373/2841
f 2059/354/2842 2098/377/2842 2094/375/2842
f 2038/355/2843 2075/378/2843 2678/378/2843
f 2040/359/2845 2081/382/2845 2075/378/2845
f 2094/375/2846 2128/384/2846 2126/400/2846
f 2098/377/2847 2129/387/2847 2128/384/2847
f 2075/378/2848 2112/388/2848 2679/388/2848
f 2081/382/2850 2115/392/2850 2112/388/2850
f 2085/367/2851 2120/394/2851 2115/392/2851
f 2087/369/2852 2122/396/2852 2120/394/2852
f 2090/371/2853 2124/398/2853 2122/396/2853
f 2092/373/2854 2126/400/2854 2124/398/2854
f 2145/403/2855 2142/402/2855 2120/394/2855
f 2147/405/2856 2145/403/2856 2122/396/2856
f 2148/407/2857 2147/405/2857 2124/398/2857
f 2151/409/2858 2148/407/2858 2126/400/2858
f 2152/411/2859 2151/409/2859 2128/384/2859
f 2138/412/2860 2680/412/2860 2679/388/2860
f 2141/416/2862 2138/412/2862 2112/388/2862
f 2142/402/2863 2141/416/2863 2115/392/2863
f 2175/421/2864 2173/420/2864 2151/409/2864
f 2162/422/2865 2681/422/2865 2680/412/2865
f 2164/426/2867 2162/422/2867 2138/412/2867
f 2165/428/2868 2164/426/2868 2141/416/2868
f 2167/430/2869 2165/428/2869 2142/402/2869
f 2170/432/2870 2167/430/2870 2145/403/2870
f 2172/434/2871 2170/432/2871 2147/405/2871
f 2173/420/2872 2172/434/2872 2148/407/2872
f 2191/436/2873 2189/435/2873 2165/428/2873
f 2193/438/2874 2191/436/2874 2167/430/2874
f 2195/440/2875 2193/438/2875 2170/432/2875
f 2197/442/2876 2195/440/2876 2172/434/2876
f 2198/444/2877 2197/442/2877 2173/420/2877
f 2185/445/3087 2682/445/3087 2681/422/3087
f 2186/449/2880 2185/445/2880 2162/422/2880
f 2189/435/2881 2186/449/2881 2164/426/2881
f 2221/453/2882 2219/452/2882 2197/442/2882
f 2207/455/3168 2683/455/3168 2682/445/3168
f 2210/459/2885 2207/455/2885 2185/445/2885
f 2211/461/2886 2210/459/2886 2186/449/2886
f 2213/463/2887 2211/461/2887 2189/435/2887
f 2215/465/2888 2213/463/2888 2191/436/2888
f 2217/467/2889 2215/465/2889 2193/438/2889
f 2219/452/2890 2217/467/2890 2195/440/2890
f 2238/470/2891 2237/485/2891 2213/463/2891
f 2241/472/2892 2238/470/2892 2215/465/2892
f 2243/474/2893 2241/472/2893 2217/467/2893
f 2244/476/2894 2243/474/2894 2219/452/2894
f 2231/477/3169 2684/477/3169 2683/455/3169
f 2233/481/2897 2231/477/2897 2207/455/2897
f 2234/483/2898 2233/481/2898 2210/459/2898
f 2237/485/2899 2234/483/2899 2211/461/2899
f 2253/487/2900 2685/487/2900 2684/477/2900
f 2255/492/2902 2253/487/2902 2231/477/2902
f 2257/494/2903 2255/492/2903 2233/481/2903
f 2259/496/2904 2257/494/2904 2234/483/2904
f 2261/498/2905 2259/496/2905 2237/485/2905
f 2264/500/2906 2261/498/2906 2238/470/2906
f 2266/502/2907 2264/500/2907 2241/472/2907
f 2267/491/2908 2266/502/2908 2243/474/2908
f 2285/503/2909 2282/519/2909 2259/496/2909
f 2287/506/2910 2285/503/2910 2261/498/2910
f 2288/508/3170 2287/506/3170 2264/500/3170
f 2290/510/2912 2288/508/2912 2266/502/2912
f 2276/511/3119 2686/511/3119 2685/487/3119
f 2253/487/2915 2255/492/2915 2278/515/2915
f 2255/492/2916 2257/494/2916 2281/517/2916
f 2282/519/2917 2281/517/2917 2257/494/2917
f 2276/511/2919 2278/515/2919 2301/522/2919
f 2278/515/2920 2281/517/2920 2304/525/2920
f 2305/527/2921 2304/525/2921 2281/517/2921
f 2282/519/2922 2285/503/2922 2308/529/2922
f 2311/531/2923 2308/529/2923 2285/503/2923
f 2313/533/2924 2311/531/2924 2287/506/2924
f 2314/521/2925 2313/533/2925 2288/508/2925
f 2299/535/2926 2687/535/2926 2686/511/2926
f 2330/537/2927 2308/529/2927 2311/531/2927
f 2332/538/2928 2311/531/2928 2313/533/2928
f 2314/521/2930 2336/542/2930 2334/540/2930
f 2581/823/3171 2623/823/3171 2687/535/3171
f 2581/823/2934 2299/535/2934 2301/522/2934
f 2301/522/2934 2324/547/2934 2584/825/2934
f 2324/547/2935 2301/522/2935 2304/525/2935
f 2326/549/2936 2304/525/2936 2305/527/2936
f 2329/551/2937 2305/527/2937 2308/529/2937
f 2585/827/2938 2324/547/2938 2326/549/2938
f 2326/549/2938 2587/828/2938 2586/826/2938
f 2329/551/2939 2588/830/2939 2587/828/2939
f 2588/830/2940 2329/551/2940 2330/537/2940
f 2330/537/2940 2349/560/2940 2590/829/2940
f 2349/560/2941 2330/537/2941 2332/538/2941
f 2351/562/2942 2332/538/2942 2334/540/2942
f 2353/564/2943 2334/540/2943 2336/542/2943
f 2324/547/3172 2585/827/3172 2583/831/3172
f 2369/587/2946 2351/562/2946 2353/564/2946
f 2371/572/2947 2353/564/2947 2355/566/2947
f 2349/560/2949 2591/833/2949 2589/832/2949
f 2369/587/2950 2592/835/2950 2591/833/2950
f 2591/833/2950 2349/560/2950 2351/562/2950
f 2369/587/2951 2594/979/2951 2593/834/2951
f 2595/836/2952 2594/979/2952 2369/587/2952
f 2369/587/2952 2371/572/2952 2388/596/2952
f 2388/596/2953 2371/572/2953 2373/574/2953
f 2409/608/2956 2597/839/2956 2596/837/2956
f 2596/837/2956 2388/596/2956 2390/598/2956
f 2409/608/2958 2425/632/2958 2598/838/2958
f 2425/632/3173 2437/641/3173 2599/840/3173
f 2602/841/2962 2600/980/2962 2599/840/2962
f 2599/840/2962 2437/641/2962 2449/672/2962
f 2602/842/2964 2449/682/2964 2461/681/2964
f 2601/843/2966 2461/681/2966 2475/717/2966
f 2605/844/2969 2475/717/2969 2490/732/2969
f 2604/847/2971 2603/845/2971 2490/732/2971
f 2490/732/2971 2508/756/2971 2506/754/2971
f 2607/848/2973 2606/981/2973 2522/775/2973
f 2522/775/2974 2606/981/2974 2608/846/2974
f 2608/846/2974 2506/754/2974 2524/777/2974
f 2506/754/2975 2508/756/2975 2525/779/2975
f 2614/850/3174 2615/849/3174 2522/775/3174
f 2522/775/3174 2541/785/3174 2539/784/3174
f 2522/775/2978 2524/777/2978 2543/787/2978
f 2524/777/2979 2525/779/2979 2545/789/2979
f 2539/784/2981 2610/982/2981 2609/851/2981
f 2616/854/3175 2613/983/3175 2612/852/3175
f 2612/852/3175 2556/802/3175 2617/853/3175
f 2558/804/2983 2556/802/2983 2612/852/2983
f 2611/855/2984 2610/982/2984 2539/784/2984
f 2539/784/2984 2560/806/2984 2558/804/2984
f 2539/784/2985 2541/785/2985 2562/808/2985
f 2541/785/2986 2543/787/2986 2564/810/2986
f 2543/787/2987 2545/789/2987 2566/812/2987
f 2562/808/2989 2564/810/2989 2578/257/2989
f 2690/856/2990 2691/984/2990 2692/857/2990
f 2580/261/2991 2578/257/2991 2564/810/2991
f 2694/862/2993 2695/985/2993 2666/860/2993
f 2666/860/2993 2668/986/2993 2693/861/2993
f 2699/864/3176 2669/918/3176 2618/918/3176
f 1820/263/2995 2696/859/2995 2698/987/2995
f 1820/263/2995 2698/987/2995 2697/863/2995
f 2699/864/3177 2618/918/3177 1822/269/3177
f 1822/269/2995 1820/263/2995 2697/863/2995
f 2704/988/2996 2572/273/2996 1822/269/2996
f 1822/269/3178 2618/918/3178 2617/853/3178
f 2617/853/2996 2705/989/2996 2703/865/2996
f 2703/865/2996 2704/988/2996 1822/269/2996
f 2702/915/2996 2705/989/2996 2617/853/2996
f 2556/802/2996 2572/273/2996 2704/988/2996
f 2704/988/3178 2700/916/3178 2701/866/3178
f 2701/866/2996 2702/915/2996 2617/853/2996
f 2556/802/2996 2704/988/2996 2701/866/2996
f 2556/802/2997 2558/804/2997 1827/277/2997
f 2573/250/2998 1827/277/2998 2558/804/2998
f 2560/806/2999 2562/808/2999 2575/252/2999
f 1815/281/3000 1829/255/3000 1828/254/3000
f 2306/253/3001 1831/259/3001 1829/255/3001
f 1816/258/3002 1832/262/3002 1831/259/3002
f 1832/262/2786 2671/820/2786 2672/262/2786
f 2646/867/3003 1821/271/3003 2645/868/3003
f 1821/271/3004 2644/869/3004 2657/870/3004
f 1823/275/3005 2656/871/3005 2658/872/3005
f 1815/281/3006 1825/279/3006 2658/872/3006
f 1825/279/3007 1844/283/3007 1842/298/3007
f 1828/254/3008 1846/285/3008 1844/283/3008
f 1829/255/3009 1847/287/3009 1846/285/3009
f 1831/259/3010 1850/289/3010 1847/287/3010
f 1850/289/3011 2672/262/3011 2673/289/3011
f 2645/868/3012 1838/294/3012 2649/873/3012
f 1839/296/3013 1821/271/3013 1823/275/3013
f 1842/298/3014 1823/275/3014 1825/279/3014
f 1858/300/3015 2652/874/3015 2653/875/3015
f 1871/303/2809 2673/289/2809 2674/303/2809
f 2653/875/3016 1838/294/3016 1861/305/3016
f 1838/294/3017 1862/307/3017 1861/305/3017
f 1865/309/3018 1839/296/3018 1842/298/3018
f 1842/298/3019 1866/311/3019 1865/309/3019
f 1844/283/3020 1868/313/3020 1866/311/3020
f 1846/285/3021 1869/315/3021 1868/313/3021
f 1847/287/3022 1871/303/3022 1869/315/3022
f 1865/309/3023 1883/316/3023 1881/331/3023
f 1866/311/3024 1885/318/3024 1883/316/3024
f 1868/313/3025 1888/320/3025 1885/318/3025
f 1869/315/3026 1889/322/3026 1888/320/3026
f 1876/324/3027 2652/876/3027 1858/300/3027
f 1889/322/3028 2674/303/3028 2675/322/3028
f 1858/300/3029 1877/327/3029 1876/324/3029
f 1861/305/3030 1879/329/3030 1877/327/3030
f 1862/307/3031 1881/331/3031 1879/329/3031
f 1910/346/2826 2675/322/2826 2676/346/2826
f 1876/324/3032 1900/334/3032 1898/348/3032
f 1877/327/3033 1903/336/3033 1900/334/3033
f 1879/329/3034 1904/338/3034 1903/336/3034
f 1881/331/3035 1906/340/3035 1904/338/3035
f 1883/316/3036 1907/342/3036 1906/340/3036
f 1885/318/3037 1909/344/3037 1907/342/3037
f 1888/320/3038 1910/346/3038 1909/344/3038
f 1898/348/3039 2655/877/3039 1876/324/3039
f 1906/340/3040 1925/351/3040 1924/366/3040
f 1907/342/3041 1927/353/3041 1925/351/3041
f 1909/344/3042 1930/355/3042 1927/353/3042
f 1916/357/3043 2654/878/3043 1898/348/3043
f 1930/355/3044 2676/346/3044 2677/355/3044
f 1898/348/3045 1918/360/3045 1916/357/3045
f 1900/334/3046 1919/362/3046 1918/360/3046
f 1903/336/3047 1921/364/3047 1919/362/3047
f 1904/338/3048 1924/366/3048 1921/364/3048
f 1918/360/3049 1943/368/3049 1940/383/3049
f 1919/362/3050 1944/370/3050 1943/368/3050
f 1921/364/3051 1945/372/3051 1944/370/3051
f 1924/366/3052 1947/374/3052 1945/372/3052
f 1925/351/3053 1948/376/3053 1947/374/3053
f 1927/353/3054 1950/378/3054 1948/376/3054
f 1939/380/3055 2651/879/3055 1916/357/3055
f 1950/378/2843 2677/355/2843 2678/378/2843
f 1916/357/3056 1940/383/3056 1939/380/3056
f 1947/374/3057 1966/386/3057 1965/385/3057
f 1948/376/3058 1969/388/3058 1966/386/3058
f 1954/390/3059 2650/880/3059 1939/380/3059
f 1950/378/2848 2679/388/2848 1969/388/2848
f 1939/380/3060 1957/393/3060 1954/390/3060
f 1940/383/3061 1959/395/3061 1957/393/3061
f 1943/368/3062 1961/397/3062 1959/395/3062
f 1944/370/3063 1963/399/3063 1961/397/3063
f 1945/372/3064 1965/385/3064 1963/399/3064
f 1980/417/3065 1959/395/3065 1982/401/3065
f 1961/397/3066 1982/401/3066 1959/395/3066
f 1983/404/3067 1963/399/3067 1984/406/3067
f 1965/385/3068 1984/406/3068 1963/399/3068
f 1986/408/3069 1966/386/3069 1987/410/3069
f 1987/410/3070 1969/388/3070 1989/412/3070
f 1954/390/3071 2647/881/3071 2648/882/3071
f 1969/388/2860 2680/412/2860 1989/412/2860
f 1957/393/3072 1977/414/3072 1954/390/3072
f 2004/418/3073 1987/410/3073 2006/419/3073
f 2006/419/3074 1989/412/3074 2008/422/3074
f 1977/414/3075 2636/883/3075 2635/884/3075
f 1989/412/2865 2681/422/2865 2008/422/2865
f 1980/417/3076 1994/424/3076 1977/414/3076
f 1996/427/3077 1982/401/3077 1997/429/3077
f 1997/429/3078 1983/404/3078 2000/431/3078
f 2000/431/3079 1984/406/3079 2002/433/3079
f 2002/433/3080 1986/408/3080 2004/418/3080
f 2021/451/3081 2000/431/3081 2022/437/3081
f 2022/437/3082 2002/433/3082 2023/439/3082
f 2023/439/3083 2004/418/3083 2026/441/3083
f 2026/441/3084 2006/419/3084 2027/443/3084
f 2027/443/3085 2008/422/3085 2028/445/3085
f 1994/424/3086 2639/885/3086 2636/886/3086
f 2008/422/3087 2682/445/3087 2028/445/3087
f 1996/427/3088 2016/447/3088 1994/424/3088
f 1997/429/3089 2018/450/3089 1996/427/3089
f 2044/454/3090 2028/445/3090 2047/455/3090
f 2016/447/3091 2640/887/3091 2639/888/3091
f 2028/445/2883 2683/455/2883 2047/455/2883
f 2018/450/3092 2033/457/3092 2016/447/3092
f 2021/451/3093 2035/460/3093 2018/450/3093
f 2037/462/3094 2022/437/3094 2039/464/3094
f 2039/464/3095 2023/439/3095 2041/466/3095
f 2041/466/3096 2026/441/3096 2043/468/3096
f 2043/468/3097 2027/443/3097 2044/454/3097
f 2060/484/3098 2039/464/3098 2061/469/3098
f 2061/469/3099 2041/466/3099 2063/471/3099
f 2063/471/3100 2043/468/3100 2064/473/3100
f 2064/473/3101 2044/454/3101 2066/475/3101
f 2066/475/3102 2047/455/3102 2068/477/3102
f 2033/457/3103 2643/889/3103 2640/890/3103
f 2047/455/2895 2684/477/2895 2068/477/2895
f 2035/460/3104 2056/479/3104 2033/457/3104
f 2037/462/3105 2058/482/3105 2035/460/3105
f 2084/486/3106 2068/477/3106 2086/487/3106
f 2056/479/3107 2641/891/3107 2643/892/3107
f 2068/477/2900 2685/487/2900 2086/487/2900
f 2058/482/3108 2073/489/3108 2056/479/3108
f 2060/484/3109 2074/493/3109 2058/482/3109
f 2061/469/3110 2076/495/3110 2060/484/3110
f 2078/497/3111 2063/471/3111 2079/499/3111
f 2079/499/3112 2064/473/3112 2082/501/3112
f 2082/501/3113 2066/475/3113 2084/486/3113
f 2079/499/3114 2099/504/3114 2078/497/3114
f 2082/501/3115 2101/505/3115 2079/499/3115
f 2084/486/3116 2102/507/3116 2082/501/3116
f 2086/487/3117 2104/509/3117 2084/486/3117
f 2641/893/3118 2073/489/3118 2642/894/3118
f 2105/511/3119 2685/487/3119 2686/511/3119
f 2074/493/3120 2638/895/3120 2642/894/3120
f 2076/495/3121 2095/516/3121 2074/493/3121
f 2078/497/3122 2097/518/3122 2076/495/3122
f 2105/511/3123 2687/535/3123 2119/535/3123
f 2638/895/3124 2095/516/3124 2637/896/3124
f 2097/518/3125 2632/897/3125 2637/896/3125
f 2099/504/3126 2627/898/3126 2633/899/3126
f 2101/505/3127 2631/900/3127 2628/901/3127
f 2102/507/3128 2113/530/3128 2101/505/3128
f 2104/509/3129 2116/532/3129 2102/507/3129
f 2105/511/3130 2118/534/3130 2104/509/3130
f 2113/530/3131 2629/902/3131 2630/903/3131
f 2118/534/3132 2619/904/3132 2629/902/3132
f 2688/822/2932 2118/534/2932 2622/823/2932
f 2119/535/3133 2623/823/3133 2622/823/3133
f 2627/898/3134 2626/905/3134 2634/906/3134
f 2113/530/3135 2630/903/3135 2631/900/3135
f 2306/253/3136 2661/907/3136 2659/908/3136
f 2665/909/2990 1816/258/2990 2692/910/2990
f 2306/253/2990 2664/911/2990 2691/912/2990
f 1817/263/2993 1816/258/2993 2694/913/2993
f 2667/914/2995 2699/864/2995 2696/859/2995
f 2702/915/2996 2700/916/2996 2703/865/2996
f 2670/917/3137 2669/918/3137 2699/864/3137
f 1815/281/3138 2660/919/3138 2661/907/3138
f 1815/281/3000 2306/253/3000 1829/255/3000
f 2306/253/3001 1816/258/3001 1831/259/3001
f 1816/258/3002 1817/263/3002 1832/262/3002
f 1832/262/2786 1817/263/2786 2671/820/2786
f 2657/870/3004 1823/275/3004 1821/271/3004
f 1821/271/3004 2646/867/3004 2644/869/3004
f 2658/872/3005 1825/279/3005 1823/275/3005
f 1823/275/3005 2657/870/3005 2656/871/3005
f 2658/872/3179 2660/919/3179 1815/281/3179
f 1815/281/3006 1828/254/3006 1825/279/3006
f 1825/279/3007 1828/254/3007 1844/283/3007
f 1828/254/3008 1829/255/3008 1846/285/3008
f 1829/255/3009 1831/259/3009 1847/287/3009
f 1831/259/3010 1832/262/3010 1850/289/3010
f 1850/289/2796 1832/262/2796 2672/262/2796
f 2645/868/3012 1821/271/3012 1838/294/3012
f 1839/296/3013 1838/294/3013 1821/271/3013
f 1842/298/3014 1839/296/3014 1823/275/3014
f 1871/303/3180 1850/289/3180 2673/289/3180
f 1861/305/3181 1858/300/3181 2653/875/3181
f 2653/875/3182 2649/873/3182 1838/294/3182
f 1838/294/3017 1839/296/3017 1862/307/3017
f 1865/309/3018 1862/307/3018 1839/296/3018
f 1842/298/3019 1844/283/3019 1866/311/3019
f 1844/283/3020 1846/285/3020 1868/313/3020
f 1846/285/3021 1847/287/3021 1869/315/3021
f 1847/287/3022 1850/289/3022 1871/303/3022
f 1865/309/3023 1866/311/3023 1883/316/3023
f 1866/311/3024 1868/313/3024 1885/318/3024
f 1868/313/3025 1869/315/3025 1888/320/3025
f 1869/315/3026 1871/303/3026 1889/322/3026
f 1876/324/3027 2655/990/3027 2652/876/3027
f 1889/322/2813 1871/303/2813 2674/303/2813
f 1858/300/3029 1861/305/3029 1877/327/3029
f 1861/305/3030 1862/307/3030 1879/329/3030
f 1862/307/3031 1865/309/3031 1881/331/3031
f 1910/346/3183 1889/322/3183 2675/322/3183
f 1876/324/3032 1877/327/3032 1900/334/3032
f 1877/327/3033 1879/329/3033 1903/336/3033
f 1879/329/3034 1881/331/3034 1904/338/3034
f 1881/331/3035 1883/316/3035 1906/340/3035
f 1883/316/3036 1885/318/3036 1907/342/3036
f 1885/318/3037 1888/320/3037 1909/344/3037
f 1888/320/3038 1889/322/3038 1910/346/3038
f 1898/348/3039 2654/991/3039 2655/877/3039
f 1906/340/3040 1907/342/3040 1925/351/3040
f 1907/342/3041 1909/344/3041 1927/353/3041
f 1909/344/3042 1910/346/3042 1930/355/3042
f 1916/357/3043 2651/992/3043 2654/878/3043
f 1930/355/2831 1910/346/2831 2676/346/2831
f 1898/348/3045 1900/334/3045 1918/360/3045
f 1900/334/3046 1903/336/3046 1919/362/3046
f 1903/336/3047 1904/338/3047 1921/364/3047
f 1904/338/3048 1906/340/3048 1924/366/3048
f 1918/360/3049 1919/362/3049 1943/368/3049
f 1919/362/3050 1921/364/3050 1944/370/3050
f 1921/364/3051 1924/366/3051 1945/372/3051
f 1924/366/3052 1925/351/3052 1947/374/3052
f 1925/351/3053 1927/353/3053 1948/376/3053
f 1927/353/3054 1930/355/3054 1950/378/3054
f 1939/380/3055 2650/993/3055 2651/879/3055
f 1950/378/3184 1930/355/3184 2677/355/3184
f 1916/357/3185 1918/360/3185 1940/383/3185
f 1947/374/3057 1948/376/3057 1966/386/3057
f 1948/376/3058 1950/378/3058 1969/388/3058
f 1954/390/3059 2648/994/3059 2650/880/3059
f 1950/378/2848 2678/378/2848 2679/388/2848
f 1939/380/3060 1940/383/3060 1957/393/3060
f 1940/383/3061 1943/368/3061 1959/395/3061
f 1943/368/3062 1944/370/3062 1961/397/3062
f 1944/370/3063 1945/372/3063 1963/399/3063
f 1945/372/3064 1947/374/3064 1965/385/3064
f 1980/417/3065 1957/393/3065 1959/395/3065
f 1961/397/3066 1983/404/3066 1982/401/3066
f 1983/404/3067 1961/397/3067 1963/399/3067
f 1965/385/3068 1986/408/3068 1984/406/3068
f 1986/408/3069 1965/385/3069 1966/386/3069
f 1987/410/3070 1966/386/3070 1969/388/3070
f 1954/390/3071 1977/414/3071 2647/881/3071
f 1969/388/2860 2679/388/2860 2680/412/2860
f 1957/393/3072 1980/417/3072 1977/414/3072
f 2004/418/3073 1986/408/3073 1987/410/3073
f 2006/419/3074 1987/410/3074 1989/412/3074
f 2635/884/3186 2647/995/3186 1977/414/3186
f 1977/414/3075 1994/424/3075 2636/883/3075
f 1989/412/3187 2680/412/3187 2681/422/3187
f 1980/417/3076 1996/427/3076 1994/424/3076
f 1996/427/3077 1980/417/3077 1982/401/3077
f 1997/429/3078 1982/401/3078 1983/404/3078
f 2000/431/3079 1983/404/3079 1984/406/3079
f 2002/433/3080 1984/406/3080 1986/408/3080
f 2021/451/3081 1997/429/3081 2000/431/3081
f 2022/437/3082 2000/431/3082 2002/433/3082
f 2023/439/3083 2002/433/3083 2004/418/3083
f 2026/441/3084 2004/418/3084 2006/419/3084
f 2027/443/3085 2006/419/3085 2008/422/3085
f 1994/424/3086 2016/447/3086 2639/885/3086
f 2008/422/2878 2681/422/2878 2682/445/2878
f 1996/427/3088 2018/450/3088 2016/447/3088
f 1997/429/3089 2021/451/3089 2018/450/3089
f 2044/454/3090 2027/443/3090 2028/445/3090
f 2016/447/3188 2033/457/3188 2640/887/3188
f 2028/445/2883 2682/445/2883 2683/455/2883
f 2018/450/3092 2035/460/3092 2033/457/3092
f 2021/451/3093 2037/462/3093 2035/460/3093
f 2037/462/3094 2021/451/3094 2022/437/3094
f 2039/464/3095 2022/437/3095 2023/439/3095
f 2041/466/3096 2023/439/3096 2026/441/3096
f 2043/468/3097 2026/441/3097 2027/443/3097
f 2060/484/3098 2037/462/3098 2039/464/3098
f 2061/469/3099 2039/464/3099 2041/466/3099
f 2063/471/3100 2041/466/3100 2043/468/3100
f 2064/473/3101 2043/468/3101 2044/454/3101
f 2066/475/3102 2044/454/3102 2047/455/3102
f 2033/457/3103 2056/479/3103 2643/889/3103
f 2047/455/2895 2683/455/2895 2684/477/2895
f 2035/460/3104 2058/482/3104 2056/479/3104
f 2037/462/3105 2060/484/3105 2058/482/3105
f 2084/486/3106 2066/475/3106 2068/477/3106
f 2056/479/3189 2073/489/3189 2641/891/3189
f 2068/477/3190 2684/477/3190 2685/487/3190
f 2058/482/3108 2074/493/3108 2073/489/3108
f 2060/484/3109 2076/495/3109 2074/493/3109
f 2061/469/3110 2078/497/3110 2076/495/3110
f 2078/497/3111 2061/469/3111 2063/471/3111
f 2079/499/3112 2063/471/3112 2064/473/3112
f 2082/501/3113 2064/473/3113 2066/475/3113
f 2079/499/3114 2101/505/3114 2099/504/3114
f 2082/501/3115 2102/507/3115 2101/505/3115
f 2084/486/3116 2104/509/3116 2102/507/3116
f 2086/487/3117 2105/511/3117 2104/509/3117
f 2105/511/3119 2086/487/3119 2685/487/3119
f 2642/894/3191 2073/489/3191 2074/493/3191
f 2074/493/3120 2095/516/3120 2638/895/3120
f 2076/495/3121 2097/518/3121 2095/516/3121
f 2078/497/3122 2099/504/3122 2097/518/3122
f 2105/511/2926 2686/511/2926 2687/535/2926
f 2637/896/3125 2095/516/3125 2097/518/3125
f 2097/518/3125 2633/899/3125 2632/897/3125
f 2633/899/3126 2097/518/3126 2099/504/3126
f 2099/504/3192 2628/901/3192 2627/898/3192
f 2627/898/3126 2634/906/3126 2633/899/3126
f 2628/901/3193 2099/504/3193 2101/505/3193
f 2101/505/3193 2113/530/3193 2631/900/3193
f 2102/507/3128 2116/532/3128 2113/530/3128
f 2104/509/3129 2118/534/3129 2116/532/3129
f 2105/511/3130 2119/535/3130 2118/534/3130
f 2113/530/3131 2116/532/3131 2629/902/3131
f 2629/902/3132 2116/532/3132 2118/534/3132
f 2118/534/3132 2620/821/3132 2619/904/3132
f 2619/904/3132 2625/996/3132 2629/902/3132
f 2688/822/3194 2621/821/3194 2620/821/3194
f 2118/534/2932 2119/535/2932 2622/823/2932
f 2622/823/2932 2624/997/2932 2688/822/2932
f 2688/822/3195 2620/821/3195 2118/534/3195
f 2119/535/2931 2687/535/2931 2623/823/2931
f 2659/908/3136 2663/998/3136 2306/253/3136
f 2306/253/3196 1815/281/3196 2661/907/3196
f 2692/910/2990 2691/912/2990 2664/911/2990
f 2664/911/2990 2662/999/2990 2665/909/2990
f 1816/258/2990 2306/253/2990 2690/1000/2990
f 1816/258/2990 2690/1000/2990 2689/1001/2990
f 2692/910/2990 2664/911/2990 2665/909/2990
f 1816/258/2990 2689/1001/2990 2692/910/2990
f 2691/912/2990 2690/1000/2990 2306/253/2990
f 2306/253/3197 2663/998/3197 2664/911/3197
f 2693/1002/2993 2668/1003/2993 2667/914/2993
f 2665/909/2993 2666/1004/2993 2695/1005/2993
f 2665/909/2993 2695/1005/2993 2694/913/2993
f 2693/1002/2993 2667/914/2993 1817/263/2993
f 1816/258/2993 2665/909/2993 2694/913/2993
f 2694/913/2993 2693/1002/2993 1817/263/2993
f 2696/859/2992 2671/820/2992 1817/263/2992
f 2667/914/2995 2670/917/2995 2699/864/2995
f 2699/864/2995 2697/1006/2995 2698/987/2995
f 2696/859/3198 1817/263/3198 2667/914/3198
f 2699/864/2995 2698/987/2995 2696/859/2995
f 2702/915/2996 2701/866/2996 2700/916/2996
f 2700/916/3199 2704/988/3199 2703/865/3199
f 2703/865/2996 2705/989/2996 2702/915/2996
o Sphere.001
v -8.167373 11.086001 -0.411092
v -8.167373 10.699742 -0.797351
v -8.167373 10.195070 -1.006393
v -8.167373 9.921944 -1.033294
v -8.167373 9.648817 -1.006393
v -8.167373 9.144145 -0.797351
v -8.123223 11.295043 0.098828
v -8.080770 11.215375 -0.158756
v -8.041644 11.086001 -0.396147
v -8.007351 10.911893 -0.604222
v -7.979207 10.699742 -0.774984
v -7.958294 10.457701 -0.901872
v -7.945416 10.195070 -0.980009
v -7.941068 9.921944 -1.006393
v -7.945416 9.648817 -0.980009
v -7.958294 9.386187 -0.901872
v -7.979207 9.144145 -0.774984
v -8.007351 8.931994 -0.604222
v -8.041644 8.757886 -0.396147
v -8.080770 8.628512 -0.158756
v -8.123223 8.548844 0.098828
v -8.080770 11.295043 0.114370
v -7.997495 11.215375 -0.128269
v -7.920748 11.086001 -0.351886
v -7.853479 10.911893 -0.547888
v -7.798273 10.699742 -0.708742
v -7.757251 10.457701 -0.828269
v -7.731990 10.195070 -0.901872
v -7.723460 9.921944 -0.926725
v -7.731990 9.648817 -0.901872
v -7.757251 9.386187 -0.828269
v -7.798273 9.144145 -0.708742
v -7.853479 8.931994 -0.547888
v -7.920748 8.757886 -0.351886
v -7.997495 8.628512 -0.128269
v -8.080770 8.548844 0.114370
v -8.041644 11.295043 0.139610
v -7.920748 11.215375 -0.078759
v -7.809329 11.086001 -0.280009
v -7.711670 10.911893 -0.456407
v -7.631523 10.699742 -0.601172
v -7.571968 10.457701 -0.708743
v -7.535295 10.195070 -0.774984
v -7.522911 9.921944 -0.797351
v -7.535295 9.648817 -0.774984
v -7.571968 9.386187 -0.708743
v -7.631523 9.144145 -0.601172
v -7.711670 8.931994 -0.456407
v -7.809329 8.757886 -0.280009
v -7.920748 8.628512 -0.078759
v -8.041644 8.548844 0.139610
v -8.007351 11.295043 0.173577
v -7.853479 11.215375 -0.012131
v -7.711670 11.086001 -0.183280
v -7.587373 10.911893 -0.333294
v -7.485365 10.699742 -0.456407
v -7.409566 10.457701 -0.547888
v -7.362890 10.195070 -0.604222
v -7.347129 9.921944 -0.623243
v -7.362890 9.648817 -0.604222
v -7.409566 9.386187 -0.547888
v -7.485365 9.144145 -0.456407
v -7.587373 8.931994 -0.333294
v -7.711670 8.757886 -0.183280
v -7.853479 8.628512 -0.012131
v -8.007351 8.548844 0.173577
v -7.979207 11.295043 0.214965
v -7.798273 11.215375 0.069056
v -7.631523 11.086001 -0.065415
v -7.485365 10.911893 -0.183280
v -7.365417 10.699742 -0.280009
v -7.276287 10.457701 -0.351886
v -7.221401 10.195070 -0.396147
v -7.202868 9.921944 -0.411092
v -7.221401 9.648817 -0.396147
v -7.276287 9.386187 -0.351886
v -7.365417 9.144145 -0.280009
v -7.485365 8.931994 -0.183280
v -7.631523 8.757886 -0.065415
v -7.798273 8.628512 0.069056
v -7.979207 8.548844 0.214965
v -8.167373 11.321943 0.366706
v -7.958294 11.295043 0.262185
v -7.757251 11.215375 0.161681
v -7.571968 11.086001 0.069056
v -7.409566 10.911893 -0.012131
v -7.276287 10.699742 -0.078759
v -7.177251 10.457701 -0.128269
v -7.116265 10.195070 -0.158756
v -7.095673 9.921944 -0.169050
v -7.116265 9.648817 -0.158756
v -7.177251 9.386187 -0.128269
v -7.276287 9.144145 -0.078759
v -7.409566 8.931994 -0.012131
v -7.571968 8.757886 0.069056
v -7.757251 8.628512 0.161681
v -7.958294 8.548844 0.262185
v -7.945416 11.295043 0.313422
v -7.731990 11.215375 0.262185
v -7.535295 11.086001 0.214965
v -7.362890 10.911893 0.173577
v -7.221401 10.699742 0.139610
v -7.116265 10.457701 0.114370
v -7.051523 10.195070 0.098828
v -7.029662 9.921944 0.093580
v -7.051523 9.648817 0.098828
v -7.116265 9.386187 0.114370
v -7.221401 9.144145 0.139610
v -7.362890 8.931994 0.173577
v -7.535295 8.757886 0.214965
v -7.731990 8.628512 0.262185
v -7.945416 8.548844 0.313422
v -7.941068 11.295043 0.366706
v -7.723460 11.215375 0.366706
v -7.522912 11.086001 0.366706
v -7.347129 10.911893 0.366706
v -7.202868 10.699742 0.366706
v -7.095673 10.457701 0.366706
v -7.029662 10.195070 0.366706
v -7.007373 9.921944 0.366706
v -7.029662 9.648817 0.366706
v -7.095673 9.386187 0.366706
v -7.202868 9.144145 0.366706
v -7.347129 8.931994 0.366706
v -7.522912 8.757886 0.366706
v -7.723460 8.628512 0.366706
v -7.941068 8.548844 0.366706
v -7.945416 11.295043 0.419990
v -7.731990 11.215375 0.471227
v -7.535295 11.086001 0.518447
v -7.362890 10.911893 0.559836
v -7.221401 10.699742 0.593803
v -7.116265 10.457701 0.619042
v -7.051523 10.195070 0.634585
v -7.029662 9.921944 0.639833
v -7.051523 9.648817 0.634585
v -7.116265 9.386187 0.619042
v -7.221401 9.144145 0.593803
v -7.362890 8.931994 0.559836
v -7.535295 8.757886 0.518447
v -7.731990 8.628512 0.471227
v -7.945416 8.548844 0.419990
v -7.958294 11.295043 0.471227
v -7.757251 11.215375 0.571731
v -7.571968 11.086001 0.664357
v -7.409566 10.911893 0.745543
v -7.276287 10.699742 0.812172
v -7.177251 10.457701 0.861681
v -7.116265 10.195070 0.892169
v -7.095673 9.921944 0.902463
v -7.116265 9.648817 0.892169
v -7.177251 9.386187 0.861681
v -7.276287 9.144145 0.812172
v -7.409566 8.931994 0.745543
v -7.571968 8.757886 0.664357
v -7.757251 8.628512 0.571731
v -7.958294 8.548844 0.471227
v -7.979207 11.295043 0.518447
v -7.798273 11.215375 0.664357
v -7.631523 11.086001 0.798828
v -7.485365 10.911893 0.916692
v -7.365417 10.699742 1.013422
v -7.276287 10.457701 1.085298
v -7.221401 10.195070 1.129559
v -7.202868 9.921944 1.144504
v -7.221401 9.648817 1.129559
v -7.276287 9.386187 1.085298
v -7.365417 9.144145 1.013422
v -7.485365 8.931994 0.916692
v -7.631523 8.757886 0.798828
v -7.798273 8.628512 0.664357
v -7.979207 8.548844 0.518447
v -8.007351 11.295043 0.559836
v -7.853479 11.215375 0.745543
v -7.711670 11.086001 0.916692
v -7.587373 10.911893 1.066706
v -7.485365 10.699742 1.189819
v -7.409566 10.457701 1.281300
v -7.362890 10.195070 1.337634
v -7.347130 9.921944 1.356655
v -7.362890 9.648817 1.337634
v -7.409566 9.386187 1.281300
v -7.485365 9.144145 1.189819
v -7.587373 8.931994 1.066706
v -7.711670 8.757886 0.916692
v -7.853479 8.628512 0.745543
v -8.007351 8.548844 0.559836
v -8.041645 11.295043 0.593802
v -7.920748 11.215375 0.812172
v -7.809330 11.086001 1.013422
v -7.711670 10.911893 1.189819
v -7.631523 10.699742 1.334584
v -7.571968 10.457701 1.442155
v -7.535295 10.195070 1.508396
v -7.522912 9.921944 1.530763
v -7.535295 9.648817 1.508396
v -7.571968 9.386187 1.442155
v -7.631523 9.144145 1.334584
v -7.711670 8.931994 1.189819
v -7.809330 8.757886 1.013422
v -7.920748 8.628512 0.812172
v -8.041645 8.548844 0.593802
v -8.080770 11.295043 0.619042
v -7.997495 11.215375 0.861681
v -7.920748 11.086001 1.085298
v -7.853479 10.911893 1.281300
v -7.798273 10.699742 1.442155
v -7.757251 10.457701 1.561681
v -7.731990 10.195070 1.635284
v -7.723461 9.921944 1.660137
v -7.731990 9.648817 1.635284
v -7.757251 9.386187 1.561681
v -7.798273 9.144145 1.442155
v -7.853479 8.931994 1.281300
v -7.920748 8.757886 1.085298
v -7.997495 8.628512 0.861681
v -8.080770 8.548844 0.619042
v -8.123223 11.295043 0.634584
v -8.080770 11.215375 0.892168
v -8.041645 11.086001 1.129559
v -8.007351 10.911893 1.337634
v -7.979208 10.699742 1.508396
v -7.958294 10.457701 1.635284
v -7.945416 10.195070 1.713421
v -7.941069 9.921944 1.739805
v -7.945416 9.648817 1.713421
v -7.958294 9.386187 1.635284
v -7.979208 9.144145 1.508396
v -8.007351 8.931994 1.337634
v -8.041645 8.757886 1.129559
v -8.080770 8.628512 0.892168
v -8.123223 8.548844 0.634584
v -8.167373 11.295043 0.639832
v -8.167373 11.215375 0.902463
v -8.167373 11.086001 1.144504
v -8.167373 10.911893 1.356655
v -8.167373 10.699742 1.530763
v -8.167373 10.457701 1.660137
v -8.167373 10.195070 1.739805
v -8.167373 9.921944 1.766705
v -8.167373 9.648817 1.739805
v -8.167373 9.386187 1.660137
v -8.167373 9.144145 1.530763
v -8.167373 8.931994 1.356655
v -8.167373 8.757886 1.144504
v -8.167373 8.628512 0.902463
v -8.167373 8.548844 0.639832
v -8.211522 11.295043 0.634584
v -8.253976 11.215375 0.892168
v -8.293101 11.086001 1.129559
v -8.327394 10.911893 1.337634
v -8.355538 10.699742 1.508396
v -8.376451 10.457701 1.635284
v -8.389329 10.195070 1.713421
v -8.393678 9.921944 1.739805
v -8.389329 9.648817 1.713421
v -8.376451 9.386187 1.635284
v -8.355538 9.144145 1.508396
v -8.327394 8.931994 1.337634
v -8.293101 8.757886 1.129559
v -8.253976 8.628512 0.892168
v -8.211522 8.548844 0.634584
v -8.253976 11.295043 0.619042
v -8.337251 11.215375 0.861681
v -8.413998 11.086001 1.085298
v -8.481266 10.911893 1.281300
v -8.536472 10.699742 1.442154
v -8.577495 10.457701 1.561680
v -8.602756 10.195070 1.635284
v -8.611285 9.921944 1.660136
v -8.602756 9.648817 1.635284
v -8.577495 9.386187 1.561680
v -8.536472 9.144145 1.442154
v -8.481266 8.931994 1.281300
v -8.413998 8.757886 1.085298
v -8.337251 8.628512 0.861681
v -8.253976 8.548844 0.619042
v -8.293100 11.295043 0.593802
v -8.413998 11.215375 0.812171
v -8.525416 11.086001 1.013421
v -8.623075 10.911893 1.189819
v -8.703222 10.699742 1.334584
v -8.762777 10.457701 1.442155
v -8.799451 10.195070 1.508396
v -8.811834 9.921944 1.530762
v -8.799451 9.648817 1.508396
v -8.762777 9.386187 1.442155
v -8.703222 9.144145 1.334584
v -8.623075 8.931994 1.189819
v -8.525416 8.757886 1.013421
v -8.413998 8.628512 0.812171
v -8.293100 8.548844 0.593802
v -8.327394 11.295043 0.559836
v -8.481266 11.215375 0.745543
v -8.623075 11.086001 0.916692
v -8.747373 10.911893 1.066706
v -8.849380 10.699742 1.189819
v -8.925179 10.457701 1.281300
v -8.971855 10.195070 1.337633
v -8.987617 9.921944 1.356654
v -8.971855 9.648817 1.337633
v -8.925179 9.386187 1.281300
v -8.849380 9.144145 1.189819
v -8.747373 8.931994 1.066706
v -8.623075 8.757886 0.916692
v -8.481266 8.628512 0.745543
v -8.327394 8.548844 0.559836
v -8.167373 8.521944 0.366706
v -8.355538 11.295043 0.518447
v -8.536472 11.215375 0.664357
v -8.703222 11.086001 0.798827
v -8.849380 10.911893 0.916692
v -8.969329 10.699742 1.013421
v -9.058458 10.457701 1.085298
v -9.113344 10.195070 1.129559
v -9.131877 9.921944 1.144503
v -9.113344 9.648817 1.129559
v -9.058458 9.386187 1.085298
v -8.969329 9.144145 1.013421
v -8.849380 8.931994 0.916692
v -8.703222 8.757886 0.798827
v -8.536472 8.628512 0.664357
v -8.355538 8.548844 0.518447
v -8.376451 11.295043 0.471227
v -8.577495 11.215375 0.571731
v -8.762777 11.086001 0.664356
v -8.925179 10.911893 0.745543
v -9.058458 10.699742 0.812171
v -9.157495 10.457701 0.861681
v -9.218480 10.195070 0.892168
v -9.239072 9.921944 0.902462
v -9.218480 9.648817 0.892168
v -9.157495 9.386187 0.861681
v -9.058458 9.144145 0.812171
v -8.925179 8.931994 0.745543
v -8.762777 8.757886 0.664356
v -8.577495 8.628512 0.571731
v -8.376451 8.548844 0.471227
v -8.389329 11.295043 0.419990
v -8.602756 11.215375 0.471227
v -8.799451 11.086001 0.518447
v -8.971855 10.911893 0.559836
v -9.113344 10.699742 0.593802
v -9.218480 10.457701 0.619042
v -9.283222 10.195070 0.634584
v -9.305082 9.921944 0.639832
v -9.283222 9.648817 0.634584
v -9.218480 9.386187 0.619042
v -9.113344 9.144145 0.593802
v -8.971855 8.931994 0.559836
v -8.799451 8.757886 0.518447
v -8.602756 8.628512 0.471227
v -8.389329 8.548844 0.419990
v -8.393677 11.295043 0.366706
v -8.611285 11.215375 0.366706
v -8.811833 11.086001 0.366706
v -8.987617 10.911893 0.366706
v -9.131877 10.699742 0.366706
v -9.239073 10.457701 0.366706
v -9.305083 10.195070 0.366706
v -9.327372 9.921944 0.366706
v -9.305083 9.648817 0.366706
v -9.239073 9.386187 0.366706
v -9.131877 9.144145 0.366706
v -8.987617 8.931994 0.366706
v -8.811833 8.757886 0.366706
v -8.611285 8.628512 0.366706
v -8.393677 8.548844 0.366706
v -8.389329 11.295043 0.313422
v -8.602756 11.215375 0.262185
v -8.799450 11.086001 0.214965
v -8.971855 10.911893 0.173577
v -9.113344 10.699742 0.139610
v -9.218480 10.457701 0.114370
v -9.283222 10.195070 0.098828
v -9.305082 9.921944 0.093579
v -9.283222 9.648817 0.098828
v -9.218480 9.386187 0.114370
v -9.113344 9.144145 0.139610
v -8.971855 8.931994 0.173577
v -8.799450 8.757886 0.214965
v -8.602756 8.628512 0.262185
v -8.389329 8.548844 0.313422
v -8.376451 11.295043 0.262185
v -8.577495 11.215375 0.161681
v -8.762776 11.086001 0.069056
v -8.925179 10.911893 -0.012131
v -9.058458 10.699742 -0.078759
v -9.157494 10.457701 -0.128268
v -9.218480 10.195070 -0.158756
v -9.239072 9.921944 -0.169051
v -9.218480 9.648817 -0.158756
v -9.157494 9.386187 -0.128268
v -9.058458 9.144145 -0.078759
v -8.925179 8.931994 -0.012131
v -8.762776 8.757886 0.069056
v -8.577495 8.628512 0.161681
v -8.376451 8.548844 0.262185
v -8.355538 11.295043 0.214965
v -8.536472 11.215375 0.069056
v -8.703222 11.086001 -0.065415
v -8.849380 10.911893 -0.183280
v -8.969328 10.699742 -0.280009
v -9.058458 10.457701 -0.351885
v -9.113344 10.195070 -0.396147
v -9.131876 9.921944 -0.411092
v -9.113344 9.648817 -0.396147
v -9.058458 9.386187 -0.351885
v -8.969328 9.144145 -0.280009
v -8.849380 8.931994 -0.183280
v -8.703222 8.757886 -0.065415
v -8.536472 8.628512 0.069056
v -8.355538 8.548844 0.214965
v -8.327394 11.295043 0.173577
v -8.481266 11.215375 -0.012131
v -8.623075 11.086001 -0.183280
v -8.747373 10.911893 -0.333294
v -8.849380 10.699742 -0.456406
v -8.925179 10.457701 -0.547887
v -8.971855 10.195070 -0.604221
v -8.987616 9.921944 -0.623243
v -8.971855 9.648817 -0.604221
v -8.925179 9.386187 -0.547887
v -8.849380 9.144145 -0.456406
v -8.747373 8.931994 -0.333294
v -8.623075 8.757886 -0.183280
v -8.481266 8.628512 -0.012131
v -8.327394 8.548844 0.173577
v -8.293100 11.295043 0.139610
v -8.413998 11.215375 -0.078759
v -8.525415 11.086001 -0.280009
v -8.623075 10.911893 -0.456407
v -8.703222 10.699742 -0.601172
v -8.762777 10.457701 -0.708742
v -8.799450 10.195070 -0.774984
v -8.811832 9.921944 -0.797350
v -8.799450 9.648817 -0.774984
v -8.762777 9.386187 -0.708742
v -8.703222 9.144145 -0.601172
v -8.623075 8.931994 -0.456407
v -8.525415 8.757886 -0.280009
v -8.413998 8.628512 -0.078759
v -8.293100 8.548844 0.139610
v -8.253976 11.295043 0.114370
v -8.337251 11.215375 -0.128268
v -8.413997 11.086001 -0.351885
v -8.481266 10.911893 -0.547888
v -8.536472 10.699742 -0.708742
v -8.577495 10.457701 -0.828268
v -8.602756 10.195070 -0.901872
v -8.611284 9.921944 -0.926724
v -8.602756 9.648817 -0.901872
v -8.577495 9.386187 -0.828268
v -8.536472 9.144145 -0.708742
v -8.481266 8.931994 -0.547888
v -8.413997 8.757886 -0.351885
v -8.337251 8.628512 -0.128268
v -8.253976 8.548844 0.114370
v -8.211522 11.295043 0.098828
v -8.253976 11.215375 -0.158756
v -8.293100 11.086001 -0.396146
v -8.327394 10.911893 -0.604221
v -8.355537 10.699742 -0.774983
v -8.376451 10.457701 -0.901872
v -8.389329 10.195070 -0.980009
v -8.393677 9.921944 -1.006392
v -8.389329 9.648817 -0.980009
v -8.376451 9.386187 -0.901872
v -8.355537 9.144145 -0.774983
v -8.327394 8.931994 -0.604221
v -8.293100 8.757886 -0.396146
v -8.253976 8.628512 -0.158756
v -8.211522 8.548844 0.098828
v -8.167373 11.295043 0.093580
v -8.167373 11.215375 -0.169050
v -8.167373 10.911893 -0.623243
v -8.167373 10.457701 -0.926724
v -8.167373 9.386187 -0.926724
v -8.167373 8.931994 -0.623243
v -8.167373 8.757886 -0.411091
v -8.167373 8.628512 -0.169050
v -8.167373 8.548844 0.093580
vn 0.0915 0.6317 -0.7698
vn 0.0752 -0.7708 -0.6326
vn 0.1043 0.4688 -0.8771
vn 0.0559 -0.8805 -0.4707
vn 0.1130 0.2884 -0.9508
vn 0.0345 -0.9564 -0.2901
vn 0.1175 0.0973 -0.9883
vn 0.0117 0.9951 -0.0980
vn 0.0117 -0.9951 -0.0980
vn 0.1175 -0.0973 -0.9883
vn 0.0345 0.9564 -0.2901
vn 0.1130 -0.2884 -0.9508
vn 0.0559 0.8805 -0.4707
vn 0.1043 -0.4688 -0.8771
vn 0.0752 0.7708 -0.6326
vn 0.0915 -0.6317 -0.7698
vn 0.2212 0.7656 -0.6041
vn 0.2683 -0.6254 -0.7328
vn 0.2683 0.6254 -0.7328
vn 0.2212 -0.7656 -0.6041
vn 0.3048 0.4627 -0.8325
vn 0.1651 -0.8772 -0.4509
vn 0.3296 0.2840 -0.9004
vn 0.1020 -0.9550 -0.2786
vn 0.3422 0.0957 -0.9347
vn 0.0345 0.9950 -0.0942
vn 0.0345 -0.9950 -0.0942
vn 0.3422 -0.0957 -0.9347
vn 0.1020 0.9550 -0.2786
vn 0.3296 -0.2840 -0.9004
vn 0.1651 0.8772 -0.4509
vn 0.3048 -0.4627 -0.8325
vn 0.5397 0.0930 -0.8367
vn 0.0560 0.9946 -0.0868
vn 0.0560 -0.9946 -0.0868
vn 0.5397 -0.0930 -0.8367
vn 0.1652 0.9525 -0.2560
vn 0.5210 -0.2764 -0.8076
vn 0.2662 0.8711 -0.4126
vn 0.4835 -0.4521 -0.7495
vn 0.3548 0.7561 -0.5499
vn 0.4278 -0.6141 -0.6632
vn 0.4278 0.6141 -0.6632
vn 0.3548 -0.7561 -0.5499
vn 0.4835 0.4521 -0.7495
vn 0.2662 -0.8711 -0.4126
vn 0.5210 0.2764 -0.8076
vn 0.1652 -0.9525 -0.2560
vn 0.5628 -0.6003 -0.5682
vn 0.5628 0.6003 -0.5682
vn 0.4700 -0.7443 -0.4745
vn 0.6322 0.4392 -0.6383
vn 0.3551 -0.8634 -0.3585
vn 0.6781 0.2674 -0.6846
vn 0.2215 -0.9492 -0.2236
vn 0.7009 0.0897 -0.7076
vn 0.0753 0.9943 -0.0761
vn 0.0753 -0.9943 -0.0761
vn 0.7009 -0.0897 -0.7076
vn 0.2215 0.9492 -0.2236
vn 0.6781 -0.2674 -0.6846
vn 0.3551 0.8634 -0.3585
vn 0.6322 -0.4392 -0.6383
vn 0.4700 0.7443 -0.4745
vn 0.0918 0.9938 -0.0624
vn 0.0918 -0.9938 -0.0624
vn 0.8238 -0.0866 -0.5602
vn 0.2689 0.9456 -0.1829
vn 0.7988 -0.2585 -0.5432
vn 0.4285 0.8552 -0.2914
vn 0.7480 -0.4265 -0.5086
vn 0.5633 0.7321 -0.3830
vn 0.6698 -0.5864 -0.4555
vn 0.6698 0.5864 -0.4555
vn 0.5633 -0.7321 -0.3830
vn 0.7480 0.4265 -0.5086
vn 0.4285 -0.8552 -0.2914
vn 0.7988 0.2585 -0.5432
vn 0.2689 -0.9456 -0.1829
vn 0.8238 0.0866 -0.5602
vn 0.7485 0.5743 -0.3315
vn 0.6332 -0.7214 -0.2804
vn 0.8316 0.4156 -0.3683
vn 0.4847 -0.8479 -0.2147
vn 0.8851 0.2510 -0.3920
vn 0.3058 -0.9424 -0.1354
vn 0.9111 0.0839 -0.4035
vn 0.1046 0.9934 -0.0463
vn 0.1046 -0.9934 -0.0463
vn 0.9111 -0.0839 -0.4035
vn 0.3058 0.9424 -0.1354
vn 0.8851 -0.2510 -0.3920
vn 0.4847 0.8479 -0.2147
vn 0.8316 -0.4156 -0.3683
vn 0.6332 0.7214 -0.2804
vn 0.7485 -0.5743 -0.3315
vn 0.9666 -0.0820 -0.2429
vn 0.3309 0.9400 -0.0832
vn 0.9401 -0.2457 -0.2363
vn 0.5226 0.8424 -0.1313
vn 0.8855 -0.4078 -0.2226
vn 0.6795 0.7135 -0.1708
vn 0.7998 -0.5656 -0.2010
vn 0.7998 0.5656 -0.2010
vn 0.6795 -0.7135 -0.1708
vn 0.8855 0.4078 -0.2226
vn 0.5226 -0.8424 -0.1313
vn 0.9401 0.2457 -0.2363
vn 0.3309 -0.9400 -0.0832
vn 0.9666 0.0820 -0.2429
vn 0.1135 0.9931 -0.0285
vn 0.1135 -0.9931 -0.0285
vn 0.7026 -0.7093 -0.0573
vn 0.9118 0.4038 -0.0744
vn 0.5416 -0.8395 -0.0442
vn 0.9668 0.2430 -0.0789
vn 0.3437 -0.9387 -0.0280
vn 0.9934 0.0811 -0.0811
vn 0.1180 0.9930 -0.0096
vn 0.1180 -0.9930 -0.0096
vn 0.9934 -0.0811 -0.0811
vn 0.3437 0.9387 -0.0280
vn 0.9668 -0.2430 -0.0789
vn 0.5416 0.8395 -0.0442
vn 0.9118 -0.4038 -0.0744
vn 0.7026 0.7093 -0.0573
vn 0.8251 -0.5610 -0.0673
vn 0.8251 0.5610 -0.0673
vn 0.9668 -0.2430 0.0789
vn 0.5416 0.8395 0.0442
vn 0.9118 -0.4038 0.0744
vn 0.7026 0.7093 0.0573
vn 0.8251 -0.5610 0.0673
vn 0.8251 0.5610 0.0673
vn 0.7026 -0.7093 0.0573
vn 0.9118 0.4038 0.0744
vn 0.5416 -0.8395 0.0442
vn 0.9668 0.2430 0.0789
vn 0.3437 -0.9387 0.0280
vn 0.9934 0.0811 0.0811
vn 0.1180 0.9930 0.0096
vn 0.1180 -0.9930 0.0096
vn 0.9934 -0.0811 0.0811
vn 0.3437 0.9387 0.0280
vn 0.5226 -0.8424 0.1313
vn 0.9401 0.2457 0.2363
vn 0.3309 -0.9400 0.0832
vn 0.9666 0.0820 0.2429
vn 0.1135 0.9931 0.0285
vn 0.1135 -0.9931 0.0285
vn 0.9666 -0.0820 0.2429
vn 0.3309 0.9400 0.0832
vn 0.9401 -0.2457 0.2363
vn 0.5226 0.8424 0.1313
vn 0.8855 -0.4078 0.2226
vn 0.6795 0.7135 0.1708
vn 0.7998 -0.5656 0.2010
vn 0.7998 0.5656 0.2010
vn 0.6795 -0.7135 0.1708
vn 0.8855 0.4078 0.2226
vn 0.4847 0.8479 0.2147
vn 0.8316 -0.4156 0.3683
vn 0.6332 0.7214 0.2804
vn 0.7485 -0.5743 0.3315
vn 0.7485 0.5743 0.3315
vn 0.6332 -0.7214 0.2804
vn 0.8316 0.4156 0.3683
vn 0.4847 -0.8479 0.2147
vn 0.8851 0.2510 0.3920
vn 0.3058 -0.9424 0.1354
vn 0.9111 0.0839 0.4035
vn 0.1046 0.9934 0.0463
vn 0.1046 -0.9934 0.0463
vn 0.9111 -0.0839 0.4035
vn 0.3058 0.9424 0.1354
vn 0.8851 -0.2510 0.3920
vn 0.7988 0.2585 0.5432
vn 0.2689 -0.9456 0.1829
vn 0.8238 0.0866 0.5602
vn 0.0918 0.9938 0.0624
vn 0.0918 -0.9938 0.0624
vn 0.8238 -0.0866 0.5602
vn 0.2689 0.9456 0.1829
vn 0.7988 -0.2585 0.5432
vn 0.4285 0.8552 0.2914
vn 0.7480 -0.4265 0.5086
vn 0.5633 0.7321 0.3830
vn 0.6698 -0.5864 0.4555
vn 0.6698 0.5864 0.4555
vn 0.5633 -0.7321 0.3830
vn 0.7480 0.4265 0.5086
vn 0.4285 -0.8552 0.2914
vn 0.6322 -0.4392 0.6383
vn 0.4700 0.7443 0.4745
vn 0.5628 -0.6003 0.5682
vn 0.5628 0.6003 0.5682
vn 0.4700 -0.7443 0.4745
vn 0.6322 0.4392 0.6383
vn 0.3550 -0.8634 0.3585
vn 0.6781 0.2674 0.6846
vn 0.2215 -0.9492 0.2236
vn 0.7009 0.0897 0.7076
vn 0.0753 0.9943 0.0761
vn 0.0753 -0.9943 0.0761
vn 0.7009 -0.0897 0.7076
vn 0.2215 0.9492 0.2236
vn 0.6781 -0.2674 0.6846
vn 0.3551 0.8634 0.3585
vn 0.1652 -0.9525 0.2560
vn 0.5397 0.0930 0.8367
vn 0.0560 0.9946 0.0868
vn 0.0560 -0.9946 0.0868
vn 0.5397 -0.0930 0.8367
vn 0.1652 0.9525 0.2560
vn 0.5210 -0.2764 0.8076
vn 0.2662 0.8711 0.4126
vn 0.4835 -0.4521 0.7495
vn 0.3548 0.7561 0.5499
vn 0.4278 -0.6141 0.6632
vn 0.4278 0.6141 0.6632
vn 0.3548 -0.7561 0.5499
vn 0.4835 0.4521 0.7495
vn 0.2662 -0.8711 0.4126
vn 0.5210 0.2764 0.8076
vn 0.2212 0.7656 0.6041
vn 0.2683 -0.6254 0.7328
vn 0.2683 0.6254 0.7328
vn 0.2212 -0.7656 0.6041
vn 0.3048 0.4627 0.8325
vn 0.1651 -0.8772 0.4509
vn 0.3296 0.2840 0.9004
vn 0.1020 -0.9550 0.2786
vn 0.3422 0.0957 0.9347
vn 0.0345 0.9950 0.0942
vn 0.0345 -0.9950 0.0942
vn 0.3422 -0.0957 0.9347
vn 0.1020 0.9550 0.2786
vn 0.3296 -0.2840 0.9004
vn 0.1651 0.8772 0.4509
vn 0.3048 -0.4627 0.8325
vn 0.1175 0.0973 0.9883
vn 0.0117 0.9951 0.0980
vn 0.0117 -0.9951 0.0980
vn 0.1175 -0.0973 0.9883
vn 0.0345 0.9564 0.2901
vn 0.1130 -0.2884 0.9508
vn 0.0559 0.8805 0.4707
vn 0.1043 -0.4688 0.8771
vn 0.0752 0.7708 0.6326
vn 0.0915 -0.6317 0.7698
vn 0.0915 0.6317 0.7698
vn 0.0752 -0.7708 0.6326
vn 0.1043 0.4688 0.8771
vn 0.0559 -0.8805 0.4707
vn 0.1130 0.2884 0.9508
vn 0.0345 -0.9564 0.2901
vn -0.0915 -0.6317 0.7698
vn -0.0915 0.6317 0.7698
vn -0.0752 -0.7708 0.6326
vn -0.1043 0.4688 0.8771
vn -0.0559 -0.8805 0.4707
vn -0.1130 0.2884 0.9508
vn -0.0345 -0.9564 0.2901
vn -0.1175 0.0973 0.9883
vn -0.0117 0.9951 0.0980
vn -0.0117 -0.9951 0.0980
vn -0.1175 -0.0973 0.9883
vn -0.0345 0.9564 0.2901
vn -0.1130 -0.2884 0.9508
vn -0.0559 0.8805 0.4707
vn -0.1043 -0.4688 0.8771
vn -0.0752 0.7708 0.6326
vn -0.0345 -0.9950 0.0942
vn -0.3422 -0.0957 0.9347
vn -0.1020 0.9550 0.2786
vn -0.3296 -0.2840 0.9004
vn -0.1651 0.8772 0.4509
vn -0.3048 -0.4627 0.8325
vn -0.2212 0.7656 0.6041
vn -0.2683 -0.6254 0.7328
vn -0.2683 0.6254 0.7328
vn -0.2212 -0.7656 0.6041
vn -0.3048 0.4627 0.8325
vn -0.1651 -0.8772 0.4509
vn -0.3296 0.2840 0.9004
vn -0.1020 -0.9550 0.2786
vn -0.3422 0.0957 0.9347
vn -0.0345 0.9950 0.0942
vn -0.3548 -0.7561 0.5499
vn -0.4835 0.4521 0.7495
vn -0.2662 -0.8711 0.4126
vn -0.5210 0.2764 0.8076
vn -0.1652 -0.9525 0.2560
vn -0.5397 0.0930 0.8367
vn -0.0560 0.9946 0.0868
vn -0.0560 -0.9946 0.0868
vn -0.5397 -0.0930 0.8367
vn -0.1652 0.9525 0.2560
vn -0.5210 -0.2764 0.8076
vn -0.2662 0.8711 0.4126
vn -0.4835 -0.4521 0.7495
vn -0.3548 0.7561 0.5499
vn -0.4278 -0.6141 0.6632
vn -0.4278 0.6141 0.6632
vn -0.2215 0.9492 0.2236
vn -0.6781 -0.2674 0.6846
vn -0.3550 0.8634 0.3585
vn -0.6322 -0.4392 0.6383
vn -0.4700 0.7443 0.4745
vn -0.5628 -0.6003 0.5682
vn -0.5628 0.6003 0.5682
vn -0.4700 -0.7443 0.4745
vn -0.6322 0.4392 0.6383
vn -0.3550 -0.8634 0.3585
vn -0.6781 0.2674 0.6846
vn -0.2215 -0.9492 0.2236
vn -0.7009 0.0897 0.7076
vn -0.0753 0.9943 0.0761
vn -0.0753 -0.9943 0.0761
vn -0.7009 -0.0897 0.7076
vn -0.7480 0.4265 0.5086
vn -0.4285 -0.8552 0.2914
vn -0.7988 0.2585 0.5432
vn -0.2689 -0.9456 0.1829
vn -0.8238 0.0866 0.5602
vn -0.0918 0.9938 0.0624
vn -0.0918 -0.9938 0.0624
vn -0.8238 -0.0866 0.5602
vn -0.2689 0.9456 0.1829
vn -0.7988 -0.2585 0.5432
vn -0.4285 0.8552 0.2914
vn -0.7480 -0.4265 0.5086
vn -0.5633 0.7321 0.3830
vn -0.6698 -0.5864 0.4555
vn -0.6698 0.5864 0.4555
vn -0.5633 -0.7321 0.3830
vn -0.8851 -0.2510 0.3920
vn -0.4847 0.8479 0.2147
vn -0.8316 -0.4156 0.3683
vn -0.6332 0.7214 0.2804
vn -0.7485 -0.5743 0.3315
vn -0.7485 0.5743 0.3315
vn -0.6332 -0.7214 0.2804
vn -0.8316 0.4156 0.3683
vn -0.4847 -0.8479 0.2147
vn -0.8851 0.2510 0.3920
vn -0.3058 -0.9424 0.1354
vn -0.9111 0.0839 0.4035
vn -0.1046 0.9934 0.0463
vn -0.1046 -0.9934 0.0463
vn -0.9111 -0.0839 0.4035
vn -0.3058 0.9424 0.1354
vn -0.5226 -0.8424 0.1313
vn -0.9401 0.2457 0.2363
vn -0.3309 -0.9400 0.0832
vn -0.9666 0.0820 0.2429
vn -0.1135 0.9931 0.0285
vn -0.1135 -0.9931 0.0285
vn -0.9666 -0.0820 0.2429
vn -0.3309 0.9400 0.0832
vn -0.9401 -0.2457 0.2363
vn -0.5226 0.8424 0.1313
vn -0.8855 -0.4078 0.2226
vn -0.6795 0.7135 0.1708
vn -0.7998 -0.5656 0.2010
vn -0.7998 0.5656 0.2010
vn -0.6795 -0.7135 0.1708
vn -0.8855 0.4078 0.2226
vn -0.5416 0.8395 0.0442
vn -0.9118 -0.4038 0.0744
vn -0.7026 0.7093 0.0573
vn -0.8251 -0.5610 0.0673
vn -0.8251 0.5610 0.0673
vn -0.7026 -0.7093 0.0573
vn -0.9118 0.4038 0.0744
vn -0.5416 -0.8395 0.0442
vn -0.9668 0.2430 0.0789
vn -0.3437 -0.9387 0.0280
vn -0.9934 0.0811 0.0811
vn -0.1180 0.9930 0.0096
vn -0.1180 -0.9930 0.0096
vn -0.9934 -0.0811 0.0811
vn -0.3437 0.9387 0.0280
vn -0.9668 -0.2430 0.0789
vn -0.9668 0.2430 -0.0789
vn -0.3437 -0.9387 -0.0280
vn -0.9934 0.0811 -0.0811
vn -0.1180 0.9930 -0.0096
vn -0.1180 -0.9930 -0.0096
vn -0.9934 -0.0811 -0.0811
vn -0.3437 0.9387 -0.0280
vn -0.9668 -0.2430 -0.0789
vn -0.5416 0.8395 -0.0442
vn -0.9118 -0.4038 -0.0744
vn -0.7026 0.7093 -0.0573
vn -0.8251 -0.5610 -0.0673
vn -0.8251 0.5610 -0.0673
vn -0.7026 -0.7093 -0.0573
vn -0.9118 0.4038 -0.0744
vn -0.5416 -0.8395 -0.0442
vn -0.8855 -0.4078 -0.2226
vn -0.6795 0.7135 -0.1708
vn -0.7998 -0.5656 -0.2010
vn -0.7998 0.5656 -0.2010
vn -0.6795 -0.7135 -0.1708
vn -0.8855 0.4078 -0.2226
vn -0.5226 -0.8424 -0.1313
vn -0.9401 0.2457 -0.2363
vn -0.3309 -0.9400 -0.0832
vn -0.9666 0.0820 -0.2429
vn -0.1135 0.9931 -0.0285
vn -0.1135 -0.9931 -0.0285
vn -0.9666 -0.0820 -0.2429
vn -0.3309 0.9400 -0.0832
vn -0.9401 -0.2457 -0.2363
vn -0.5226 0.8424 -0.1313
vn -0.3058 -0.9424 -0.1354
vn -0.9111 0.0839 -0.4035
vn -0.1046 0.9934 -0.0463
vn -0.1046 -0.9934 -0.0463
vn -0.9111 -0.0839 -0.4035
vn -0.3058 0.9424 -0.1354
vn -0.8851 -0.2510 -0.3920
vn -0.4847 0.8479 -0.2147
vn -0.8316 -0.4156 -0.3683
vn -0.6332 0.7214 -0.2804
vn -0.7485 -0.5743 -0.3315
vn -0.7485 0.5743 -0.3315
vn -0.6332 -0.7214 -0.2804
vn -0.8316 0.4156 -0.3683
vn -0.4847 -0.8479 -0.2147
vn -0.8851 0.2510 -0.3920
vn -0.6698 -0.5864 -0.4555
vn -0.6698 0.5864 -0.4555
vn -0.5633 -0.7321 -0.3830
vn -0.7480 0.4265 -0.5086
vn -0.4285 -0.8552 -0.2914
vn -0.7988 0.2585 -0.5432
vn -0.2689 -0.9456 -0.1829
vn -0.8238 0.0866 -0.5602
vn -0.0918 0.9938 -0.0624
vn -0.0918 -0.9938 -0.0624
vn -0.8238 -0.0866 -0.5602
vn -0.2689 0.9456 -0.1829
vn -0.7988 -0.2585 -0.5432
vn -0.4285 0.8552 -0.2914
vn -0.7480 -0.4265 -0.5086
vn -0.5633 0.7321 -0.3830
vn -0.0753 0.9943 -0.0761
vn -0.0753 -0.9943 -0.0761
vn -0.7009 -0.0897 -0.7076
vn -0.2215 0.9492 -0.2236
vn -0.6781 -0.2674 -0.6846
vn -0.3551 0.8634 -0.3585
vn -0.6322 -0.4392 -0.6383
vn -0.4700 0.7443 -0.4745
vn -0.5628 -0.6003 -0.5682
vn -0.5628 0.6003 -0.5682
vn -0.4700 -0.7443 -0.4745
vn -0.6322 0.4392 -0.6383
vn -0.3550 -0.8634 -0.3585
vn -0.6781 0.2674 -0.6846
vn -0.2215 -0.9492 -0.2236
vn -0.7009 0.0897 -0.7076
vn -0.4278 0.6141 -0.6632
vn -0.3548 -0.7561 -0.5499
vn -0.4835 0.4521 -0.7495
vn -0.2662 -0.8711 -0.4126
vn -0.5210 0.2764 -0.8076
vn -0.1652 -0.9525 -0.2560
vn -0.5397 0.0930 -0.8367
vn -0.0560 0.9946 -0.0868
vn -0.0560 -0.9946 -0.0868
vn -0.5397 -0.0930 -0.8367
vn -0.1652 0.9525 -0.2560
vn -0.5210 -0.2764 -0.8076
vn -0.2662 0.8711 -0.4126
vn -0.4835 -0.4521 -0.7495
vn -0.3548 0.7561 -0.5499
vn -0.4278 -0.6141 -0.6632
vn -0.3422 -0.0957 -0.9347
vn -0.1020 0.9550 -0.2786
vn -0.3296 -0.2840 -0.9004
vn -0.1651 0.8772 -0.4509
vn -0.3048 -0.4627 -0.8325
vn -0.2212 0.7656 -0.6041
vn -0.2683 -0.6254 -0.7328
vn -0.2683 0.6254 -0.7328
vn -0.2212 -0.7656 -0.6041
vn -0.3048 0.4627 -0.8325
vn -0.1651 -0.8772 -0.4509
vn -0.3296 0.2840 -0.9004
vn -0.1020 -0.9550 -0.2786
vn -0.3422 0.0957 -0.9347
vn -0.0345 0.9950 -0.0942
vn -0.0345 -0.9950 -0.0942
vn -0.0752 -0.7708 -0.6326
vn -0.1043 0.4688 -0.8771
vn -0.0559 -0.8805 -0.4707
vn -0.1130 0.2884 -0.9508
vn -0.0345 -0.9564 -0.2901
vn -0.1175 0.0973 -0.9883
vn -0.0117 0.9951 -0.0980
vn -0.0117 -0.9951 -0.0980
vn -0.1175 -0.0973 -0.9883
vn -0.0345 0.9564 -0.2901
vn -0.1130 -0.2884 -0.9508
vn -0.0560 0.8805 -0.4707
vn -0.1043 -0.4688 -0.8771
vn -0.0752 0.7708 -0.6326
vn -0.0915 -0.6317 -0.7698
vn -0.0915 0.6317 -0.7698
vn 0.3550 -0.8634 -0.3585
vn 0.3550 0.8634 -0.3585
vn 0.3551 -0.8634 0.3585
vn 0.3550 0.8634 0.3585
vn -0.3550 0.8634 -0.3585
vn -0.3551 -0.8634 -0.3585
vn -0.0559 0.8805 -0.4707
vt 0.750000 0.687500
vt 0.718750 0.750000
vt 0.718750 0.687500
vt 0.750000 0.250000
vt 0.718750 0.187500
vt 0.750000 0.187500
vt 0.750000 0.625000
vt 0.718750 0.625000
vt 0.718750 0.125000
vt 0.750000 0.125000
vt 0.750000 0.562500
vt 0.718750 0.562500
vt 0.718750 0.062500
vt 0.750000 0.062500
vt 0.718750 0.500000
vt 0.750000 0.500000
vt 0.750000 0.937500
vt 0.734375 1.000000
vt 0.718750 0.937500
vt 0.734375 0.000000
vt 0.718750 0.437500
vt 0.750000 0.437500
vt 0.750000 0.875000
vt 0.718750 0.875000
vt 0.718750 0.375000
vt 0.750000 0.375000
vt 0.750000 0.812500
vt 0.718750 0.812500
vt 0.718750 0.312500
vt 0.750000 0.312500
vt 0.750000 0.750000
vt 0.718750 0.250000
vt 0.687500 0.750000
vt 0.687500 0.250000
vt 0.687500 0.687500
vt 0.687500 0.187500
vt 0.687500 0.625000
vt 0.687500 0.125000
vt 0.687500 0.562500
vt 0.687500 0.062500
vt 0.687500 0.500000
vt 0.703125 1.000000
vt 0.687500 0.937500
vt 0.703125 0.000000
vt 0.687500 0.437500
vt 0.687500 0.875000
vt 0.687500 0.375000
vt 0.687500 0.812500
vt 0.687500 0.312500
vt 0.656250 0.500000
vt 0.671875 1.000000
vt 0.656250 0.937500
vt 0.671875 0.000000
vt 0.656250 0.062500
vt 0.656250 0.437500
vt 0.656250 0.875000
vt 0.656250 0.375000
vt 0.656250 0.812500
vt 0.656250 0.312500
vt 0.656250 0.750000
vt 0.656250 0.250000
vt 0.656250 0.687500
vt 0.656250 0.187500
vt 0.656250 0.625000
vt 0.656250 0.125000
vt 0.656250 0.562500
vt 0.625000 0.250000
vt 0.625000 0.687500
vt 0.625000 0.187500
vt 0.625000 0.625000
vt 0.625000 0.125000
vt 0.625000 0.562500
vt 0.625000 0.062500
vt 0.625000 0.500000
vt 0.640625 1.000000
vt 0.625000 0.937500
vt 0.640625 0.000000
vt 0.625000 0.437500
vt 0.625000 0.875000
vt 0.625000 0.375000
vt 0.625000 0.812500
vt 0.625000 0.312500
vt 0.625000 0.750000
vt 0.609375 1.000000
vt 0.593750 0.937500
vt 0.609375 0.000000
vt 0.593750 0.062500
vt 0.593750 0.437500
vt 0.593750 0.875000
vt 0.593750 0.375000
vt 0.593750 0.812500
vt 0.593750 0.312500
vt 0.593750 0.750000
vt 0.593750 0.250000
vt 0.593750 0.687500
vt 0.593750 0.187500
vt 0.593750 0.625000
vt 0.593750 0.125000
vt 0.593750 0.562500
vt 0.593750 0.500000
vt 0.562500 0.750000
vt 0.562500 0.687500
vt 0.562500 0.187500
vt 0.562500 0.625000
vt 0.562500 0.125000
vt 0.562500 0.562500
vt 0.562500 0.062500
vt 0.562500 0.500000
vt 0.578125 1.000000
vt 0.562500 0.937500
vt 0.578125 0.000000
vt 0.562500 0.437500
vt 0.562500 0.875000
vt 0.562500 0.375000
vt 0.562500 0.812500
vt 0.562500 0.312500
vt 0.562500 0.250000
vt 0.531250 0.437500
vt 0.531250 0.937500
vt 0.531250 0.875000
vt 0.531250 0.375000
vt 0.531250 0.812500
vt 0.531250 0.312500
vt 0.531250 0.750000
vt 0.531250 0.250000
vt 0.531250 0.687500
vt 0.531250 0.187500
vt 0.531250 0.625000
vt 0.531250 0.125000
vt 0.531250 0.562500
vt 0.531250 0.062500
vt 0.531250 0.500000
vt 0.546875 1.000000
vt 0.546875 0.000000
vt 0.500000 0.250000
vt 0.500000 0.187500
vt 0.500000 0.625000
vt 0.500000 0.125000
vt 0.500000 0.562500
vt 0.500000 0.062500
vt 0.500000 0.500000
vt 0.515625 1.000000
vt 0.500000 0.937500
vt 0.515625 0.000000
vt 0.500000 0.437500
vt 0.500000 0.875000
vt 0.500000 0.375000
vt 0.500000 0.812500
vt 0.500000 0.312500
vt 0.500000 0.750000
vt 0.500000 0.687500
vt 0.468750 0.375000
vt 0.468750 0.812500
vt 0.468750 0.312500
vt 0.468750 0.750000
vt 0.468750 0.250000
vt 0.468750 0.687500
vt 0.468750 0.187500
vt 0.468750 0.625000
vt 0.468750 0.125000
vt 0.468750 0.562500
vt 0.468750 0.062500
vt 0.468750 0.500000
vt 0.484375 1.000000
vt 0.468750 0.937500
vt 0.484375 0.000000
vt 0.468750 0.437500
vt 0.468750 0.875000
vt 0.437500 0.125000
vt 0.437500 0.625000
vt 0.437500 0.562500
vt 0.437500 0.062500
vt 0.437500 0.500000
vt 0.453125 1.000000
vt 0.437500 0.937500
vt 0.453125 0.000000
vt 0.437500 0.437500
vt 0.437500 0.875000
vt 0.437500 0.375000
vt 0.437500 0.812500
vt 0.437500 0.312500
vt 0.437500 0.750000
vt 0.437500 0.250000
vt 0.437500 0.687500
vt 0.437500 0.187500
vt 0.406250 0.875000
vt 0.406250 0.812500
vt 0.406250 0.375000
vt 0.406250 0.312500
vt 0.406250 0.750000
vt 0.406250 0.250000
vt 0.406250 0.687500
vt 0.406250 0.187500
vt 0.406250 0.625000
vt 0.406250 0.125000
vt 0.406250 0.562500
vt 0.406250 0.062500
vt 0.406250 0.500000
vt 0.421875 1.000000
vt 0.406250 0.937500
vt 0.421875 0.000000
vt 0.406250 0.437500
vt 0.375000 0.625000
vt 0.375000 0.562500
vt 0.375000 0.125000
vt 0.375000 0.062500
vt 0.375000 0.500000
vt 0.390625 1.000000
vt 0.375000 0.937500
vt 0.390625 0.000000
vt 0.375000 0.437500
vt 0.375000 0.875000
vt 0.375000 0.375000
vt 0.375000 0.812500
vt 0.375000 0.312500
vt 0.375000 0.750000
vt 0.375000 0.250000
vt 0.375000 0.687500
vt 0.375000 0.187500
vt 0.343750 0.375000
vt 0.343750 0.312500
vt 0.343750 0.750000
vt 0.343750 0.250000
vt 0.343750 0.687500
vt 0.343750 0.187500
vt 0.343750 0.625000
vt 0.343750 0.125000
vt 0.343750 0.562500
vt 0.343750 0.062500
vt 0.343750 0.500000
vt 0.359375 1.000000
vt 0.343750 0.937500
vt 0.359375 0.000000
vt 0.343750 0.437500
vt 0.343750 0.875000
vt 0.343750 0.812500
vt 0.312500 0.062500
vt 0.312500 0.562500
vt 0.312500 0.500000
vt 0.328125 1.000000
vt 0.312500 0.937500
vt 0.328125 0.000000
vt 0.312500 0.437500
vt 0.312500 0.875000
vt 0.312500 0.375000
vt 0.312500 0.812500
vt 0.312500 0.312500
vt 0.312500 0.750000
vt 0.312500 0.250000
vt 0.312500 0.687500
vt 0.312500 0.187500
vt 0.312500 0.625000
vt 0.312500 0.125000
vt 0.281250 0.750000
vt 0.281250 0.250000
vt 0.281250 0.687500
vt 0.281250 0.187500
vt 0.281250 0.625000
vt 0.281250 0.125000
vt 0.281250 0.562500
vt 0.281250 0.062500
vt 0.281250 0.500000
vt 0.296875 1.000000
vt 0.281250 0.937500
vt 0.296875 0.000000
vt 0.281250 0.437500
vt 0.281250 0.875000
vt 0.281250 0.375000
vt 0.281250 0.812500
vt 0.281250 0.312500
vt 0.250000 0.562500
vt 0.250000 0.500000
vt 0.265625 1.000000
vt 0.250000 0.937500
vt 0.265625 0.000000
vt 0.250000 0.062500
vt 0.250000 0.437500
vt 0.250000 0.875000
vt 0.250000 0.375000
vt 0.250000 0.812500
vt 0.250000 0.312500
vt 0.250000 0.750000
vt 0.250000 0.250000
vt 0.250000 0.687500
vt 0.250000 0.187500
vt 0.250000 0.625000
vt 0.250000 0.125000
vt 0.218750 0.250000
vt 0.218750 0.750000
vt 0.218750 0.687500
vt 0.218750 0.187500
vt 0.218750 0.625000
vt 0.218750 0.125000
vt 0.218750 0.562500
vt 0.218750 0.062500
vt 0.218750 0.500000
vt 0.234375 1.000000
vt 0.218750 0.937500
vt 0.234375 0.000000
vt 0.218750 0.437500
vt 0.218750 0.875000
vt 0.218750 0.375000
vt 0.218750 0.812500
vt 0.218750 0.312500
vt 0.203125 0.000000
vt 0.187500 0.062500
vt 0.187500 0.437500
vt 0.187500 0.937500
vt 0.187500 0.875000
vt 0.187500 0.375000
vt 0.187500 0.812500
vt 0.187500 0.312500
vt 0.187500 0.750000
vt 0.187500 0.250000
vt 0.187500 0.687500
vt 0.187500 0.187500
vt 0.187500 0.625000
vt 0.187500 0.125000
vt 0.187500 0.562500
vt 0.187500 0.500000
vt 0.203125 1.000000
vt 0.156250 0.250000
vt 0.156250 0.187500
vt 0.156250 0.625000
vt 0.156250 0.125000
vt 0.156250 0.562500
vt 0.156250 0.062500
vt 0.156250 0.500000
vt 0.171875 1.000000
vt 0.156250 0.937500
vt 0.171875 0.000000
vt 0.156250 0.437500
vt 0.156250 0.875000
vt 0.156250 0.375000
vt 0.156250 0.812500
vt 0.156250 0.312500
vt 0.156250 0.750000
vt 0.156250 0.687500
vt 0.125000 0.875000
vt 0.125000 0.375000
vt 0.125000 0.812500
vt 0.125000 0.312500
vt 0.125000 0.750000
vt 0.125000 0.250000
vt 0.125000 0.687500
vt 0.125000 0.187500
vt 0.125000 0.625000
vt 0.125000 0.125000
vt 0.125000 0.562500
vt 0.125000 0.062500
vt 0.125000 0.500000
vt 0.140625 1.000000
vt 0.125000 0.937500
vt 0.140625 0.000000
vt 0.125000 0.437500
vt 0.093750 0.625000
vt 0.093750 0.125000
vt 0.093750 0.562500
vt 0.093750 0.062500
vt 0.093750 0.500000
vt 0.109375 1.000000
vt 0.093750 0.937500
vt 0.109375 0.000000
vt 0.093750 0.437500
vt 0.093750 0.875000
vt 0.093750 0.375000
vt 0.093750 0.812500
vt 0.093750 0.312500
vt 0.093750 0.750000
vt 0.093750 0.250000
vt 0.093750 0.687500
vt 0.093750 0.187500
vt 0.062500 0.375000
vt 0.062500 0.812500
vt 0.062500 0.312500
vt 0.062500 0.750000
vt 0.062500 0.250000
vt 0.062500 0.687500
vt 0.062500 0.187500
vt 0.062500 0.625000
vt 0.062500 0.125000
vt 0.062500 0.562500
vt 0.062500 0.062500
vt 0.062500 0.500000
vt 0.078125 1.000000
vt 0.062500 0.937500
vt 0.078125 0.000000
vt 0.062500 0.437500
vt 0.062500 0.875000
vt 0.031250 0.125000
vt 0.031250 0.625000
vt 0.031250 0.562500
vt 0.031250 0.062500
vt 0.031250 0.500000
vt 0.046875 1.000000
vt 0.031250 0.937500
vt 0.046875 0.000000
vt 0.031250 0.437500
vt 0.031250 0.875000
vt 0.031250 0.375000
vt 0.031250 0.812500
vt 0.031250 0.312500
vt 0.031250 0.750000
vt 0.031250 0.250000
vt 0.031250 0.687500
vt 0.031250 0.187500
vt 0.000000 0.875000
vt 0.000000 0.812500
vt 0.000000 0.375000
vt 0.000000 0.312500
vt 0.000000 0.750000
vt 0.000000 0.250000
vt 0.000000 0.687500
vt 0.000000 0.187500
vt 0.000000 0.625000
vt 0.000000 0.125000
vt 0.000000 0.562500
vt 0.000000 0.062500
vt 0.000000 0.500000
vt 0.015625 1.000000
vt 0.000000 0.937500
vt 0.015625 0.000000
vt 0.000000 0.437500
vt 1.000000 0.562500
vt 0.968750 0.625000
vt 0.968750 0.562500
vt 1.000000 0.125000
vt 0.968750 0.062500
vt 1.000000 0.062500
vt 1.000000 0.500000
vt 0.968750 0.500000
vt 1.000000 0.937500
vt 0.984375 1.000000
vt 0.968750 0.937500
vt 0.984375 0.000000
vt 0.968750 0.437500
vt 1.000000 0.437500
vt 0.968750 0.875000
vt 1.000000 0.875000
vt 0.968750 0.375000
vt 1.000000 0.375000
vt 1.000000 0.812500
vt 0.968750 0.812500
vt 1.000000 0.312500
vt 0.968750 0.312500
vt 0.968750 0.750000
vt 1.000000 0.750000
vt 0.968750 0.250000
vt 1.000000 0.250000
vt 1.000000 0.687500
vt 0.968750 0.687500
vt 1.000000 0.187500
vt 0.968750 0.187500
vt 1.000000 0.625000
vt 0.968750 0.125000
vt 0.937500 0.375000
vt 0.937500 0.312500
vt 0.937500 0.750000
vt 0.937500 0.250000
vt 0.937500 0.687500
vt 0.937500 0.187500
vt 0.937500 0.625000
vt 0.937500 0.125000
vt 0.937500 0.562500
vt 0.937500 0.062500
vt 0.937500 0.500000
vt 0.953125 1.000000
vt 0.937500 0.937500
vt 0.953125 0.000000
vt 0.937500 0.437500
vt 0.937500 0.875000
vt 0.937500 0.812500
vt 0.906250 0.062500
vt 0.906250 0.562500
vt 0.906250 0.500000
vt 0.921875 1.000000
vt 0.906250 0.937500
vt 0.921875 0.000000
vt 0.906250 0.437500
vt 0.906250 0.875000
vt 0.906250 0.375000
vt 0.906250 0.812500
vt 0.906250 0.312500
vt 0.906250 0.750000
vt 0.906250 0.250000
vt 0.906250 0.687500
vt 0.906250 0.187500
vt 0.906250 0.625000
vt 0.906250 0.125000
vt 0.875000 0.250000
vt 0.875000 0.750000
vt 0.875000 0.687500
vt 0.875000 0.187500
vt 0.875000 0.625000
vt 0.875000 0.125000
vt 0.875000 0.562500
vt 0.875000 0.062500
vt 0.875000 0.500000
vt 0.890625 1.000000
vt 0.875000 0.937500
vt 0.890625 0.000000
vt 0.875000 0.437500
vt 0.875000 0.875000
vt 0.875000 0.375000
vt 0.875000 0.812500
vt 0.875000 0.312500
vt 0.859375 1.000000
vt 0.843750 0.937500
vt 0.859375 0.000000
vt 0.843750 0.062500
vt 0.843750 0.437500
vt 0.843750 0.875000
vt 0.843750 0.375000
vt 0.843750 0.812500
vt 0.843750 0.312500
vt 0.843750 0.750000
vt 0.843750 0.250000
vt 0.843750 0.687500
vt 0.843750 0.187500
vt 0.843750 0.625000
vt 0.843750 0.125000
vt 0.843750 0.562500
vt 0.843750 0.500000
vt 0.812500 0.750000
vt 0.812500 0.687500
vt 0.812500 0.250000
vt 0.812500 0.187500
vt 0.812500 0.625000
vt 0.812500 0.125000
vt 0.812500 0.562500
vt 0.812500 0.062500
vt 0.812500 0.500000
vt 0.828125 1.000000
vt 0.812500 0.937500
vt 0.828125 0.000000
vt 0.812500 0.437500
vt 0.812500 0.875000
vt 0.812500 0.375000
vt 0.812500 0.812500
vt 0.812500 0.312500
vt 0.781250 0.437500
vt 0.781250 0.875000
vt 0.781250 0.375000
vt 0.781250 0.812500
vt 0.781250 0.312500
vt 0.781250 0.750000
vt 0.781250 0.250000
vt 0.781250 0.687500
vt 0.781250 0.187500
vt 0.781250 0.625000
vt 0.781250 0.125000
vt 0.781250 0.562500
vt 0.781250 0.062500
vt 0.781250 0.500000
vt 0.796875 1.000000
vt 0.781250 0.937500
vt 0.796875 0.000000
vt 0.765625 1.000000
vt 0.765625 0.000000
s 0
f 2707/1007/3200 2715/1008/3200 2716/1009/3200
f 3184/1010/3201 2724/1011/3201 3185/1012/3201
f 3182/1013/3202 2716/1009/3202 2717/1014/3202
f 3185/1012/3203 2725/1015/3203 3186/1016/3203
f 2708/1017/3204 2717/1014/3204 2718/1018/3204
f 3186/1016/3205 2726/1019/3205 3187/1020/3205
f 2708/1017/3206 2719/1021/3206 2709/1022/3206
f 3179/1023/3207 2787/1024/3207 2712/1025/3207
f 3013/1026/3208 3187/1020/3208 2726/1019/3208
f 2709/1022/3209 2720/1027/3209 2710/1028/3209
f 3180/1029/3210 2712/1025/3210 2713/1030/3210
f 2710/1028/3211 2721/1031/3211 3183/1032/3211
f 2706/1033/3212 2713/1030/3212 2714/1034/3212
f 3183/1032/3213 2722/1035/3213 2711/1036/3213
f 3181/1037/3214 2714/1034/3214 2715/1008/3214
f 2711/1036/3215 2723/1038/3215 3184/1010/3215
f 2714/1034/3216 2730/1039/3216 2715/1008/3216
f 2722/1035/3217 2738/1040/3217 2723/1038/3217
f 2715/1008/3218 2731/1041/3218 2716/1009/3218
f 2724/1011/3219 2738/1040/3219 2739/1042/3219
f 2716/1009/3220 2732/1043/3220 2717/1014/3220
f 2725/1015/3221 2739/1042/3221 2740/1044/3221
f 2718/1018/3222 2732/1043/3222 2733/1045/3222
f 2725/1015/3223 2741/1046/3223 2726/1019/3223
f 2718/1018/3224 2734/1047/3224 2719/1021/3224
f 2712/1025/3225 2787/1048/3225 2727/1049/3225
f 3013/1050/3226 2726/1019/3226 2741/1046/3226
f 2719/1021/3227 2735/1051/3227 2720/1027/3227
f 2712/1025/3228 2728/1052/3228 2713/1030/3228
f 2720/1027/3229 2736/1053/3229 2721/1031/3229
f 2713/1030/3230 2729/1054/3230 2714/1034/3230
f 2721/1031/3231 2737/1055/3231 2722/1035/3231
f 2733/1045/3232 2749/1056/3232 2734/1047/3232
f 2727/1049/3233 2787/1057/3233 2742/1058/3233
f 3013/1059/3234 2741/1046/3234 2756/1060/3234
f 2735/1051/3235 2749/1056/3235 2750/1061/3235
f 2727/1049/3236 2743/1062/3236 2728/1052/3236
f 2735/1051/3237 2751/1063/3237 2736/1053/3237
f 2728/1052/3238 2744/1064/3238 2729/1054/3238
f 2737/1055/3239 2751/1063/3239 2752/1065/3239
f 2729/1054/3240 2745/1066/3240 2730/1039/3240
f 2738/1040/3241 2752/1065/3241 2753/1067/3241
f 2730/1039/3242 2746/1068/3242 2731/1041/3242
f 2739/1042/3243 2753/1067/3243 2754/1069/3243
f 2731/1041/3244 2747/1070/3244 2732/1043/3244
f 2739/1042/3245 2755/1071/3245 2740/1044/3245
f 2732/1043/3246 2748/1072/3246 2733/1045/3246
f 2740/1044/3247 2756/1060/3247 2741/1046/3247
f 2752/1065/3248 2768/1073/3248 2753/1067/3248
f 2745/1066/3249 2761/1074/3249 2746/1068/3249
f 2753/1067/3250 2769/1075/3250 2754/1069/3250
f 2746/1068/3251 2762/1076/3251 2747/1070/3251
f 2754/1069/3252 2770/1077/3252 2755/1071/3252
f 2748/1072/3253 2762/1076/3253 2763/1078/3253
f 2755/1071/3254 2771/1079/3254 2756/1060/3254
f 2749/1056/3255 2763/1078/3255 2764/1080/3255
f 2742/1058/3256 2787/1081/3256 2757/1082/3256
f 3013/1083/3257 2756/1060/3257 2771/1079/3257
f 2749/1056/3258 2765/1084/3258 2750/1061/3258
f 2742/1058/3259 2758/1085/3259 2743/1062/3259
f 2750/1061/3260 2766/1086/3260 2751/1063/3260
f 2743/1062/3261 2759/1087/3261 2744/1064/3261
f 2752/1065/3262 2766/1086/3262 2767/1088/3262
f 2744/1064/3263 2760/1089/3263 2745/1066/3263
f 2757/1082/3264 2787/1090/3264 2772/1091/3264
f 3013/1092/3265 2771/1079/3265 2786/1093/3265
f 2764/1080/3266 2780/1094/3266 2765/1084/3266
f 2757/1082/3267 2773/1095/3267 2758/1085/3267
f 2765/1084/3268 2781/1096/3268 2766/1086/3268
f 2758/1085/3269 2774/1097/3269 2759/1087/3269
f 2767/1088/3270 2781/1096/3270 2782/1098/3270
f 2759/1087/3271 2775/1099/3271 2760/1089/3271
f 2767/1088/3272 2783/1100/3272 2768/1073/3272
f 2761/1074/3273 2775/1099/3273 2776/1101/3273
f 2768/1073/3274 2784/1102/3274 2769/1075/3274
f 2761/1074/3275 2777/1103/3275 2762/1076/3275
f 2770/1077/3276 2784/1102/3276 2785/1104/3276
f 2763/1078/3277 2777/1103/3277 2778/1105/3277
f 2770/1077/3278 2786/1093/3278 2771/1079/3278
f 2764/1080/3279 2778/1105/3279 2779/1106/3279
f 2776/1101/3280 2791/1107/3280 2792/1108/3280
f 2783/1100/3281 2800/1109/3281 2784/1102/3281
f 2776/1101/3282 2793/1110/3282 2777/1103/3282
f 2784/1102/3283 2801/1111/3283 2785/1104/3283
f 2778/1105/3284 2793/1110/3284 2794/1112/3284
f 2786/1093/3285 2801/1111/3285 2802/1113/3285
f 2779/1106/3286 2794/1112/3286 2795/1114/3286
f 2772/1091/3287 2787/1115/3287 2788/1116/3287
f 3013/1117/3288 2786/1093/3288 2802/1113/3288
f 2779/1106/3289 2796/1118/3289 2780/1094/3289
f 2772/1091/3290 2789/1119/3290 2773/1095/3290
f 2780/1094/3291 2797/1120/3291 2781/1096/3291
f 2773/1095/3292 2790/1121/3292 2774/1097/3292
f 2782/1098/3293 2797/1120/3293 2798/1122/3293
f 2774/1097/3294 2791/1107/3294 2775/1099/3294
f 2782/1098/3295 2799/1123/3295 2783/1100/3295
f 2795/1114/3296 2811/1124/3296 2796/1118/3296
f 2789/1119/3297 2803/1125/3297 2804/1126/3297
f 2796/1118/3298 2812/1127/3298 2797/1120/3298
f 2789/1119/3299 2805/1128/3299 2790/1121/3299
f 2798/1122/3300 2812/1127/3300 2813/1129/3300
f 2790/1121/3301 2806/1130/3301 2791/1107/3301
f 2798/1122/3302 2814/1131/3302 2799/1123/3302
f 2792/1108/3303 2806/1130/3303 2807/1132/3303
f 2800/1109/3304 2814/1131/3304 2815/1133/3304
f 2792/1108/3305 2808/1134/3305 2793/1110/3305
f 2801/1111/3306 2815/1133/3306 2816/1135/3306
f 2794/1112/3307 2808/1134/3307 2809/1136/3307
f 2801/1111/3308 2817/1137/3308 2802/1113/3308
f 2795/1114/3309 2809/1136/3309 2810/1138/3309
f 2788/1116/3310 2787/1139/3310 2803/1125/3310
f 3013/1140/3311 2802/1113/3311 2817/1137/3311
f 2815/1133/3312 2829/1141/3312 2830/1142/3312
f 2807/1132/3313 2823/1143/3313 2808/1134/3313
f 2815/1133/3314 2831/1144/3314 2816/1135/3314
f 2809/1136/3315 2823/1143/3315 2824/1145/3315
f 2816/1135/3316 2832/1146/3316 2817/1137/3316
f 2810/1138/3317 2824/1145/3317 2825/1147/3317
f 2803/1125/3318 2787/1148/3318 2818/1149/3318
f 3013/1150/3319 2817/1137/3319 2832/1146/3319
f 2810/1138/3320 2826/1151/3320 2811/1124/3320
f 2804/1126/3321 2818/1149/3321 2819/1152/3321
f 2811/1124/3322 2827/1153/3322 2812/1127/3322
f 2804/1126/3323 2820/1154/3323 2805/1128/3323
f 2813/1129/3324 2827/1153/3324 2828/1155/3324
f 2805/1128/3325 2821/1156/3325 2806/1130/3325
f 2813/1129/3326 2829/1141/3326 2814/1131/3326
f 2807/1132/3327 2821/1156/3327 2822/1157/3327
f 2826/1151/3328 2842/1158/3328 2827/1153/3328
f 2819/1152/3329 2835/1159/3329 2820/1154/3329
f 2828/1155/3330 2842/1158/3330 2843/1160/3330
f 2820/1154/3331 2836/1161/3331 2821/1156/3331
f 2828/1155/3332 2844/1162/3332 2829/1141/3332
f 2822/1157/3333 2836/1161/3333 2837/1163/3333
f 2830/1142/3334 2844/1162/3334 2845/1164/3334
f 2822/1157/3335 2838/1165/3335 2823/1143/3335
f 2830/1142/3336 2846/1166/3336 2831/1144/3336
f 2824/1145/3337 2838/1165/3337 2839/1167/3337
f 2831/1144/3338 2847/1168/3338 2832/1146/3338
f 2825/1147/3339 2839/1167/3339 2840/1169/3339
f 2818/1149/3340 2787/1170/3340 2833/1171/3340
f 3013/1172/3341 2832/1146/3341 2847/1168/3341
f 2825/1147/3342 2841/1173/3342 2826/1151/3342
f 2818/1149/3343 2834/1174/3343 2819/1152/3343
f 2845/1164/3344 2861/1175/3344 2846/1166/3344
f 2839/1167/3345 2853/1176/3345 2854/1177/3345
f 2847/1168/3346 2861/1175/3346 2862/1178/3346
f 2840/1169/3347 2854/1177/3347 2855/1179/3347
f 2833/1171/3348 2787/1180/3348 2848/1181/3348
f 3013/1182/3349 2847/1168/3349 2862/1178/3349
f 2840/1169/3350 2856/1183/3350 2841/1173/3350
f 2833/1171/3351 2849/1184/3351 2834/1174/3351
f 2841/1173/3352 2857/1185/3352 2842/1158/3352
f 2835/1159/3353 2849/1184/3353 2850/1186/3353
f 2843/1160/3354 2857/1185/3354 2858/1187/3354
f 2835/1159/3355 2851/1188/3355 2836/1161/3355
f 2843/1160/3356 2859/1189/3356 2844/1162/3356
f 2837/1163/3357 2851/1188/3357 2852/1190/3357
f 2845/1164/3358 2859/1189/3358 2860/1191/3358
f 2837/1163/3359 2853/1176/3359 2838/1165/3359
f 2850/1186/3360 2864/1192/3360 2865/1193/3360
f 2858/1187/3361 2872/1194/3361 2873/1195/3361
f 2850/1186/3362 2866/1196/3362 2851/1188/3362
f 2858/1187/3363 2874/1197/3363 2859/1189/3363
f 2852/1190/3364 2866/1196/3364 2867/1198/3364
f 2860/1191/3365 2874/1197/3365 2875/1199/3365
f 2852/1190/3366 2868/1200/3366 2853/1176/3366
f 2860/1191/3367 2876/1201/3367 2861/1175/3367
f 2854/1177/3368 2868/1200/3368 2869/1202/3368
f 2861/1175/3369 2877/1203/3369 2862/1178/3369
f 2855/1179/3370 2869/1202/3370 2870/1204/3370
f 2848/1181/3371 2787/1205/3371 2863/1206/3371
f 3013/1207/3372 2862/1178/3372 2877/1203/3372
f 2855/1179/3373 2871/1208/3373 2856/1183/3373
f 2848/1181/3374 2864/1192/3374 2849/1184/3374
f 2856/1183/3375 2872/1194/3375 2857/1185/3375
f 2869/1202/3376 2883/1209/3376 2884/1210/3376
f 2877/1203/3377 2891/1211/3377 2892/1212/3377
f 2870/1204/3378 2884/1210/3378 2885/1213/3378
f 2863/1206/3379 2787/1214/3379 2878/1215/3379
f 3013/1216/3380 2877/1203/3380 2892/1212/3380
f 2870/1204/3381 2886/1217/3381 2871/1208/3381
f 2863/1206/3382 2879/1218/3382 2864/1192/3382
f 2871/1208/3383 2887/1219/3383 2872/1194/3383
f 2864/1192/3384 2880/1220/3384 2865/1193/3384
f 2873/1195/3385 2887/1219/3385 2888/1221/3385
f 2865/1193/3386 2881/1222/3386 2866/1196/3386
f 2873/1195/3387 2889/1223/3387 2874/1197/3387
f 2867/1198/3388 2881/1222/3388 2882/1224/3388
f 2874/1197/3389 2890/1225/3389 2875/1199/3389
f 2867/1198/3390 2883/1209/3390 2868/1200/3390
f 2876/1201/3391 2890/1225/3391 2891/1211/3391
f 2888/1221/3392 2902/1226/3392 2903/1227/3392
f 2880/1220/3393 2896/1228/3393 2881/1222/3393
f 2888/1221/3394 2904/1229/3394 2889/1223/3394
f 2882/1224/3395 2896/1228/3395 2897/1230/3395
f 2890/1225/3396 2904/1229/3396 2905/1231/3396
f 2882/1224/3397 2898/1232/3397 2883/1209/3397
f 2890/1225/3398 2906/1233/3398 2891/1211/3398
f 2884/1210/3399 2898/1232/3399 2899/1234/3399
f 2891/1211/3400 2907/1235/3400 2892/1212/3400
f 2885/1213/3401 2899/1234/3401 2900/1236/3401
f 2878/1215/3402 2787/1237/3402 2893/1238/3402
f 3013/1239/3403 2892/1212/3403 2907/1235/3403
f 2885/1213/3404 2901/1240/3404 2886/1217/3404
f 2879/1218/3405 2893/1238/3405 2894/1241/3405
f 2886/1217/3406 2902/1226/3406 2887/1219/3406
f 2880/1220/3407 2894/1241/3407 2895/1242/3407
f 2906/1233/3408 2922/1243/3408 2907/1235/3408
f 2900/1236/3409 2914/1244/3409 2915/1245/3409
f 2893/1238/3410 2787/1246/3410 2908/1247/3410
f 3013/1248/3411 2907/1235/3411 2922/1243/3411
f 2900/1236/3412 2916/1249/3412 2901/1240/3412
f 2893/1238/3413 2909/1250/3413 2894/1241/3413
f 2901/1240/3414 2917/1251/3414 2902/1226/3414
f 2894/1241/3415 2910/1252/3415 2895/1242/3415
f 2903/1227/3416 2917/1251/3416 2918/1253/3416
f 2895/1242/3417 2911/1254/3417 2896/1228/3417
f 2903/1227/3418 2919/1255/3418 2904/1229/3418
f 2897/1230/3419 2911/1254/3419 2912/1256/3419
f 2905/1231/3420 2919/1255/3420 2920/1257/3420
f 2897/1230/3421 2913/1258/3421 2898/1232/3421
f 2905/1231/3422 2921/1259/3422 2906/1233/3422
f 2899/1234/3423 2913/1258/3423 2914/1244/3423
f 2910/1252/3424 2926/1260/3424 2911/1254/3424
f 2918/1253/3425 2934/1261/3425 2919/1255/3425
f 2912/1256/3426 2926/1260/3426 2927/1262/3426
f 2920/1257/3427 2934/1261/3427 2935/1263/3427
f 2912/1256/3428 2928/1264/3428 2913/1258/3428
f 2920/1257/3429 2936/1265/3429 2921/1259/3429
f 2914/1244/3430 2928/1264/3430 2929/1266/3430
f 2921/1259/3431 2937/1267/3431 2922/1243/3431
f 2915/1245/3432 2929/1266/3432 2930/1268/3432
f 2908/1247/3433 2787/1269/3433 2923/1270/3433
f 3013/1271/3434 2922/1243/3434 2937/1267/3434
f 2915/1245/3435 2931/1272/3435 2916/1249/3435
f 2908/1247/3436 2924/1273/3436 2909/1250/3436
f 2916/1249/3437 2932/1274/3437 2917/1251/3437
f 2909/1250/3438 2925/1275/3438 2910/1252/3438
f 2918/1253/3439 2932/1274/3439 2933/1276/3439
f 2930/1268/3440 2944/1277/3440 2945/1278/3440
f 2923/1270/3441 2787/1279/3441 2938/1280/3441
f 3013/1281/3442 2937/1267/3442 2952/1282/3442
f 2930/1268/3443 2946/1283/3443 2931/1272/3443
f 2923/1270/3444 2939/1284/3444 2924/1273/3444
f 2931/1272/3445 2947/1285/3445 2932/1274/3445
f 2925/1275/3446 2939/1284/3446 2940/1286/3446
f 2933/1276/3447 2947/1285/3447 2948/1287/3447
f 2925/1275/3448 2941/1288/3448 2926/1260/3448
f 2933/1276/3449 2949/1289/3449 2934/1261/3449
f 2927/1262/3450 2941/1288/3450 2942/1290/3450
f 2935/1263/3451 2949/1289/3451 2950/1291/3451
f 2927/1262/3452 2943/1292/3452 2928/1264/3452
f 2935/1263/3453 2951/1293/3453 2936/1265/3453
f 2929/1266/3454 2943/1292/3454 2944/1277/3454
f 2937/1267/3455 2951/1293/3455 2952/1282/3455
f 2948/1287/3456 2964/1294/3456 2949/1289/3456
f 2942/1290/3457 2956/1295/3457 2957/1296/3457
f 2950/1291/3458 2964/1294/3458 2965/1297/3458
f 2942/1290/3459 2958/1298/3459 2943/1292/3459
f 2950/1291/3460 2966/1299/3460 2951/1293/3460
f 2944/1277/3461 2958/1298/3461 2959/1300/3461
f 2951/1293/3462 2967/1301/3462 2952/1282/3462
f 2945/1278/3463 2959/1300/3463 2960/1302/3463
f 2938/1280/3464 2787/1303/3464 2953/1304/3464
f 3013/1305/3465 2952/1282/3465 2967/1301/3465
f 2945/1278/3466 2961/1306/3466 2946/1283/3466
f 2938/1280/3467 2954/1307/3467 2939/1284/3467
f 2946/1283/3468 2962/1308/3468 2947/1285/3468
f 2939/1284/3469 2955/1309/3469 2940/1286/3469
f 2948/1287/3470 2962/1308/3470 2963/1310/3470
f 2940/1286/3471 2956/1295/3471 2941/1288/3471
f 3013/1311/3472 2967/1301/3472 2982/1312/3472
f 2960/1302/3473 2976/1313/3473 2961/1306/3473
f 2954/1307/3474 2968/1314/3474 2969/1315/3474
f 2961/1306/3475 2977/1316/3475 2962/1308/3475
f 2954/1307/3476 2970/1317/3476 2955/1309/3476
f 2963/1310/3477 2977/1316/3477 2978/1318/3477
f 2955/1309/3478 2971/1319/3478 2956/1295/3478
f 2963/1310/3479 2979/1320/3479 2964/1294/3479
f 2957/1296/3480 2971/1319/3480 2972/1321/3480
f 2965/1297/3481 2979/1320/3481 2980/1322/3481
f 2957/1296/3482 2973/1323/3482 2958/1298/3482
f 2965/1297/3483 2981/1324/3483 2966/1299/3483
f 2959/1300/3484 2973/1323/3484 2974/1325/3484
f 2966/1299/3485 2982/1312/3485 2967/1301/3485
f 2960/1302/3486 2974/1325/3486 2975/1326/3486
f 2953/1304/3487 2787/1327/3487 2968/1314/3487
f 2980/1322/3488 2994/1328/3488 2995/1329/3488
f 2972/1321/3489 2988/1330/3489 2973/1323/3489
f 2980/1322/3490 2996/1331/3490 2981/1324/3490
f 2974/1325/3491 2988/1330/3491 2989/1332/3491
f 2982/1312/3492 2996/1331/3492 2997/1333/3492
f 2975/1326/3493 2989/1332/3493 2990/1334/3493
f 2968/1314/3494 2787/1335/3494 2983/1336/3494
f 3013/1337/3495 2982/1312/3495 2997/1333/3495
f 2975/1326/3496 2991/1338/3496 2976/1313/3496
f 2969/1315/3497 2983/1336/3497 2984/1339/3497
f 2976/1313/3498 2992/1340/3498 2977/1316/3498
f 2969/1315/3499 2985/1341/3499 2970/1317/3499
f 2978/1318/3500 2992/1340/3500 2993/1342/3500
f 2970/1317/3501 2986/1343/3501 2971/1319/3501
f 2978/1318/3502 2994/1328/3502 2979/1320/3502
f 2972/1321/3503 2986/1343/3503 2987/1344/3503
f 2983/1336/3504 2999/1345/3504 2984/1339/3504
f 2991/1338/3505 3007/1346/3505 2992/1340/3505
f 2984/1339/3506 3000/1347/3506 2985/1341/3506
f 2993/1342/3507 3007/1346/3507 3008/1348/3507
f 2985/1341/3508 3001/1349/3508 2986/1343/3508
f 2993/1342/3509 3009/1350/3509 2994/1328/3509
f 2987/1344/3510 3001/1349/3510 3002/1351/3510
f 2995/1329/3511 3009/1350/3511 3010/1352/3511
f 2987/1344/3512 3003/1353/3512 2988/1330/3512
f 2995/1329/3513 3011/1354/3513 2996/1331/3513
f 2989/1332/3514 3003/1353/3514 3004/1355/3514
f 2997/1333/3515 3011/1354/3515 3012/1356/3515
f 2990/1334/3516 3004/1355/3516 3005/1357/3516
f 2983/1336/3517 2787/1358/3517 2998/1359/3517
f 3013/1360/3518 2997/1333/3518 3012/1356/3518
f 2990/1334/3519 3006/1361/3519 2991/1338/3519
f 3002/1351/3520 3019/1362/3520 3003/1353/3520
f 3010/1352/3521 3027/1363/3521 3011/1354/3521
f 3004/1355/3522 3019/1362/3522 3020/1364/3522
f 3011/1354/3523 3028/1365/3523 3012/1356/3523
f 3005/1357/3524 3020/1364/3524 3021/1366/3524
f 2998/1359/3525 2787/1367/3525 3014/1368/3525
f 3013/1369/3526 3012/1356/3526 3028/1365/3526
f 3005/1357/3527 3022/1370/3527 3006/1361/3527
f 2998/1359/3528 3015/1371/3528 2999/1345/3528
f 3006/1361/3529 3023/1372/3529 3007/1346/3529
f 2999/1345/3530 3016/1373/3530 3000/1347/3530
f 3008/1348/3531 3023/1372/3531 3024/1374/3531
f 3000/1347/3532 3017/1375/3532 3001/1349/3532
f 3008/1348/3533 3025/1376/3533 3009/1350/3533
f 3002/1351/3534 3017/1375/3534 3018/1377/3534
f 3010/1352/3535 3025/1376/3535 3026/1378/3535
f 3022/1370/3536 3038/1379/3536 3023/1372/3536
f 3015/1371/3537 3031/1380/3537 3016/1373/3537
f 3024/1374/3538 3038/1379/3538 3039/1381/3538
f 3016/1373/3539 3032/1382/3539 3017/1375/3539
f 3024/1374/3540 3040/1383/3540 3025/1376/3540
f 3017/1375/3541 3033/1384/3541 3018/1377/3541
f 3026/1378/3542 3040/1383/3542 3041/1385/3542
f 3018/1377/3543 3034/1386/3543 3019/1362/3543
f 3026/1378/3544 3042/1387/3544 3027/1363/3544
f 3020/1364/3545 3034/1386/3545 3035/1388/3545
f 3027/1363/3546 3043/1389/3546 3028/1365/3546
f 3021/1366/3547 3035/1388/3547 3036/1390/3547
f 3014/1368/3548 2787/1391/3548 3029/1392/3548
f 3013/1393/3549 3028/1365/3549 3043/1389/3549
f 3021/1366/3550 3037/1394/3550 3022/1370/3550
f 3014/1368/3551 3030/1395/3551 3015/1371/3551
f 3041/1385/3552 3057/1396/3552 3042/1387/3552
f 3035/1388/3553 3049/1397/3553 3050/1398/3553
f 3042/1387/3554 3058/1399/3554 3043/1389/3554
f 3036/1390/3555 3050/1398/3555 3051/1400/3555
f 3029/1392/3556 2787/1401/3556 3044/1402/3556
f 3013/1403/3557 3043/1389/3557 3058/1399/3557
f 3036/1390/3558 3052/1404/3558 3037/1394/3558
f 3029/1392/3559 3045/1405/3559 3030/1395/3559
f 3037/1394/3560 3053/1406/3560 3038/1379/3560
f 3030/1395/3561 3046/1407/3561 3031/1380/3561
f 3039/1381/3562 3053/1406/3562 3054/1408/3562
f 3031/1380/3563 3047/1409/3563 3032/1382/3563
f 3039/1381/3564 3055/1410/3564 3040/1383/3564
f 3033/1384/3565 3047/1409/3565 3048/1411/3565
f 3041/1385/3566 3055/1410/3566 3056/1412/3566
f 3033/1384/3567 3049/1397/3567 3034/1386/3567
f 3046/1407/3568 3060/1413/3568 3061/1414/3568
f 3054/1408/3569 3068/1415/3569 3069/1416/3569
f 3046/1407/3570 3062/1417/3570 3047/1409/3570
f 3054/1408/3571 3070/1418/3571 3055/1410/3571
f 3048/1411/3572 3062/1417/3572 3063/1419/3572
f 3056/1412/3573 3070/1418/3573 3071/1420/3573
f 3048/1411/3574 3064/1421/3574 3049/1397/3574
f 3056/1412/3575 3072/1422/3575 3057/1396/3575
f 3050/1398/3576 3064/1421/3576 3065/1423/3576
f 3057/1396/3577 3073/1424/3577 3058/1399/3577
f 3051/1400/3578 3065/1423/3578 3066/1425/3578
f 3044/1402/3579 2787/1426/3579 3059/1427/3579
f 3013/1428/3580 3058/1399/3580 3073/1424/3580
f 3051/1400/3581 3067/1429/3581 3052/1404/3581
f 3044/1402/3582 3060/1413/3582 3045/1405/3582
f 3052/1404/3583 3068/1415/3583 3053/1406/3583
f 3065/1430/3584 3079/1431/3584 3080/1432/3584
f 3072/1433/3585 3088/1434/3585 3073/1435/3585
f 3066/1436/3586 3080/1432/3586 3081/1437/3586
f 3059/1438/3587 2787/1439/3587 3074/1440/3587
f 3013/1441/3588 3073/1435/3588 3088/1434/3588
f 3066/1436/3589 3082/1442/3589 3067/1443/3589
f 3059/1438/3590 3075/1444/3590 3060/1445/3590
f 3067/1443/3591 3083/1446/3591 3068/1447/3591
f 3061/1448/3592 3075/1444/3592 3076/1449/3592
f 3069/1450/3593 3083/1446/3593 3084/1451/3593
f 3061/1448/3594 3077/1452/3594 3062/1453/3594
f 3069/1450/3595 3085/1454/3595 3070/1455/3595
f 3063/1456/3596 3077/1452/3596 3078/1457/3596
f 3071/1458/3597 3085/1454/3597 3086/1459/3597
f 3063/1456/3598 3079/1431/3598 3064/1460/3598
f 3071/1458/3599 3087/1461/3599 3072/1433/3599
f 3084/1451/3600 3098/1462/3600 3099/1463/3600
f 3076/1449/3601 3092/1464/3601 3077/1452/3601
f 3084/1451/3602 3100/1465/3602 3085/1454/3602
f 3078/1457/3603 3092/1464/3603 3093/1466/3603
f 3086/1459/3604 3100/1465/3604 3101/1467/3604
f 3078/1457/3605 3094/1468/3605 3079/1431/3605
f 3086/1459/3606 3102/1469/3606 3087/1461/3606
f 3080/1432/3607 3094/1468/3607 3095/1470/3607
f 3087/1461/3608 3103/1471/3608 3088/1434/3608
f 3081/1437/3609 3095/1470/3609 3096/1472/3609
f 3074/1440/3610 2787/1473/3610 3089/1474/3610
f 3013/1475/3611 3088/1434/3611 3103/1471/3611
f 3081/1437/3612 3097/1476/3612 3082/1442/3612
f 3074/1440/3613 3090/1477/3613 3075/1444/3613
f 3082/1442/3614 3098/1462/3614 3083/1446/3614
f 3076/1449/3615 3090/1477/3615 3091/1478/3615
f 3102/1469/3616 3118/1479/3616 3103/1471/3616
f 3096/1472/3617 3110/1480/3617 3111/1481/3617
f 3089/1474/3618 2787/1482/3618 3104/1483/3618
f 3013/1484/3619 3103/1471/3619 3118/1479/3619
f 3096/1472/3620 3112/1485/3620 3097/1476/3620
f 3090/1477/3621 3104/1483/3621 3105/1486/3621
f 3097/1476/3622 3113/1487/3622 3098/1462/3622
f 3090/1477/3623 3106/1488/3623 3091/1478/3623
f 3099/1463/3624 3113/1487/3624 3114/1489/3624
f 3091/1478/3625 3107/1490/3625 3092/1464/3625
f 3099/1463/3626 3115/1491/3626 3100/1465/3626
f 3093/1466/3627 3107/1490/3627 3108/1492/3627
f 3101/1467/3628 3115/1491/3628 3116/1493/3628
f 3093/1466/3629 3109/1494/3629 3094/1468/3629
f 3102/1469/3630 3116/1493/3630 3117/1495/3630
f 3095/1470/3631 3109/1494/3631 3110/1480/3631
f 3114/1489/3632 3130/1496/3632 3115/1491/3632
f 3108/1492/3633 3122/1497/3633 3123/1498/3633
f 3116/1493/3634 3130/1496/3634 3131/1499/3634
f 3108/1492/3635 3124/1500/3635 3109/1494/3635
f 3116/1493/3636 3132/1501/3636 3117/1495/3636
f 3110/1480/3637 3124/1500/3637 3125/1502/3637
f 3117/1495/3638 3133/1503/3638 3118/1479/3638
f 3111/1481/3639 3125/1502/3639 3126/1504/3639
f 3104/1483/3640 2787/1505/3640 3119/1506/3640
f 3013/1507/3641 3118/1479/3641 3133/1503/3641
f 3111/1481/3642 3127/1508/3642 3112/1485/3642
f 3104/1483/3643 3120/1509/3643 3105/1486/3643
f 3112/1485/3644 3128/1510/3644 3113/1487/3644
f 3106/1488/3645 3120/1509/3645 3121/1511/3645
f 3114/1489/3646 3128/1510/3646 3129/1512/3646
f 3106/1488/3647 3122/1497/3647 3107/1490/3647
f 3119/1506/3648 2787/1513/3648 3134/1514/3648
f 3013/1515/3649 3133/1503/3649 3148/1516/3649
f 3126/1504/3650 3142/1517/3650 3127/1508/3650
f 3119/1506/3651 3135/1518/3651 3120/1509/3651
f 3127/1508/3652 3143/1519/3652 3128/1510/3652
f 3121/1511/3653 3135/1518/3653 3136/1520/3653
f 3129/1512/3654 3143/1519/3654 3144/1521/3654
f 3121/1511/3655 3137/1522/3655 3122/1497/3655
f 3129/1512/3656 3145/1523/3656 3130/1496/3656
f 3123/1498/3657 3137/1522/3657 3138/1524/3657
f 3131/1499/3658 3145/1523/3658 3146/1525/3658
f 3123/1498/3659 3139/1526/3659 3124/1500/3659
f 3131/1499/3660 3147/1527/3660 3132/1501/3660
f 3125/1502/3661 3139/1526/3661 3140/1528/3661
f 3132/1501/3662 3148/1516/3662 3133/1503/3662
f 3126/1504/3663 3140/1528/3663 3141/1529/3663
f 3138/1524/3664 3152/1530/3664 3153/1531/3664
f 3146/1525/3665 3160/1532/3665 3161/1533/3665
f 3138/1524/3666 3154/1534/3666 3139/1526/3666
f 3146/1525/3667 3162/1535/3667 3147/1527/3667
f 3140/1528/3668 3154/1534/3668 3155/1536/3668
f 3147/1527/3669 3163/1537/3669 3148/1516/3669
f 3141/1529/3670 3155/1536/3670 3156/1538/3670
f 3134/1514/3671 2787/1539/3671 3149/1540/3671
f 3013/1541/3672 3148/1516/3672 3163/1537/3672
f 3141/1529/3673 3157/1542/3673 3142/1517/3673
f 3135/1518/3674 3149/1540/3674 3150/1543/3674
f 3142/1517/3675 3158/1544/3675 3143/1519/3675
f 3135/1518/3676 3151/1545/3676 3136/1520/3676
f 3144/1521/3677 3158/1544/3677 3159/1546/3677
f 3136/1520/3678 3152/1530/3678 3137/1522/3678
f 3144/1521/3679 3160/1532/3679 3145/1523/3679
f 3156/1538/3680 3172/1547/3680 3157/1542/3680
f 3149/1540/3681 3165/1548/3681 3150/1543/3681
f 3157/1542/3682 3173/1549/3682 3158/1544/3682
f 3151/1545/3683 3165/1548/3683 3166/1550/3683
f 3159/1546/3684 3173/1549/3684 3174/1551/3684
f 3151/1545/3685 3167/1552/3685 3152/1530/3685
f 3159/1546/3686 3175/1553/3686 3160/1532/3686
f 3153/1531/3687 3167/1552/3687 3168/1554/3687
f 3161/1533/3688 3175/1553/3688 3176/1555/3688
f 3153/1531/3689 3169/1556/3689 3154/1534/3689
f 3161/1533/3690 3177/1557/3690 3162/1535/3690
f 3155/1536/3691 3169/1556/3691 3170/1558/3691
f 3163/1537/3692 3177/1557/3692 3178/1559/3692
f 3156/1538/3693 3170/1558/3693 3171/1560/3693
f 3149/1540/3694 2787/1561/3694 3164/1562/3694
f 3013/1563/3695 3163/1537/3695 3178/1559/3695
f 3176/1555/3696 3184/1010/3696 3185/1012/3696
f 3169/1556/3697 2707/1007/3697 3182/1013/3697
f 3176/1555/3698 3186/1016/3698 3177/1557/3698
f 3170/1558/3699 3182/1013/3699 2708/1017/3699
f 3177/1557/3700 3187/1020/3700 3178/1559/3700
f 3171/1560/3701 2708/1017/3701 2709/1022/3701
f 3164/1562/3702 2787/1564/3702 3179/1023/3702
f 3013/1565/3703 3178/1559/3703 3187/1020/3703
f 3171/1560/3704 2710/1028/3704 3172/1547/3704
f 3165/1548/3705 3179/1023/3705 3180/1029/3705
f 3172/1547/3706 3183/1032/3706 3173/1549/3706
f 3166/1550/3707 3180/1029/3707 2706/1033/3707
f 3173/1549/3708 2711/1036/3708 3174/1551/3708
f 3167/1552/3709 2706/1033/3709 3181/1037/3709
f 3174/1551/3710 3184/1010/3710 3175/1553/3710
f 3168/1554/3711 3181/1037/3711 2707/1007/3711
f 2707/1007/3200 3181/1037/3200 2715/1008/3200
f 3184/1010/3201 2723/1038/3201 2724/1011/3201
f 3182/1013/3202 2707/1007/3202 2716/1009/3202
f 3185/1012/3203 2724/1011/3203 2725/1015/3203
f 2708/1017/3204 3182/1013/3204 2717/1014/3204
f 3186/1016/3205 2725/1015/3205 2726/1019/3205
f 2708/1017/3206 2718/1018/3206 2719/1021/3206
f 2709/1022/3209 2719/1021/3209 2720/1027/3209
f 3180/1029/3210 3179/1023/3210 2712/1025/3210
f 2710/1028/3211 2720/1027/3211 2721/1031/3211
f 2706/1033/3212 3180/1029/3212 2713/1030/3212
f 3183/1032/3213 2721/1031/3213 2722/1035/3213
f 3181/1037/3214 2706/1033/3214 2714/1034/3214
f 2711/1036/3215 2722/1035/3215 2723/1038/3215
f 2714/1034/3216 2729/1054/3216 2730/1039/3216
f 2722/1035/3217 2737/1055/3217 2738/1040/3217
f 2715/1008/3218 2730/1039/3218 2731/1041/3218
f 2724/1011/3219 2723/1038/3219 2738/1040/3219
f 2716/1009/3220 2731/1041/3220 2732/1043/3220
f 2725/1015/3221 2724/1011/3221 2739/1042/3221
f 2718/1018/3222 2717/1014/3222 2732/1043/3222
f 2725/1015/3223 2740/1044/3223 2741/1046/3223
f 2718/1018/3224 2733/1045/3224 2734/1047/3224
f 2719/1021/3227 2734/1047/3227 2735/1051/3227
f 2712/1025/3228 2727/1049/3228 2728/1052/3228
f 2720/1027/3229 2735/1051/3229 2736/1053/3229
f 2713/1030/3230 2728/1052/3230 2729/1054/3230
f 2721/1031/3231 2736/1053/3231 2737/1055/3231
f 2733/1045/3232 2748/1072/3232 2749/1056/3232
f 2735/1051/3235 2734/1047/3235 2749/1056/3235
f 2727/1049/3236 2742/1058/3236 2743/1062/3236
f 2735/1051/3237 2750/1061/3237 2751/1063/3237
f 2728/1052/3238 2743/1062/3238 2744/1064/3238
f 2737/1055/3239 2736/1053/3239 2751/1063/3239
f 2729/1054/3240 2744/1064/3240 2745/1066/3240
f 2738/1040/3241 2737/1055/3241 2752/1065/3241
f 2730/1039/3242 2745/1066/3242 2746/1068/3242
f 2739/1042/3243 2738/1040/3243 2753/1067/3243
f 2731/1041/3244 2746/1068/3244 2747/1070/3244
f 2739/1042/3245 2754/1069/3245 2755/1071/3245
f 2732/1043/3246 2747/1070/3246 2748/1072/3246
f 2740/1044/3247 2755/1071/3247 2756/1060/3247
f 2752/1065/3248 2767/1088/3248 2768/1073/3248
f 2745/1066/3249 2760/1089/3249 2761/1074/3249
f 2753/1067/3250 2768/1073/3250 2769/1075/3250
f 2746/1068/3251 2761/1074/3251 2762/1076/3251
f 2754/1069/3712 2769/1075/3712 2770/1077/3712
f 2748/1072/3253 2747/1070/3253 2762/1076/3253
f 2755/1071/3254 2770/1077/3254 2771/1079/3254
f 2749/1056/3255 2748/1072/3255 2763/1078/3255
f 2749/1056/3258 2764/1080/3258 2765/1084/3258
f 2742/1058/3259 2757/1082/3259 2758/1085/3259
f 2750/1061/3260 2765/1084/3260 2766/1086/3260
f 2743/1062/3713 2758/1085/3713 2759/1087/3713
f 2752/1065/3262 2751/1063/3262 2766/1086/3262
f 2744/1064/3263 2759/1087/3263 2760/1089/3263
f 2764/1080/3266 2779/1106/3266 2780/1094/3266
f 2757/1082/3267 2772/1091/3267 2773/1095/3267
f 2765/1084/3268 2780/1094/3268 2781/1096/3268
f 2758/1085/3269 2773/1095/3269 2774/1097/3269
f 2767/1088/3270 2766/1086/3270 2781/1096/3270
f 2759/1087/3271 2774/1097/3271 2775/1099/3271
f 2767/1088/3272 2782/1098/3272 2783/1100/3272
f 2761/1074/3273 2760/1089/3273 2775/1099/3273
f 2768/1073/3274 2783/1100/3274 2784/1102/3274
f 2761/1074/3275 2776/1101/3275 2777/1103/3275
f 2770/1077/3276 2769/1075/3276 2784/1102/3276
f 2763/1078/3277 2762/1076/3277 2777/1103/3277
f 2770/1077/3278 2785/1104/3278 2786/1093/3278
f 2764/1080/3279 2763/1078/3279 2778/1105/3279
f 2776/1101/3280 2775/1099/3280 2791/1107/3280
f 2783/1100/3281 2799/1123/3281 2800/1109/3281
f 2776/1101/3282 2792/1108/3282 2793/1110/3282
f 2784/1102/3283 2800/1109/3283 2801/1111/3283
f 2778/1105/3284 2777/1103/3284 2793/1110/3284
f 2786/1093/3285 2785/1104/3285 2801/1111/3285
f 2779/1106/3286 2778/1105/3286 2794/1112/3286
f 2779/1106/3289 2795/1114/3289 2796/1118/3289
f 2772/1091/3290 2788/1116/3290 2789/1119/3290
f 2780/1094/3291 2796/1118/3291 2797/1120/3291
f 2773/1095/3292 2789/1119/3292 2790/1121/3292
f 2782/1098/3293 2781/1096/3293 2797/1120/3293
f 2774/1097/3294 2790/1121/3294 2791/1107/3294
f 2782/1098/3295 2798/1122/3295 2799/1123/3295
f 2795/1114/3296 2810/1138/3296 2811/1124/3296
f 2789/1119/3297 2788/1116/3297 2803/1125/3297
f 2796/1118/3298 2811/1124/3298 2812/1127/3298
f 2789/1119/3299 2804/1126/3299 2805/1128/3299
f 2798/1122/3300 2797/1120/3300 2812/1127/3300
f 2790/1121/3301 2805/1128/3301 2806/1130/3301
f 2798/1122/3302 2813/1129/3302 2814/1131/3302
f 2792/1108/3303 2791/1107/3303 2806/1130/3303
f 2800/1109/3304 2799/1123/3304 2814/1131/3304
f 2792/1108/3305 2807/1132/3305 2808/1134/3305
f 2801/1111/3306 2800/1109/3306 2815/1133/3306
f 2794/1112/3307 2793/1110/3307 2808/1134/3307
f 2801/1111/3308 2816/1135/3308 2817/1137/3308
f 2795/1114/3309 2794/1112/3309 2809/1136/3309
f 2815/1133/3312 2814/1131/3312 2829/1141/3312
f 2807/1132/3313 2822/1157/3313 2823/1143/3313
f 2815/1133/3314 2830/1142/3314 2831/1144/3314
f 2809/1136/3315 2808/1134/3315 2823/1143/3315
f 2816/1135/3316 2831/1144/3316 2832/1146/3316
f 2810/1138/3317 2809/1136/3317 2824/1145/3317
f 2810/1138/3320 2825/1147/3320 2826/1151/3320
f 2804/1126/3321 2803/1125/3321 2818/1149/3321
f 2811/1124/3322 2826/1151/3322 2827/1153/3322
f 2804/1126/3323 2819/1152/3323 2820/1154/3323
f 2813/1129/3324 2812/1127/3324 2827/1153/3324
f 2805/1128/3325 2820/1154/3325 2821/1156/3325
f 2813/1129/3326 2828/1155/3326 2829/1141/3326
f 2807/1132/3327 2806/1130/3327 2821/1156/3327
f 2826/1151/3328 2841/1173/3328 2842/1158/3328
f 2819/1152/3329 2834/1174/3329 2835/1159/3329
f 2828/1155/3330 2827/1153/3330 2842/1158/3330
f 2820/1154/3331 2835/1159/3331 2836/1161/3331
f 2828/1155/3332 2843/1160/3332 2844/1162/3332
f 2822/1157/3333 2821/1156/3333 2836/1161/3333
f 2830/1142/3334 2829/1141/3334 2844/1162/3334
f 2822/1157/3335 2837/1163/3335 2838/1165/3335
f 2830/1142/3336 2845/1164/3336 2846/1166/3336
f 2824/1145/3337 2823/1143/3337 2838/1165/3337
f 2831/1144/3338 2846/1166/3338 2847/1168/3338
f 2825/1147/3339 2824/1145/3339 2839/1167/3339
f 2825/1147/3342 2840/1169/3342 2841/1173/3342
f 2818/1149/3343 2833/1171/3343 2834/1174/3343
f 2845/1164/3344 2860/1191/3344 2861/1175/3344
f 2839/1167/3345 2838/1165/3345 2853/1176/3345
f 2847/1168/3346 2846/1166/3346 2861/1175/3346
f 2840/1169/3347 2839/1167/3347 2854/1177/3347
f 2840/1169/3350 2855/1179/3350 2856/1183/3350
f 2833/1171/3351 2848/1181/3351 2849/1184/3351
f 2841/1173/3352 2856/1183/3352 2857/1185/3352
f 2835/1159/3353 2834/1174/3353 2849/1184/3353
f 2843/1160/3354 2842/1158/3354 2857/1185/3354
f 2835/1159/3355 2850/1186/3355 2851/1188/3355
f 2843/1160/3356 2858/1187/3356 2859/1189/3356
f 2837/1163/3357 2836/1161/3357 2851/1188/3357
f 2845/1164/3358 2844/1162/3358 2859/1189/3358
f 2837/1163/3359 2852/1190/3359 2853/1176/3359
f 2850/1186/3360 2849/1184/3360 2864/1192/3360
f 2858/1187/3361 2857/1185/3361 2872/1194/3361
f 2850/1186/3362 2865/1193/3362 2866/1196/3362
f 2858/1187/3363 2873/1195/3363 2874/1197/3363
f 2852/1190/3364 2851/1188/3364 2866/1196/3364
f 2860/1191/3365 2859/1189/3365 2874/1197/3365
f 2852/1190/3366 2867/1198/3366 2868/1200/3366
f 2860/1191/3367 2875/1199/3367 2876/1201/3367
f 2854/1177/3368 2853/1176/3368 2868/1200/3368
f 2861/1175/3369 2876/1201/3369 2877/1203/3369
f 2855/1179/3370 2854/1177/3370 2869/1202/3370
f 2855/1179/3373 2870/1204/3373 2871/1208/3373
f 2848/1181/3374 2863/1206/3374 2864/1192/3374
f 2856/1183/3375 2871/1208/3375 2872/1194/3375
f 2869/1202/3376 2868/1200/3376 2883/1209/3376
f 2877/1203/3377 2876/1201/3377 2891/1211/3377
f 2870/1204/3378 2869/1202/3378 2884/1210/3378
f 2870/1204/3381 2885/1213/3381 2886/1217/3381
f 2863/1206/3382 2878/1215/3382 2879/1218/3382
f 2871/1208/3383 2886/1217/3383 2887/1219/3383
f 2864/1192/3384 2879/1218/3384 2880/1220/3384
f 2873/1195/3385 2872/1194/3385 2887/1219/3385
f 2865/1193/3386 2880/1220/3386 2881/1222/3386
f 2873/1195/3387 2888/1221/3387 2889/1223/3387
f 2867/1198/3388 2866/1196/3388 2881/1222/3388
f 2874/1197/3389 2889/1223/3389 2890/1225/3389
f 2867/1198/3390 2882/1224/3390 2883/1209/3390
f 2876/1201/3391 2875/1199/3391 2890/1225/3391
f 2888/1221/3392 2887/1219/3392 2902/1226/3392
f 2880/1220/3393 2895/1242/3393 2896/1228/3393
f 2888/1221/3394 2903/1227/3394 2904/1229/3394
f 2882/1224/3395 2881/1222/3395 2896/1228/3395
f 2890/1225/3396 2889/1223/3396 2904/1229/3396
f 2882/1224/3397 2897/1230/3397 2898/1232/3397
f 2890/1225/3714 2905/1231/3714 2906/1233/3714
f 2884/1210/3399 2883/1209/3399 2898/1232/3399
f 2891/1211/3400 2906/1233/3400 2907/1235/3400
f 2885/1213/3401 2884/1210/3401 2899/1234/3401
f 2885/1213/3404 2900/1236/3404 2901/1240/3404
f 2879/1218/3405 2878/1215/3405 2893/1238/3405
f 2886/1217/3406 2901/1240/3406 2902/1226/3406
f 2880/1220/3715 2879/1218/3715 2894/1241/3715
f 2906/1233/3408 2921/1259/3408 2922/1243/3408
f 2900/1236/3409 2899/1234/3409 2914/1244/3409
f 2900/1236/3412 2915/1245/3412 2916/1249/3412
f 2893/1238/3413 2908/1247/3413 2909/1250/3413
f 2901/1240/3414 2916/1249/3414 2917/1251/3414
f 2894/1241/3415 2909/1250/3415 2910/1252/3415
f 2903/1227/3416 2902/1226/3416 2917/1251/3416
f 2895/1242/3417 2910/1252/3417 2911/1254/3417
f 2903/1227/3418 2918/1253/3418 2919/1255/3418
f 2897/1230/3419 2896/1228/3419 2911/1254/3419
f 2905/1231/3420 2904/1229/3420 2919/1255/3420
f 2897/1230/3421 2912/1256/3421 2913/1258/3421
f 2905/1231/3422 2920/1257/3422 2921/1259/3422
f 2899/1234/3423 2898/1232/3423 2913/1258/3423
f 2910/1252/3424 2925/1275/3424 2926/1260/3424
f 2918/1253/3425 2933/1276/3425 2934/1261/3425
f 2912/1256/3426 2911/1254/3426 2926/1260/3426
f 2920/1257/3427 2919/1255/3427 2934/1261/3427
f 2912/1256/3428 2927/1262/3428 2928/1264/3428
f 2920/1257/3429 2935/1263/3429 2936/1265/3429
f 2914/1244/3430 2913/1258/3430 2928/1264/3430
f 2921/1259/3431 2936/1265/3431 2937/1267/3431
f 2915/1245/3432 2914/1244/3432 2929/1266/3432
f 2915/1245/3435 2930/1268/3435 2931/1272/3435
f 2908/1247/3436 2923/1270/3436 2924/1273/3436
f 2916/1249/3437 2931/1272/3437 2932/1274/3437
f 2909/1250/3438 2924/1273/3438 2925/1275/3438
f 2918/1253/3439 2917/1251/3439 2932/1274/3439
f 2930/1268/3440 2929/1266/3440 2944/1277/3440
f 2930/1268/3443 2945/1278/3443 2946/1283/3443
f 2923/1270/3444 2938/1280/3444 2939/1284/3444
f 2931/1272/3445 2946/1283/3445 2947/1285/3445
f 2925/1275/3446 2924/1273/3446 2939/1284/3446
f 2933/1276/3447 2932/1274/3447 2947/1285/3447
f 2925/1275/3448 2940/1286/3448 2941/1288/3448
f 2933/1276/3449 2948/1287/3449 2949/1289/3449
f 2927/1262/3450 2926/1260/3450 2941/1288/3450
f 2935/1263/3451 2934/1261/3451 2949/1289/3451
f 2927/1262/3452 2942/1290/3452 2943/1292/3452
f 2935/1263/3453 2950/1291/3453 2951/1293/3453
f 2929/1266/3454 2928/1264/3454 2943/1292/3454
f 2937/1267/3455 2936/1265/3455 2951/1293/3455
f 2948/1287/3456 2963/1310/3456 2964/1294/3456
f 2942/1290/3457 2941/1288/3457 2956/1295/3457
f 2950/1291/3458 2949/1289/3458 2964/1294/3458
f 2942/1290/3459 2957/1296/3459 2958/1298/3459
f 2950/1291/3460 2965/1297/3460 2966/1299/3460
f 2944/1277/3461 2943/1292/3461 2958/1298/3461
f 2951/1293/3462 2966/1299/3462 2967/1301/3462
f 2945/1278/3463 2944/1277/3463 2959/1300/3463
f 2945/1278/3466 2960/1302/3466 2961/1306/3466
f 2938/1280/3467 2953/1304/3467 2954/1307/3467
f 2946/1283/3468 2961/1306/3468 2962/1308/3468
f 2939/1284/3469 2954/1307/3469 2955/1309/3469
f 2948/1287/3470 2947/1285/3470 2962/1308/3470
f 2940/1286/3471 2955/1309/3471 2956/1295/3471
f 2960/1302/3473 2975/1326/3473 2976/1313/3473
f 2954/1307/3474 2953/1304/3474 2968/1314/3474
f 2961/1306/3475 2976/1313/3475 2977/1316/3475
f 2954/1307/3476 2969/1315/3476 2970/1317/3476
f 2963/1310/3477 2962/1308/3477 2977/1316/3477
f 2955/1309/3478 2970/1317/3478 2971/1319/3478
f 2963/1310/3479 2978/1318/3479 2979/1320/3479
f 2957/1296/3480 2956/1295/3480 2971/1319/3480
f 2965/1297/3481 2964/1294/3481 2979/1320/3481
f 2957/1296/3482 2972/1321/3482 2973/1323/3482
f 2965/1297/3483 2980/1322/3483 2981/1324/3483
f 2959/1300/3484 2958/1298/3484 2973/1323/3484
f 2966/1299/3485 2981/1324/3485 2982/1312/3485
f 2960/1302/3486 2959/1300/3486 2974/1325/3486
f 2980/1322/3488 2979/1320/3488 2994/1328/3488
f 2972/1321/3489 2987/1344/3489 2988/1330/3489
f 2980/1322/3490 2995/1329/3490 2996/1331/3490
f 2974/1325/3491 2973/1323/3491 2988/1330/3491
f 2982/1312/3492 2981/1324/3492 2996/1331/3492
f 2975/1326/3493 2974/1325/3493 2989/1332/3493
f 2975/1326/3496 2990/1334/3496 2991/1338/3496
f 2969/1315/3497 2968/1314/3497 2983/1336/3497
f 2976/1313/3498 2991/1338/3498 2992/1340/3498
f 2969/1315/3499 2984/1339/3499 2985/1341/3499
f 2978/1318/3500 2977/1316/3500 2992/1340/3500
f 2970/1317/3501 2985/1341/3501 2986/1343/3501
f 2978/1318/3502 2993/1342/3502 2994/1328/3502
f 2972/1321/3503 2971/1319/3503 2986/1343/3503
f 2983/1336/3504 2998/1359/3504 2999/1345/3504
f 2991/1338/3505 3006/1361/3505 3007/1346/3505
f 2984/1339/3506 2999/1345/3506 3000/1347/3506
f 2993/1342/3507 2992/1340/3507 3007/1346/3507
f 2985/1341/3508 3000/1347/3508 3001/1349/3508
f 2993/1342/3509 3008/1348/3509 3009/1350/3509
f 2987/1344/3510 2986/1343/3510 3001/1349/3510
f 2995/1329/3511 2994/1328/3511 3009/1350/3511
f 2987/1344/3512 3002/1351/3512 3003/1353/3512
f 2995/1329/3513 3010/1352/3513 3011/1354/3513
f 2989/1332/3514 2988/1330/3514 3003/1353/3514
f 2997/1333/3515 2996/1331/3515 3011/1354/3515
f 2990/1334/3516 2989/1332/3516 3004/1355/3516
f 2990/1334/3519 3005/1357/3519 3006/1361/3519
f 3002/1351/3520 3018/1377/3520 3019/1362/3520
f 3010/1352/3521 3026/1378/3521 3027/1363/3521
f 3004/1355/3522 3003/1353/3522 3019/1362/3522
f 3011/1354/3523 3027/1363/3523 3028/1365/3523
f 3005/1357/3524 3004/1355/3524 3020/1364/3524
f 3005/1357/3527 3021/1366/3527 3022/1370/3527
f 2998/1359/3528 3014/1368/3528 3015/1371/3528
f 3006/1361/3529 3022/1370/3529 3023/1372/3529
f 2999/1345/3530 3015/1371/3530 3016/1373/3530
f 3008/1348/3531 3007/1346/3531 3023/1372/3531
f 3000/1347/3532 3016/1373/3532 3017/1375/3532
f 3008/1348/3533 3024/1374/3533 3025/1376/3533
f 3002/1351/3534 3001/1349/3534 3017/1375/3534
f 3010/1352/3535 3009/1350/3535 3025/1376/3535
f 3022/1370/3536 3037/1394/3536 3038/1379/3536
f 3015/1371/3537 3030/1395/3537 3031/1380/3537
f 3024/1374/3538 3023/1372/3538 3038/1379/3538
f 3016/1373/3539 3031/1380/3539 3032/1382/3539
f 3024/1374/3540 3039/1381/3540 3040/1383/3540
f 3017/1375/3541 3032/1382/3541 3033/1384/3541
f 3026/1378/3542 3025/1376/3542 3040/1383/3542
f 3018/1377/3543 3033/1384/3543 3034/1386/3543
f 3026/1378/3544 3041/1385/3544 3042/1387/3544
f 3020/1364/3545 3019/1362/3545 3034/1386/3545
f 3027/1363/3546 3042/1387/3546 3043/1389/3546
f 3021/1366/3547 3020/1364/3547 3035/1388/3547
f 3021/1366/3550 3036/1390/3550 3037/1394/3550
f 3014/1368/3551 3029/1392/3551 3030/1395/3551
f 3041/1385/3552 3056/1412/3552 3057/1396/3552
f 3035/1388/3553 3034/1386/3553 3049/1397/3553
f 3042/1387/3554 3057/1396/3554 3058/1399/3554
f 3036/1390/3555 3035/1388/3555 3050/1398/3555
f 3036/1390/3558 3051/1400/3558 3052/1404/3558
f 3029/1392/3559 3044/1402/3559 3045/1405/3559
f 3037/1394/3560 3052/1404/3560 3053/1406/3560
f 3030/1395/3561 3045/1405/3561 3046/1407/3561
f 3039/1381/3562 3038/1379/3562 3053/1406/3562
f 3031/1380/3563 3046/1407/3563 3047/1409/3563
f 3039/1381/3564 3054/1408/3564 3055/1410/3564
f 3033/1384/3565 3032/1382/3565 3047/1409/3565
f 3041/1385/3566 3040/1383/3566 3055/1410/3566
f 3033/1384/3567 3048/1411/3567 3049/1397/3567
f 3046/1407/3568 3045/1405/3568 3060/1413/3568
f 3054/1408/3569 3053/1406/3569 3068/1415/3569
f 3046/1407/3570 3061/1414/3570 3062/1417/3570
f 3054/1408/3571 3069/1416/3571 3070/1418/3571
f 3048/1411/3572 3047/1409/3572 3062/1417/3572
f 3056/1412/3573 3055/1410/3573 3070/1418/3573
f 3048/1411/3574 3063/1419/3574 3064/1421/3574
f 3056/1412/3575 3071/1420/3575 3072/1422/3575
f 3050/1398/3576 3049/1397/3576 3064/1421/3576
f 3057/1396/3577 3072/1422/3577 3073/1424/3577
f 3051/1400/3578 3050/1398/3578 3065/1423/3578
f 3051/1400/3581 3066/1425/3581 3067/1429/3581
f 3044/1402/3582 3059/1427/3582 3060/1413/3582
f 3052/1404/3583 3067/1429/3583 3068/1415/3583
f 3065/1430/3584 3064/1460/3584 3079/1431/3584
f 3072/1433/3585 3087/1461/3585 3088/1434/3585
f 3066/1436/3586 3065/1430/3586 3080/1432/3586
f 3066/1436/3589 3081/1437/3589 3082/1442/3589
f 3059/1438/3590 3074/1440/3590 3075/1444/3590
f 3067/1443/3591 3082/1442/3591 3083/1446/3591
f 3061/1448/3592 3060/1445/3592 3075/1444/3592
f 3069/1450/3593 3068/1447/3593 3083/1446/3593
f 3061/1448/3594 3076/1449/3594 3077/1452/3594
f 3069/1450/3595 3084/1451/3595 3085/1454/3595
f 3063/1456/3596 3062/1453/3596 3077/1452/3596
f 3071/1458/3597 3070/1455/3597 3085/1454/3597
f 3063/1456/3598 3078/1457/3598 3079/1431/3598
f 3071/1458/3599 3086/1459/3599 3087/1461/3599
f 3084/1451/3600 3083/1446/3600 3098/1462/3600
f 3076/1449/3601 3091/1478/3601 3092/1464/3601
f 3084/1451/3602 3099/1463/3602 3100/1465/3602
f 3078/1457/3603 3077/1452/3603 3092/1464/3603
f 3086/1459/3604 3085/1454/3604 3100/1465/3604
f 3078/1457/3605 3093/1466/3605 3094/1468/3605
f 3086/1459/3606 3101/1467/3606 3102/1469/3606
f 3080/1432/3607 3079/1431/3607 3094/1468/3607
f 3087/1461/3608 3102/1469/3608 3103/1471/3608
f 3081/1437/3609 3080/1432/3609 3095/1470/3609
f 3081/1437/3612 3096/1472/3612 3097/1476/3612
f 3074/1440/3613 3089/1474/3613 3090/1477/3613
f 3082/1442/3614 3097/1476/3614 3098/1462/3614
f 3076/1449/3615 3075/1444/3615 3090/1477/3615
f 3102/1469/3616 3117/1495/3616 3118/1479/3616
f 3096/1472/3617 3095/1470/3617 3110/1480/3617
f 3096/1472/3620 3111/1481/3620 3112/1485/3620
f 3090/1477/3621 3089/1474/3621 3104/1483/3621
f 3097/1476/3622 3112/1485/3622 3113/1487/3622
f 3090/1477/3623 3105/1486/3623 3106/1488/3623
f 3099/1463/3624 3098/1462/3624 3113/1487/3624
f 3091/1478/3625 3106/1488/3625 3107/1490/3625
f 3099/1463/3626 3114/1489/3626 3115/1491/3626
f 3093/1466/3627 3092/1464/3627 3107/1490/3627
f 3101/1467/3628 3100/1465/3628 3115/1491/3628
f 3093/1466/3629 3108/1492/3629 3109/1494/3629
f 3102/1469/3630 3101/1467/3630 3116/1493/3630
f 3095/1470/3631 3094/1468/3631 3109/1494/3631
f 3114/1489/3632 3129/1512/3632 3130/1496/3632
f 3108/1492/3633 3107/1490/3633 3122/1497/3633
f 3116/1493/3634 3115/1491/3634 3130/1496/3634
f 3108/1492/3635 3123/1498/3635 3124/1500/3635
f 3116/1493/3636 3131/1499/3636 3132/1501/3636
f 3110/1480/3637 3109/1494/3637 3124/1500/3637
f 3117/1495/3638 3132/1501/3638 3133/1503/3638
f 3111/1481/3639 3110/1480/3639 3125/1502/3639
f 3111/1481/3642 3126/1504/3642 3127/1508/3642
f 3104/1483/3643 3119/1506/3643 3120/1509/3643
f 3112/1485/3644 3127/1508/3644 3128/1510/3644
f 3106/1488/3645 3105/1486/3645 3120/1509/3645
f 3114/1489/3646 3113/1487/3646 3128/1510/3646
f 3106/1488/3647 3121/1511/3647 3122/1497/3647
f 3126/1504/3650 3141/1529/3650 3142/1517/3650
f 3119/1506/3651 3134/1514/3651 3135/1518/3651
f 3127/1508/3652 3142/1517/3652 3143/1519/3652
f 3121/1511/3716 3120/1509/3716 3135/1518/3716
f 3129/1512/3654 3128/1510/3654 3143/1519/3654
f 3121/1511/3655 3136/1520/3655 3137/1522/3655
f 3129/1512/3656 3144/1521/3656 3145/1523/3656
f 3123/1498/3657 3122/1497/3657 3137/1522/3657
f 3131/1499/3658 3130/1496/3658 3145/1523/3658
f 3123/1498/3659 3138/1524/3659 3139/1526/3659
f 3131/1499/3717 3146/1525/3717 3147/1527/3717
f 3125/1502/3661 3124/1500/3661 3139/1526/3661
f 3132/1501/3662 3147/1527/3662 3148/1516/3662
f 3126/1504/3663 3125/1502/3663 3140/1528/3663
f 3138/1524/3664 3137/1522/3664 3152/1530/3664
f 3146/1525/3665 3145/1523/3665 3160/1532/3665
f 3138/1524/3666 3153/1531/3666 3154/1534/3666
f 3146/1525/3667 3161/1533/3667 3162/1535/3667
f 3140/1528/3668 3139/1526/3668 3154/1534/3668
f 3147/1527/3669 3162/1535/3669 3163/1537/3669
f 3141/1529/3670 3140/1528/3670 3155/1536/3670
f 3141/1529/3673 3156/1538/3673 3157/1542/3673
f 3135/1518/3674 3134/1514/3674 3149/1540/3674
f 3142/1517/3675 3157/1542/3675 3158/1544/3675
f 3135/1518/3676 3150/1543/3676 3151/1545/3676
f 3144/1521/3677 3143/1519/3677 3158/1544/3677
f 3136/1520/3678 3151/1545/3678 3152/1530/3678
f 3144/1521/3679 3159/1546/3679 3160/1532/3679
f 3156/1538/3680 3171/1560/3680 3172/1547/3680
f 3149/1540/3681 3164/1562/3681 3165/1548/3681
f 3157/1542/3682 3172/1547/3682 3173/1549/3682
f 3151/1545/3683 3150/1543/3683 3165/1548/3683
f 3159/1546/3684 3158/1544/3684 3173/1549/3684
f 3151/1545/3685 3166/1550/3685 3167/1552/3685
f 3159/1546/3686 3174/1551/3686 3175/1553/3686
f 3153/1531/3687 3152/1530/3687 3167/1552/3687
f 3161/1533/3688 3160/1532/3688 3175/1553/3688
f 3153/1531/3689 3168/1554/3689 3169/1556/3689
f 3161/1533/3690 3176/1555/3690 3177/1557/3690
f 3155/1536/3691 3154/1534/3691 3169/1556/3691
f 3163/1537/3692 3162/1535/3692 3177/1557/3692
f 3156/1538/3693 3155/1536/3693 3170/1558/3693
f 3176/1555/3696 3175/1553/3696 3184/1010/3696
f 3169/1556/3697 3168/1554/3697 2707/1007/3697
f 3176/1555/3698 3185/1012/3698 3186/1016/3698
f 3170/1558/3699 3169/1556/3699 3182/1013/3699
f 3177/1557/3700 3186/1016/3700 3187/1020/3700
f 3171/1560/3701 3170/1558/3701 2708/1017/3701
f 3171/1560/3704 2709/1022/3704 2710/1028/3704
f 3165/1548/3705 3164/1562/3705 3179/1023/3705
f 3172/1547/3706 2710/1028/3706 3183/1032/3706
f 3166/1550/3718 3165/1548/3718 3180/1029/3718
f 3173/1549/3708 3183/1032/3708 2711/1036/3708
f 3167/1552/3709 3166/1550/3709 2706/1033/3709
f 3174/1551/3710 2711/1036/3710 3184/1010/3710
f 3168/1554/3711 3167/1552/3711 3181/1037/3711
o 실린더.004
v -3.808041 8.545604 -6.937989
v -2.221452 8.545604 -6.937989
v -3.808041 8.437480 -6.927340
v -2.221452 8.437480 -6.927340
v -3.808041 8.333511 -6.895802
v -2.221452 8.333511 -6.895802
v -3.808041 8.237694 -6.844586
v -2.221452 8.237694 -6.844586
v -3.808041 8.153708 -6.775661
v -2.221452 8.153708 -6.775661
v -3.808041 8.084785 -6.691676
v -2.221452 8.084784 -6.691676
v -3.808041 8.033568 -6.595858
v -2.221452 8.033568 -6.595858
v -3.808041 8.002029 -6.491890
v -2.221452 8.002029 -6.491890
v -3.808041 7.991381 -6.383766
v -2.221452 7.991381 -6.383766
v -3.808041 8.002029 -6.275642
v -2.221452 8.002029 -6.275642
v -3.808041 8.033568 -6.171674
v -2.221452 8.033568 -6.171674
v -3.808041 8.084785 -6.075856
v -2.221452 8.084784 -6.075856
v -3.808041 8.153708 -5.991871
v -2.221452 8.153708 -5.991871
v -3.808041 8.237694 -5.922946
v -2.221452 8.237694 -5.922946
v -3.808041 8.333511 -5.871731
v -2.221452 8.333511 -5.871731
v -3.808041 8.437480 -5.840192
v -2.221452 8.437480 -5.840192
v -3.808041 8.545604 -5.829543
v -2.221452 8.545604 -5.829543
v -3.808041 8.653728 -5.840192
v -2.221452 8.653728 -5.840192
v -3.808041 8.757696 -5.871731
v -2.221452 8.757696 -5.871731
v -3.808041 8.853514 -5.922946
v -2.221452 8.853514 -5.922946
v -3.808041 8.937499 -5.991871
v -2.221452 8.937499 -5.991871
v -3.808041 9.006424 -6.075856
v -2.221452 9.006423 -6.075856
v -3.808041 9.057639 -6.171674
v -2.221452 9.057639 -6.171674
v -3.808041 9.089178 -6.275642
v -2.221452 9.089178 -6.275642
v -3.808041 9.099827 -6.383766
v -2.221452 9.099827 -6.383766
v -3.808041 9.089178 -6.491890
v -2.221452 9.089178 -6.491890
v -3.808041 9.057639 -6.595858
v -2.221452 9.057639 -6.595858
v -3.808041 9.006424 -6.691676
v -2.221452 9.006423 -6.691676
v -3.808041 8.937499 -6.775661
v -2.221452 8.937499 -6.775661
v -3.808041 8.853514 -6.844586
v -2.221452 8.853514 -6.844586
v -3.808041 8.757696 -6.895802
v -2.221452 8.757696 -6.895802
v -3.808041 8.653728 -6.927340
v -2.221452 8.653728 -6.927340
v -2.221452 8.859119 -6.684922
v -2.221452 8.791932 -6.740061
v -2.221452 8.545604 -6.814784
v -2.221452 8.632103 -6.806265
v -2.221452 8.715278 -6.781034
v -2.221452 8.988982 -6.371406
v -2.221452 8.980463 -6.284907
v -2.221452 8.914260 -6.125078
v -2.221452 8.859119 -6.057889
v -2.221452 8.955232 -6.201732
v -2.221452 8.545604 -5.928027
v -2.221452 8.459105 -5.936546
v -2.221452 8.299275 -6.002750
v -2.221452 8.232088 -6.057889
v -2.221452 8.375930 -5.961777
v -2.221452 8.176948 -6.617733
v -2.221452 8.232088 -6.684922
v -2.221452 8.102225 -6.371406
v -2.221452 8.110744 -6.457904
v -2.221452 8.135975 -6.541079
v -2.221452 8.980463 -6.457904
v -2.221452 8.914260 -6.617733
v -2.221452 8.955232 -6.541079
v -2.221452 8.791932 -6.002750
v -2.221452 8.459105 -6.806265
v -2.221452 8.632103 -5.936546
v -2.221452 8.715278 -5.961777
v -2.221452 8.375930 -6.781034
v -2.221452 8.176948 -6.125078
v -2.221452 8.135975 -6.201732
v -2.221452 8.110744 -6.284907
v -2.221452 8.299275 -6.740061
v -3.808041 8.459105 -6.806265
v -3.808041 8.375930 -6.781034
v -3.808041 8.232088 -6.684922
v -3.808041 8.176948 -6.617733
v -3.808041 8.299275 -6.740061
v -3.808041 8.232088 -6.057889
v -3.808041 8.299275 -6.002750
v -3.808041 8.135976 -6.201732
v -3.808041 8.110744 -6.284907
v -3.808041 8.176948 -6.125078
v -3.808041 8.914260 -6.125078
v -3.808041 8.859119 -6.057889
v -3.808041 8.791932 -6.002750
v -3.808041 8.632103 -5.936546
v -3.808041 8.715278 -5.961777
v -3.808041 8.955233 -6.541079
v -3.808041 8.980463 -6.457904
v -3.808041 8.859119 -6.684922
v -3.808041 8.791932 -6.740061
v -3.808041 8.914260 -6.617733
v -3.808041 8.545604 -6.814784
v -3.808041 8.375930 -5.961777
v -3.808041 8.135976 -6.541079
v -3.808041 8.102225 -6.371406
v -3.808041 8.110744 -6.457904
v -3.808041 8.988982 -6.371406
v -3.808041 8.955233 -6.201732
v -3.808041 8.980463 -6.284907
v -3.808041 8.632103 -6.806265
v -3.808041 8.545604 -5.928027
v -3.808041 8.459105 -5.936546
v -3.808041 8.715278 -6.781034
v -3.463757 8.048680 -4.706172
v -3.463756 11.547671 -5.872502
v -3.184263 9.111360 -8.538003
v -3.463757 8.048680 -9.371492
v -3.463756 11.547671 -8.205162
v -3.184263 8.805710 -8.507898
v 3.463756 8.048680 -4.706172
v -3.184263 8.511806 -8.418744
v 3.463756 11.547671 -5.872502
v 3.463756 8.048680 -9.371492
v 3.463756 11.547671 -8.205162
v -3.184263 8.240942 -8.273964
v -3.463757 6.882350 -8.205162
v -3.463757 6.882350 -7.038832
v -3.184263 8.003529 -8.079124
v -3.463757 6.882350 -5.872502
v -3.184263 7.808688 -7.841710
v -3.463756 11.547671 -7.038832
v -3.184263 7.663908 -7.570847
v 3.463756 6.882350 -5.872502
v -3.184263 7.574754 -7.276943
v 3.463756 6.882350 -7.038832
v 3.463756 6.882350 -8.205162
v -3.184263 7.544650 -6.971293
v 3.463756 11.547671 -7.038832
v -3.184263 7.574754 -6.665643
v -3.463756 9.215011 -4.706172
v -3.184263 7.663908 -6.371739
v -3.463756 10.381341 -4.706172
v -3.184263 7.808688 -6.100875
v -3.463756 10.381341 -9.371492
v -3.463756 9.215011 -9.371492
v -3.184263 8.003529 -5.863462
v 3.463756 10.381341 -9.371492
v -3.184263 8.240942 -5.668621
v 3.463756 9.215011 -9.371492
v 3.463756 10.381341 -4.706172
v -3.184263 8.511806 -5.523842
v 3.463756 9.215011 -4.706172
v -3.184263 8.805710 -5.434687
v -3.184263 9.111360 -5.404583
v -3.184263 9.417009 -5.434687
v -3.184263 9.710914 -5.523842
v -3.184263 9.981777 -5.668621
v -3.184263 10.219191 -5.863462
v -3.184263 10.414031 -6.100875
v -3.184263 10.558810 -6.371739
v -3.184263 10.647965 -6.665643
v -3.184263 10.678069 -6.971293
v -3.184263 10.647965 -7.276943
v -3.184263 10.558810 -7.570847
v -3.184263 10.414031 -7.841710
v -3.184263 10.219191 -8.079124
v -3.184263 9.981777 -8.273964
v -3.184263 9.710914 -8.418744
v -3.184263 9.417009 -8.507898
v -3.463757 8.240942 -5.668621
v -3.463757 7.808688 -6.100875
v -3.463757 8.003529 -5.863462
v -3.463756 9.111360 -5.404583
v -3.463757 8.511806 -5.523842
v -3.463757 8.805710 -5.434687
v -3.463757 7.663908 -6.371739
v -3.463757 7.544650 -6.971293
v -3.463757 7.574754 -6.665643
v -3.463757 7.663908 -7.570847
v -3.463757 8.003529 -8.079124
v -3.463757 7.808688 -7.841710
v -3.463757 8.511806 -8.418744
v -3.463756 9.111360 -8.538003
v -3.463757 8.805710 -8.507898
v -3.463757 8.240942 -8.273964
v -3.463757 7.574754 -7.276943
v -3.463756 9.417009 -5.434687
v -3.463756 9.710914 -5.523842
v -3.463756 9.981777 -5.668621
v -3.463756 10.219191 -5.863462
v -3.463756 10.647965 -6.665643
v -3.463756 10.558810 -6.371739
v -3.463756 10.414031 -6.100875
v -3.463756 10.678069 -6.971293
v -3.463756 10.647965 -7.276943
v -3.463756 10.414031 -7.841710
v -3.463756 10.558810 -7.570847
v -3.463756 9.981777 -8.273964
v -3.463756 9.417009 -8.507898
v -3.463756 9.710914 -8.418744
v -3.463756 10.219191 -8.079124
v -3.808041 9.692296 -6.937990
v -2.221452 9.692296 -6.937990
v -3.808041 9.584173 -6.927341
v -2.221452 9.584173 -6.927341
v -3.808041 9.480205 -6.895802
v -2.221452 9.480205 -6.895802
v -3.808041 9.384386 -6.844586
v -2.221452 9.384386 -6.844586
v -3.808041 9.300402 -6.775661
v -2.221452 9.300402 -6.775661
v -3.808041 9.231477 -6.691677
v -2.221452 9.231477 -6.691677
v -3.808041 9.180261 -6.595859
v -2.221452 9.180261 -6.595859
v -3.808041 9.148723 -6.491890
v -2.221452 9.148723 -6.491890
v -3.808041 9.138073 -6.383767
v -2.221452 9.138073 -6.383767
v -3.808041 9.148723 -6.275643
v -2.221452 9.148723 -6.275643
v -3.808041 9.180261 -6.171675
v -2.221452 9.180261 -6.171675
v -3.808041 9.231477 -6.075857
v -2.221452 9.231477 -6.075857
v -3.808041 9.300402 -5.991872
v -2.221452 9.300402 -5.991872
v -3.808041 9.384386 -5.922947
v -2.221452 9.384386 -5.922947
v -3.808041 9.480205 -5.871731
v -2.221452 9.480205 -5.871731
v -3.808041 9.584173 -5.840193
v -2.221452 9.584173 -5.840193
v -3.808041 9.692296 -5.829544
v -2.221452 9.692296 -5.829544
v -3.808041 9.800420 -5.840193
v -2.221452 9.800420 -5.840193
v -3.808041 9.904388 -5.871731
v -2.221452 9.904388 -5.871731
v -3.808041 10.000206 -5.922947
v -2.221452 10.000206 -5.922947
v -3.808041 10.084191 -5.991872
v -2.221452 10.084191 -5.991872
v -3.808041 10.153116 -6.075857
v -2.221452 10.153116 -6.075857
v -3.808041 10.204331 -6.171675
v -2.221452 10.204331 -6.171675
v -3.808041 10.235870 -6.275643
v -2.221452 10.235870 -6.275643
v -3.808041 10.246519 -6.383767
v -2.221452 10.246519 -6.383767
v -3.808041 10.235870 -6.491890
v -2.221452 10.235870 -6.491890
v -3.808041 10.204331 -6.595859
v -2.221452 10.204331 -6.595859
v -3.808041 10.153116 -6.691677
v -2.221452 10.153116 -6.691677
v -3.808041 10.084191 -6.775661
v -2.221452 10.084191 -6.775661
v -3.808041 10.000206 -6.844586
v -2.221452 10.000206 -6.844586
v -3.808041 9.904388 -6.895802
v -2.221452 9.904388 -6.895802
v -3.808041 9.800420 -6.927341
v -2.221452 9.800420 -6.927341
v -2.221452 10.005813 -6.684922
v -2.221452 9.938624 -6.740062
v -2.221452 9.692296 -6.814785
v -2.221452 9.778795 -6.806265
v -2.221452 9.861970 -6.781034
v -2.221452 10.135674 -6.371406
v -2.221452 10.127155 -6.284907
v -2.221452 10.060952 -6.125078
v -2.221452 10.005813 -6.057890
v -2.221452 10.101925 -6.201733
v -2.221452 9.692296 -5.928028
v -2.221452 9.605798 -5.936547
v -2.221452 9.445969 -6.002750
v -2.221452 9.378780 -6.057890
v -2.221452 9.522623 -5.961778
v -2.221452 9.323641 -6.617734
v -2.221452 9.378780 -6.684922
v -2.221452 9.248918 -6.371406
v -2.221452 9.257437 -6.457905
v -2.221452 9.282668 -6.541080
v -2.221452 10.127155 -6.457905
v -2.221452 10.060952 -6.617734
v -2.221452 10.101925 -6.541080
v -2.221452 9.938624 -6.002750
v -2.221452 9.605798 -6.806265
v -2.221452 9.778795 -5.936547
v -2.221452 9.861970 -5.961778
v -2.221452 9.522623 -6.781034
v -2.221452 9.323641 -6.125078
v -2.221452 9.282668 -6.201733
v -2.221452 9.257437 -6.284907
v -2.221452 9.445969 -6.740062
v -3.808041 9.605798 -6.806265
v -3.808041 9.522623 -6.781034
v -3.808041 9.378780 -6.684922
v -3.808041 9.323641 -6.617734
v -3.808041 9.445969 -6.740062
v -3.808041 9.378780 -6.057890
v -3.808041 9.445969 -6.002750
v -3.808041 9.282668 -6.201733
v -3.808041 9.257437 -6.284907
v -3.808041 9.323641 -6.125078
v -3.808041 10.060952 -6.125078
v -3.808041 10.005813 -6.057890
v -3.808041 9.938624 -6.002750
v -3.808041 9.778795 -5.936547
v -3.808041 9.861970 -5.961778
v -3.808041 10.101925 -6.541080
v -3.808041 10.127155 -6.457905
v -3.808041 10.005813 -6.684922
v -3.808041 9.938624 -6.740062
v -3.808041 10.060952 -6.617734
v -3.808041 9.692296 -6.814785
v -3.808041 9.522623 -5.961778
v -3.808041 9.282668 -6.541080
v -3.808041 9.248918 -6.371406
v -3.808041 9.257437 -6.457905
v -3.808041 10.135674 -6.371406
v -3.808041 10.101925 -6.201733
v -3.808041 10.127155 -6.284907
v -3.808041 9.778795 -6.806265
v -3.808041 9.692296 -5.928028
v -3.808041 9.605798 -5.936547
v -3.808041 9.861970 -6.781034
v -3.808041 9.692296 -8.191443
v -2.221452 9.692296 -8.191443
v -3.808041 9.584173 -8.180795
v -2.221452 9.584173 -8.180795
v -3.808041 9.480205 -8.149256
v -2.221452 9.480205 -8.149256
v -3.808041 9.384386 -8.098040
v -2.221452 9.384386 -8.098040
v -3.808041 9.300402 -8.029116
v -2.221452 9.300402 -8.029116
v -3.808041 9.231477 -7.945130
v -2.221452 9.231477 -7.945130
v -3.808041 9.180261 -7.849312
v -2.221452 9.180261 -7.849312
v -3.808041 9.148723 -7.745344
v -2.221452 9.148723 -7.745344
v -3.808041 9.138073 -7.637220
v -2.221452 9.138073 -7.637220
v -3.808041 9.148723 -7.529097
v -2.221452 9.148723 -7.529097
v -3.808041 9.180261 -7.425128
v -2.221452 9.180261 -7.425128
v -3.808041 9.231477 -7.329310
v -2.221452 9.231477 -7.329310
v -3.808041 9.300402 -7.245325
v -2.221452 9.300402 -7.245325
v -3.808041 9.384386 -7.176401
v -2.221452 9.384386 -7.176401
v -3.808041 9.480205 -7.125185
v -2.221452 9.480205 -7.125185
v -3.808041 9.584173 -7.093647
v -2.221452 9.584173 -7.093647
v -3.808041 9.692296 -7.082997
v -2.221452 9.692296 -7.082997
v -3.808041 9.800420 -7.093647
v -2.221452 9.800420 -7.093647
v -3.808041 9.904388 -7.125185
v -2.221452 9.904388 -7.125185
v -3.808041 10.000206 -7.176401
v -2.221452 10.000206 -7.176401
v -3.808041 10.084191 -7.245325
v -2.221452 10.084191 -7.245325
v -3.808041 10.153116 -7.329310
v -2.221452 10.153116 -7.329310
v -3.808041 10.204331 -7.425128
v -2.221452 10.204331 -7.425128
v -3.808041 10.235870 -7.529097
v -2.221452 10.235870 -7.529097
v -3.808041 10.246519 -7.637220
v -2.221452 10.246519 -7.637220
v -3.808041 10.235870 -7.745344
v -2.221452 10.235870 -7.745344
v -3.808041 10.204331 -7.849312
v -2.221452 10.204331 -7.849312
v -3.808041 10.153116 -7.945130
v -2.221452 10.153116 -7.945130
v -3.808041 10.084191 -8.029116
v -2.221452 10.084191 -8.029116
v -3.808041 10.000206 -8.098040
v -2.221452 10.000206 -8.098040
v -3.808041 9.904388 -8.149256
v -2.221452 9.904388 -8.149256
v -3.808041 9.800420 -8.180795
v -2.221452 9.800420 -8.180795
v -2.221452 10.005813 -7.938375
v -2.221452 9.938624 -7.993515
v -2.221452 9.692296 -8.068238
v -2.221452 9.778795 -8.059719
v -2.221452 9.861970 -8.034488
v -2.221452 10.135674 -7.624860
v -2.221452 10.127155 -7.538361
v -2.221452 10.060952 -7.378532
v -2.221452 10.005813 -7.311344
v -2.221452 10.101925 -7.455186
v -2.221452 9.692296 -7.181481
v -2.221452 9.605798 -7.190001
v -2.221452 9.445969 -7.256204
v -2.221452 9.378780 -7.311344
v -2.221452 9.522623 -7.215231
v -2.221452 9.323641 -7.871188
v -2.221452 9.378780 -7.938375
v -2.221452 9.248918 -7.624860
v -2.221452 9.257437 -7.711359
v -2.221452 9.282668 -7.794533
v -2.221452 10.127155 -7.711359
v -2.221452 10.060952 -7.871188
v -2.221452 10.101925 -7.794533
v -2.221452 9.938624 -7.256204
v -2.221452 9.605798 -8.059719
v -2.221452 9.778795 -7.190001
v -2.221452 9.861970 -7.215231
v -2.221452 9.522623 -8.034488
v -2.221452 9.323641 -7.378532
v -2.221452 9.282668 -7.455186
v -2.221452 9.257437 -7.538361
v -2.221452 9.445969 -7.993515
v -3.808041 9.605798 -8.059719
v -3.808041 9.522623 -8.034488
v -3.808041 9.378780 -7.938375
v -3.808041 9.323641 -7.871188
v -3.808041 9.445969 -7.993515
v -3.808041 9.378780 -7.311344
v -3.808041 9.445969 -7.256204
v -3.808041 9.282668 -7.455186
v -3.808041 9.257437 -7.538361
v -3.808041 9.323641 -7.378532
v -3.808041 10.060952 -7.378532
v -3.808041 10.005813 -7.311344
v -3.808041 9.938624 -7.256204
v -3.808041 9.778795 -7.190001
v -3.808041 9.861970 -7.215231
v -3.808041 10.101925 -7.794533
v -3.808041 10.127155 -7.711359
v -3.808041 10.005813 -7.938375
v -3.808041 9.938624 -7.993515
v -3.808041 10.060952 -7.871188
v -3.808041 9.692296 -8.068238
v -3.808041 9.522623 -7.215231
v -3.808041 9.282668 -7.794533
v -3.808041 9.248918 -7.624860
v -3.808041 9.257437 -7.711359
v -3.808041 10.135674 -7.624860
v -3.808041 10.101925 -7.455186
v -3.808041 10.127155 -7.538361
v -3.808041 9.778795 -8.059719
v -3.808041 9.692296 -7.181481
v -3.808041 9.605798 -7.190001
v -3.808041 9.861970 -8.034488
v -3.808041 8.545603 -8.191443
v -2.221452 8.545603 -8.191443
v -3.808041 8.437480 -8.180795
v -2.221452 8.437479 -8.180795
v -3.808041 8.333511 -8.149256
v -2.221452 8.333511 -8.149256
v -3.808041 8.237693 -8.098040
v -2.221452 8.237693 -8.098040
v -3.808041 8.153708 -8.029116
v -2.221452 8.153708 -8.029116
v -3.808041 8.084784 -7.945130
v -2.221452 8.084784 -7.945130
v -3.808041 8.033567 -7.849312
v -2.221452 8.033567 -7.849312
v -3.808041 8.002029 -7.745344
v -2.221452 8.002029 -7.745344
v -3.808041 7.991380 -7.637220
v -2.221452 7.991380 -7.637220
v -3.808041 8.002029 -7.529097
v -2.221452 8.002029 -7.529097
v -3.808041 8.033567 -7.425128
v -2.221452 8.033567 -7.425128
v -3.808041 8.084784 -7.329310
v -2.221452 8.084784 -7.329310
v -3.808041 8.153708 -7.245325
v -2.221452 8.153708 -7.245325
v -3.808041 8.237693 -7.176401
v -2.221452 8.237693 -7.176401
v -3.808041 8.333511 -7.125185
v -2.221452 8.333511 -7.125185
v -3.808041 8.437480 -7.093647
v -2.221452 8.437479 -7.093647
v -3.808041 8.545603 -7.082997
v -2.221452 8.545603 -7.082997
v -3.808041 8.653727 -7.093647
v -2.221452 8.653727 -7.093647
v -3.808041 8.757695 -7.125185
v -2.221452 8.757695 -7.125185
v -3.808041 8.853513 -7.176401
v -2.221452 8.853513 -7.176401
v -3.808041 8.937498 -7.245325
v -2.221452 8.937498 -7.245325
v -3.808041 9.006423 -7.329310
v -2.221452 9.006423 -7.329310
v -3.808041 9.057638 -7.425128
v -2.221452 9.057638 -7.425128
v -3.808041 9.089177 -7.529097
v -2.221452 9.089177 -7.529097
v -3.808041 9.099827 -7.637220
v -2.221452 9.099826 -7.637220
v -3.808041 9.089177 -7.745344
v -2.221452 9.089177 -7.745344
v -3.808041 9.057638 -7.849312
v -2.221452 9.057638 -7.849312
v -3.808041 9.006423 -7.945130
v -2.221452 9.006423 -7.945130
v -3.808041 8.937498 -8.029116
v -2.221452 8.937498 -8.029116
v -3.808041 8.853513 -8.098040
v -2.221452 8.853513 -8.098040
v -3.808041 8.757695 -8.149256
v -2.221452 8.757695 -8.149256
v -3.808041 8.653727 -8.180795
v -2.221452 8.653727 -8.180795
v -2.221452 8.859119 -7.938375
v -2.221452 8.791931 -7.993515
v -2.221452 8.545603 -8.068238
v -2.221452 8.632102 -8.059719
v -2.221452 8.715277 -8.034488
v -2.221452 8.988981 -7.624860
v -2.221452 8.980462 -7.538361
v -2.221452 8.914259 -7.378532
v -2.221452 8.859119 -7.311344
v -2.221452 8.955232 -7.455186
v -2.221452 8.545603 -7.181481
v -2.221452 8.459105 -7.190001
v -2.221452 8.299275 -7.256204
v -2.221452 8.232087 -7.311344
v -2.221452 8.375930 -7.215231
v -2.221452 8.176948 -7.871188
v -2.221452 8.232087 -7.938375
v -2.221452 8.102224 -7.624860
v -2.221452 8.110744 -7.711359
v -2.221452 8.135975 -7.794533
v -2.221452 8.980462 -7.711359
v -2.221452 8.914259 -7.871188
v -2.221452 8.955232 -7.794533
v -2.221452 8.791931 -7.256204
v -2.221452 8.459105 -8.059719
v -2.221452 8.632102 -7.190001
v -2.221452 8.715277 -7.215231
v -2.221452 8.375930 -8.034488
v -2.221452 8.176948 -7.378532
v -2.221452 8.135975 -7.455186
v -2.221452 8.110744 -7.538361
v -2.221452 8.299275 -7.993515
v -3.808041 8.459105 -8.059719
v -3.808041 8.375930 -8.034488
v -3.808041 8.232087 -7.938375
v -3.808041 8.176948 -7.871188
v -3.808041 8.299275 -7.993515
v -3.808041 8.232087 -7.311344
v -3.808041 8.299275 -7.256204
v -3.808041 8.135975 -7.455186
v -3.808041 8.110744 -7.538361
v -3.808041 8.176948 -7.378532
v -3.808041 8.914259 -7.378532
v -3.808041 8.859119 -7.311344
v -3.808041 8.791931 -7.256204
v -3.808041 8.632102 -7.190001
v -3.808041 8.715277 -7.215231
v -3.808041 8.955232 -7.794533
v -3.808041 8.980462 -7.711359
v -3.808041 8.859119 -7.938375
v -3.808041 8.791931 -7.993515
v -3.808041 8.914259 -7.871188
v -3.808041 8.545603 -8.068238
v -3.808041 8.375930 -7.215231
v -3.808041 8.135975 -7.794533
v -3.808041 8.102224 -7.624860
v -3.808041 8.110744 -7.711359
v -3.808041 8.988981 -7.624860
v -3.808041 8.955232 -7.455186
v -3.808041 8.980462 -7.538361
v -3.808041 8.632102 -8.059719
v -3.808041 8.545603 -7.181481
v -3.808041 8.459105 -7.190001
v -3.808041 8.715277 -8.034488
vn -0.0000 -0.0980 -0.9952
vn -0.0000 -0.2903 -0.9569
vn -0.0000 -0.4714 -0.8819
vn -0.0000 -0.6344 -0.7730
vn -0.0000 -0.7730 -0.6344
vn -0.0000 -0.8819 -0.4714
vn -0.0000 -0.9569 -0.2903
vn -0.0000 -0.9952 -0.0980
vn -0.0000 -0.9952 0.0980
vn -0.0000 -0.9569 0.2903
vn -0.0000 -0.8819 0.4714
vn -0.0000 -0.7730 0.6344
vn -0.0000 -0.6344 0.7730
vn -0.0000 -0.4714 0.8819
vn -0.0000 -0.2903 0.9569
vn -0.0000 -0.0980 0.9952
vn -0.0000 0.0980 0.9952
vn -0.0000 0.2903 0.9569
vn -0.0000 0.4714 0.8819
vn -0.0000 0.6344 0.7730
vn -0.0000 0.7730 0.6344
vn -0.0000 0.8819 0.4714
vn -0.0000 0.9569 0.2903
vn -0.0000 0.9952 0.0980
vn -0.0000 0.9952 -0.0980
vn -0.0000 0.9569 -0.2903
vn -0.0000 0.8819 -0.4714
vn -0.0000 0.7730 -0.6344
vn -0.0000 0.6344 -0.7730
vn -0.0000 0.4714 -0.8819
vn 1.0000 -0.0000 -0.0000
vn -0.0000 0.2903 -0.9569
vn -0.0000 0.0980 -0.9952
vn -1.0000 -0.0000 -0.0000
vn -0.0000 0.7071 -0.7071
vn -0.0000 0.7071 0.7071
vn -0.0000 -0.7071 0.7071
vn -0.0000 1.0000 -0.0000
vn -0.0000 -0.7071 -0.7071
vn -0.0000 -1.0000 -0.0000
vn -0.0000 -0.0000 1.0000
vn -0.0000 -0.0000 -1.0000
vt 1.000000 1.000000
vt 0.968750 0.500000
vt 1.000000 0.500000
vt 0.968750 1.000000
vt 0.937500 0.500000
vt 0.937500 1.000000
vt 0.906250 0.500000
vt 0.906250 1.000000
vt 0.875000 0.500000
vt 0.875000 1.000000
vt 0.843750 0.500000
vt 0.843750 1.000000
vt 0.812500 0.500000
vt 0.812500 1.000000
vt 0.781250 0.500000
vt 0.781250 1.000000
vt 0.750000 0.500000
vt 0.750000 1.000000
vt 0.718750 0.500000
vt 0.718750 1.000000
vt 0.687500 0.500000
vt 0.687500 1.000000
vt 0.656250 0.500000
vt 0.656250 1.000000
vt 0.625000 0.500000
vt 0.625000 1.000000
vt 0.593750 0.500000
vt 0.593750 1.000000
vt 0.562500 0.500000
vt 0.562500 1.000000
vt 0.531250 0.500000
vt 0.531250 1.000000
vt 0.500000 0.500000
vt 0.500000 1.000000
vt 0.468750 0.500000
vt 0.468750 1.000000
vt 0.437500 0.500000
vt 0.437500 1.000000
vt 0.406250 0.500000
vt 0.406250 1.000000
vt 0.375000 0.500000
vt 0.375000 1.000000
vt 0.343750 0.500000
vt 0.343750 1.000000
vt 0.312500 0.500000
vt 0.312500 1.000000
vt 0.281250 0.500000
vt 0.281250 1.000000
vt 0.250000 0.500000
vt 0.250000 1.000000
vt 0.218750 0.500000
vt 0.218750 1.000000
vt 0.187500 0.500000
vt 0.187500 1.000000
vt 0.156250 0.500000
vt 0.156250 1.000000
vt 0.125000 0.500000
vt 0.125000 1.000000
vt 0.093750 0.500000
vt 0.093750 1.000000
vt 0.062500 0.500000
vt 0.383337 0.449553
vt 0.203178 0.485388
vt 0.250000 0.436647
vt 0.158156 0.028269
vt 0.341844 0.028269
vt 0.250000 0.052647
vt 0.062500 1.000000
vt 0.031250 0.500000
vt 0.031250 1.000000
vt 0.000000 0.500000
vt 0.703178 0.485388
vt 0.883337 0.449553
vt 0.787457 0.432958
vt 0.658156 0.028269
vt 0.712543 0.056337
vt 0.750000 0.052647
vt 0.968750 0.900896
vt 1.000000 0.599104
vt 0.968750 0.599104
vt 0.937500 0.900896
vt 0.937500 0.599104
vt 0.906250 0.900896
vt 0.906250 0.599104
vt 0.875000 0.900896
vt 0.875000 0.599104
vt 0.843750 0.599104
vt 0.843750 0.900896
vt 0.812500 0.599104
vt 0.812500 0.900896
vt 0.781250 0.599104
vt 0.781250 0.900896
vt 0.750000 0.599104
vt 0.750000 0.900896
vt 0.718750 0.599104
vt 0.718750 0.900896
vt 0.687500 0.599104
vt 0.687500 0.900896
vt 0.656250 0.599104
vt 0.656250 0.900896
vt 0.625000 0.599104
vt 0.625000 0.900896
vt 0.593750 0.599104
vt 0.593750 0.900896
vt 0.562500 0.599104
vt 0.562500 0.900896
vt 0.531250 0.599104
vt 0.531250 0.900896
vt 0.500000 0.599104
vt 0.500000 0.900896
vt 0.468750 0.599104
vt 0.468750 0.900896
vt 0.437500 0.599104
vt 0.437500 0.900896
vt 0.406250 0.599104
vt 0.406250 0.900896
vt 0.375000 0.599104
vt 0.375000 0.900896
vt 0.343750 0.900896
vt 0.343750 0.599104
vt 0.312500 0.900896
vt 0.312500 0.599104
vt 0.281250 0.900896
vt 0.281250 0.599104
vt 0.250000 0.900896
vt 0.250000 0.599104
vt 0.218750 0.900896
vt 0.218750 0.599104
vt 0.187500 0.900896
vt 0.187500 0.599104
vt 0.156250 0.900896
vt 0.156250 0.599104
vt 0.125000 0.900896
vt 0.125000 0.599104
vt 0.093750 0.900896
vt 0.093750 0.599104
vt 0.062500 0.900896
vt 0.062500 0.599104
vt 0.031250 0.900896
vt 0.031250 0.599104
vt 0.000000 0.900896
vt 0.000000 0.599104
vt 0.000000 0.000000
vt 1.000000 0.930127
vt 0.968750 0.930127
vt 0.937500 0.930127
vt 0.906250 0.930127
vt 0.875000 0.930127
vt 0.843750 0.930127
vt 0.812500 0.930127
vt 0.781250 0.930127
vt 0.750000 0.930127
vt 0.718750 0.930127
vt 0.687500 0.930127
vt 0.656250 0.930127
vt 0.625000 0.930127
vt 0.593750 0.930127
vt 0.562500 0.930127
vt 0.531250 0.930127
vt 0.500000 0.930127
vt 0.468750 0.930127
vt 0.437500 0.930127
vt 0.406250 0.930127
vt 0.375000 0.930127
vt 0.343750 0.930127
vt 0.312500 0.930127
vt 0.281250 0.930127
vt 0.250000 0.930127
vt 0.218750 0.930127
vt 0.187500 0.930127
vt 0.156250 0.930127
vt 0.125000 0.930127
vt 0.093750 0.930127
vt 0.062500 0.930127
vt 0.203178 0.014612
vt 0.014612 0.203178
vt 0.296822 0.485388
vt 0.031250 0.930127
vt 0.000000 1.000000
vt 0.000000 0.930127
vt 0.323475 0.067263
vt 0.383337 0.050447
vt 0.419706 0.080294
vt 0.449553 0.116663
vt 0.471731 0.158156
vt 0.485388 0.203178
vt 0.490000 0.250000
vt 0.485388 0.296822
vt 0.471731 0.341844
vt 0.449553 0.383337
vt 0.419706 0.419706
vt 0.341844 0.471731
vt 0.250000 0.490000
vt 0.158156 0.471731
vt 0.116663 0.449553
vt 0.080294 0.419706
vt 0.050447 0.383337
vt 0.028269 0.341844
vt 0.014612 0.296822
vt 0.010000 0.250000
vt 0.028269 0.158156
vt 0.050447 0.116663
vt 0.080294 0.080294
vt 0.116663 0.050447
vt 0.176525 0.067263
vt 0.143331 0.085005
vt 0.356670 0.085005
vt 0.114236 0.108883
vt 0.090358 0.137978
vt 0.385765 0.108883
vt 0.409642 0.137978
vt 0.072615 0.171172
vt 0.427385 0.171172
vt 0.438311 0.207190
vt 0.061689 0.207190
vt 0.058000 0.244647
vt 0.442000 0.244647
vt 0.061689 0.282105
vt 0.438311 0.282105
vt 0.427385 0.318123
vt 0.072615 0.318123
vt 0.090358 0.351317
vt 0.409642 0.351317
vt 0.114235 0.380412
vt 0.143331 0.404290
vt 0.385765 0.380412
vt 0.356669 0.404290
vt 0.176525 0.422032
vt 0.323475 0.422032
vt 0.287457 0.432958
vt 0.212543 0.432958
vt 0.212543 0.056337
vt 0.250000 0.010000
vt 0.296822 0.014612
vt 0.287457 0.056337
vt 0.614236 0.108883
vt 0.643331 0.085005
vt 0.616663 0.050447
vt 0.580294 0.080294
vt 0.550447 0.116663
vt 0.528269 0.158156
vt 0.514612 0.203178
vt 0.510000 0.250000
vt 0.514612 0.296822
vt 0.528269 0.341844
vt 0.550447 0.383337
vt 0.580294 0.419706
vt 0.616663 0.449553
vt 0.658156 0.471731
vt 0.750000 0.490000
vt 0.796822 0.485388
vt 0.841844 0.471731
vt 0.919706 0.419706
vt 0.949553 0.383337
vt 0.971731 0.341844
vt 0.985388 0.296822
vt 0.990000 0.250000
vt 0.985388 0.203178
vt 0.971731 0.158156
vt 0.949553 0.116663
vt 0.919706 0.080294
vt 0.883337 0.050447
vt 0.841844 0.028269
vt 0.796822 0.014612
vt 0.787457 0.056337
vt 0.823475 0.067263
vt 0.856669 0.085005
vt 0.590358 0.137978
vt 0.572615 0.171172
vt 0.885764 0.108883
vt 0.561689 0.207190
vt 0.909642 0.137978
vt 0.927385 0.171172
vt 0.558000 0.244647
vt 0.561689 0.282105
vt 0.938311 0.207190
vt 0.572615 0.318123
vt 0.942000 0.244647
vt 0.938311 0.282105
vt 0.590358 0.351317
vt 0.614235 0.380412
vt 0.927385 0.318123
vt 0.909642 0.351317
vt 0.643331 0.404290
vt 0.885765 0.380412
vt 0.676525 0.422032
vt 0.712543 0.432958
vt 0.856670 0.404290
vt 0.823475 0.422032
vt 0.750000 0.436647
vt 0.750000 0.010000
vt 0.703178 0.014612
vt 0.676525 0.067262
vt 1.000000 0.900896
s 0
f 3189/1566/3719 3190/1567/3719 3188/1568/3719
f 3191/1569/3720 3192/1570/3720 3190/1567/3720
f 3193/1571/3721 3194/1572/3721 3192/1570/3721
f 3195/1573/3722 3196/1574/3722 3194/1572/3722
f 3197/1575/3723 3198/1576/3723 3196/1574/3723
f 3199/1577/3724 3200/1578/3724 3198/1576/3724
f 3201/1579/3725 3202/1580/3725 3200/1578/3725
f 3203/1581/3726 3204/1582/3726 3202/1580/3726
f 3205/1583/3727 3206/1584/3727 3204/1582/3727
f 3207/1585/3728 3208/1586/3728 3206/1584/3728
f 3209/1587/3729 3210/1588/3729 3208/1586/3729
f 3211/1589/3730 3212/1590/3730 3210/1588/3730
f 3213/1591/3731 3214/1592/3731 3212/1590/3731
f 3215/1593/3732 3216/1594/3732 3214/1592/3732
f 3217/1595/3733 3218/1596/3733 3216/1594/3733
f 3219/1597/3734 3220/1598/3734 3218/1596/3734
f 3221/1599/3735 3222/1600/3735 3220/1598/3735
f 3223/1601/3736 3224/1602/3736 3222/1600/3736
f 3225/1603/3737 3226/1604/3737 3224/1602/3737
f 3227/1605/3738 3228/1606/3738 3226/1604/3738
f 3229/1607/3739 3230/1608/3739 3228/1606/3739
f 3231/1609/3740 3232/1610/3740 3230/1608/3740
f 3233/1611/3741 3234/1612/3741 3232/1610/3741
f 3235/1613/3742 3236/1614/3742 3234/1612/3742
f 3237/1615/3743 3238/1616/3743 3236/1614/3743
f 3239/1617/3744 3240/1618/3744 3238/1616/3744
f 3241/1619/3745 3242/1620/3745 3240/1618/3745
f 3243/1621/3746 3244/1622/3746 3242/1620/3746
f 3245/1623/3747 3246/1624/3747 3244/1622/3747
f 3247/1625/3748 3248/1626/3748 3246/1624/3748
f 3195/1627/3749 3251/1628/3749 3254/1629/3749
f 3225/1630/3749 3217/1631/3749 3262/1632/3749
f 3249/1633/3750 3250/1634/3750 3248/1626/3750
f 3251/1635/3751 3188/1636/3751 3250/1634/3751
f 3250/1637/3752 3194/1638/3752 3284/1639/3752
f 3224/1640/3752 3297/1641/3752 3313/1642/3752
f 3276/1643/3735 3304/1644/3735 3284/1645/3735
f 3279/1646/3736 3284/1645/3736 3285/1647/3736
f 3283/1648/3737 3285/1647/3737 3288/1649/3737
f 3268/1650/3738 3288/1649/3738 3286/1651/3738
f 3268/1650/3739 3287/1652/3739 3267/1653/3739
f 3267/1653/3740 3306/1654/3740 3271/1655/3740
f 3271/1655/3741 3308/1656/3741 3270/1657/3741
f 3270/1657/3742 3307/1658/3742 3269/1659/3742
f 3269/1659/3743 3292/1660/3743 3282/1661/3743
f 3282/1661/3744 3291/1662/3744 3281/1663/3744
f 3281/1663/3745 3293/1664/3745 3280/1665/3745
f 3280/1665/3746 3289/1666/3746 3265/1667/3746
f 3265/1667/3747 3290/1668/3747 3264/1669/3747
f 3264/1669/3748 3305/1670/3748 3266/1671/3748
f 3266/1671/3750 3314/1672/3750 3263/1673/3750
f 3263/1673/3751 3313/1674/3751 3262/1675/3751
f 3262/1675/3719 3297/1676/3719 3277/1677/3719
f 3277/1677/3720 3298/1678/3720 3278/1679/3720
f 3278/1679/3721 3296/1680/3721 3275/1681/3721
f 3275/1681/3722 3295/1682/3722 3260/1683/3722
f 3259/1684/3723 3295/1682/3723 3294/1685/3723
f 3261/1686/3724 3294/1685/3724 3310/1687/3724
f 3258/1688/3725 3310/1687/3725 3311/1689/3725
f 3257/1690/3726 3311/1689/3726 3309/1691/3726
f 3272/1692/3727 3309/1691/3727 3300/1693/3727
f 3274/1694/3728 3300/1693/3728 3299/1695/3728
f 3273/1696/3729 3299/1695/3729 3303/1697/3729
f 3252/1698/3730 3303/1697/3730 3301/1699/3730
f 3253/1700/3731 3301/1699/3731 3302/1701/3731
f 3256/1702/3732 3302/1701/3732 3315/1703/3732
f 3255/1704/3733 3315/1703/3733 3312/1705/3733
f 3254/1706/3734 3312/1705/3734 3304/1707/3734
f 3320/1708/3753 3349/1708/3753 3346/1708/3753
f 3324/1708/3754 3344/1708/3754 3352/1708/3754
f 3335/1708/3755 3316/1708/3755 3331/1708/3755
f 3320/1708/3756 3340/1708/3756 3326/1708/3756
f 3333/1708/3756 3324/1708/3756 3340/1708/3756
f 3325/1708/3757 3328/1708/3757 3319/1708/3757
f 3338/1708/3758 3329/1708/3758 3328/1708/3758
f 3337/1708/3758 3331/1708/3758 3329/1708/3758
f 3351/1708/3749 3354/1708/3749 3337/1708/3749
f 3354/1708/3759 3316/1708/3759 3322/1708/3759
f 3352/1708/3759 3342/1708/3759 3354/1708/3759
f 3347/1708/3760 3325/1708/3760 3319/1708/3760
f 3346/1708/3760 3351/1708/3760 3347/1708/3760
f 3347/1708/3752 3403/1708/3752 3398/1708/3752
f 3331/1708/3752 3374/1708/3752 3373/1708/3752
f 3321/1569/3735 3385/1709/3735 3386/1710/3735
f 3323/1571/3736 3386/1710/3736 3384/1711/3736
f 3327/1573/3737 3384/1711/3737 3387/1712/3737
f 3330/1575/3738 3387/1712/3738 3382/1713/3738
f 3332/1577/3739 3382/1713/3739 3383/1714/3739
f 3334/1579/3740 3383/1714/3740 3381/1715/3740
f 3336/1581/3741 3381/1715/3741 3388/1716/3741
f 3339/1583/3742 3388/1716/3742 3379/1717/3742
f 3341/1585/3743 3379/1717/3743 3380/1718/3743
f 3343/1587/3744 3380/1718/3744 3378/1719/3744
f 3343/1587/3745 3373/1720/3745 3345/1589/3745
f 3348/1591/3746 3373/1720/3746 3374/1721/3746
f 3350/1593/3747 3374/1721/3747 3372/1722/3747
f 3353/1595/3748 3372/1722/3748 3376/1723/3748
f 3355/1597/3750 3376/1723/3750 3377/1724/3750
f 3356/1599/3751 3377/1724/3751 3375/1725/3751
f 3357/1601/3719 3375/1725/3719 3389/1726/3719
f 3358/1603/3720 3389/1726/3720 3390/1727/3720
f 3359/1605/3721 3390/1727/3721 3391/1728/3721
f 3360/1607/3722 3391/1728/3722 3392/1729/3722
f 3361/1609/3723 3392/1729/3723 3395/1730/3723
f 3362/1611/3724 3395/1730/3724 3394/1731/3724
f 3363/1613/3725 3394/1731/3725 3393/1732/3725
f 3364/1615/3726 3393/1732/3726 3396/1733/3726
f 3365/1617/3727 3396/1733/3727 3397/1734/3727
f 3366/1619/3728 3397/1734/3728 3399/1735/3728
f 3367/1621/3729 3399/1735/3729 3398/1736/3729
f 3368/1623/3730 3398/1736/3730 3403/1737/3730
f 3369/1625/3731 3403/1737/3731 3400/1738/3731
f 3370/1633/3732 3400/1738/3732 3402/1739/3732
f 3355/1740/3752 3363/1741/3752 3371/1742/3752
f 3371/1635/3733 3402/1739/3733 3401/1743/3733
f 3318/1744/3734 3401/1743/3734 3385/1745/3734
f 3405/1566/3719 3406/1567/3719 3404/1568/3719
f 3407/1569/3720 3408/1570/3720 3406/1567/3720
f 3409/1571/3721 3410/1572/3721 3408/1570/3721
f 3411/1573/3722 3412/1574/3722 3410/1572/3722
f 3413/1575/3723 3414/1576/3723 3412/1574/3723
f 3415/1577/3724 3416/1578/3724 3414/1576/3724
f 3417/1579/3725 3418/1580/3725 3416/1578/3725
f 3419/1581/3726 3420/1582/3726 3418/1580/3726
f 3421/1583/3727 3422/1584/3727 3420/1582/3727
f 3423/1585/3728 3424/1586/3728 3422/1584/3728
f 3425/1587/3729 3426/1588/3729 3424/1586/3729
f 3427/1589/3730 3428/1590/3730 3426/1588/3730
f 3429/1591/3731 3430/1592/3731 3428/1590/3731
f 3431/1593/3732 3432/1594/3732 3430/1592/3732
f 3433/1595/3733 3434/1596/3733 3432/1594/3733
f 3435/1597/3734 3436/1598/3734 3434/1596/3734
f 3437/1599/3735 3438/1600/3735 3436/1598/3735
f 3439/1601/3736 3440/1602/3736 3438/1600/3736
f 3441/1603/3737 3442/1604/3737 3440/1602/3737
f 3443/1605/3738 3444/1606/3738 3442/1604/3738
f 3445/1607/3739 3446/1608/3739 3444/1606/3739
f 3447/1609/3740 3448/1610/3740 3446/1608/3740
f 3449/1611/3741 3450/1612/3741 3448/1610/3741
f 3451/1613/3742 3452/1614/3742 3450/1612/3742
f 3453/1615/3743 3454/1616/3743 3452/1614/3743
f 3455/1617/3744 3456/1618/3744 3454/1616/3744
f 3457/1619/3745 3458/1620/3745 3456/1618/3745
f 3459/1621/3746 3460/1622/3746 3458/1620/3746
f 3461/1623/3747 3462/1624/3747 3460/1622/3747
f 3463/1625/3748 3464/1626/3748 3462/1624/3748
f 3411/1627/3749 3467/1628/3749 3470/1629/3749
f 3441/1630/3749 3433/1631/3749 3478/1632/3749
f 3465/1633/3750 3466/1634/3750 3464/1626/3750
f 3467/1635/3751 3404/1636/3751 3466/1634/3751
f 3466/1637/3752 3410/1638/3752 3500/1639/3752
f 3440/1640/3752 3513/1641/3752 3529/1642/3752
f 3492/1643/3735 3520/1644/3735 3500/1645/3735
f 3495/1646/3736 3500/1645/3736 3501/1647/3736
f 3499/1648/3737 3501/1647/3737 3504/1649/3737
f 3484/1650/3738 3504/1649/3738 3502/1651/3738
f 3484/1650/3739 3503/1652/3739 3483/1653/3739
f 3483/1653/3740 3522/1654/3740 3487/1655/3740
f 3487/1655/3741 3524/1656/3741 3486/1657/3741
f 3486/1657/3742 3523/1658/3742 3485/1659/3742
f 3485/1659/3743 3508/1660/3743 3498/1661/3743
f 3498/1661/3744 3507/1662/3744 3497/1663/3744
f 3497/1663/3745 3509/1664/3745 3496/1665/3745
f 3496/1665/3746 3505/1666/3746 3481/1667/3746
f 3481/1667/3747 3506/1668/3747 3480/1669/3747
f 3480/1669/3748 3521/1670/3748 3482/1671/3748
f 3482/1671/3750 3530/1672/3750 3479/1673/3750
f 3479/1673/3751 3529/1674/3751 3478/1675/3751
f 3478/1675/3719 3513/1676/3719 3493/1677/3719
f 3493/1677/3720 3514/1678/3720 3494/1679/3720
f 3494/1679/3721 3512/1680/3721 3491/1681/3721
f 3491/1681/3722 3511/1682/3722 3476/1683/3722
f 3475/1684/3723 3511/1682/3723 3510/1685/3723
f 3477/1686/3724 3510/1685/3724 3526/1687/3724
f 3474/1688/3725 3526/1687/3725 3527/1689/3725
f 3473/1690/3726 3527/1689/3726 3525/1691/3726
f 3488/1692/3727 3525/1691/3727 3516/1693/3727
f 3490/1694/3728 3516/1693/3728 3515/1695/3728
f 3489/1696/3729 3515/1695/3729 3519/1697/3729
f 3468/1698/3730 3519/1697/3730 3517/1699/3730
f 3469/1700/3731 3517/1699/3731 3518/1701/3731
f 3472/1702/3732 3518/1701/3732 3531/1703/3732
f 3471/1704/3733 3531/1703/3733 3528/1705/3733
f 3470/1706/3734 3528/1705/3734 3520/1707/3734
f 3533/1566/3719 3534/1567/3719 3532/1568/3719
f 3535/1569/3720 3536/1570/3720 3534/1567/3720
f 3537/1571/3721 3538/1572/3721 3536/1570/3721
f 3539/1573/3722 3540/1574/3722 3538/1572/3722
f 3541/1575/3723 3542/1576/3723 3540/1574/3723
f 3543/1577/3724 3544/1578/3724 3542/1576/3724
f 3545/1579/3725 3546/1580/3725 3544/1578/3725
f 3547/1581/3726 3548/1582/3726 3546/1580/3726
f 3549/1583/3727 3550/1584/3727 3548/1582/3727
f 3551/1585/3728 3552/1586/3728 3550/1584/3728
f 3553/1587/3729 3554/1588/3729 3552/1586/3729
f 3555/1589/3730 3556/1590/3730 3554/1588/3730
f 3557/1591/3731 3558/1592/3731 3556/1590/3731
f 3559/1593/3732 3560/1594/3732 3558/1592/3732
f 3561/1595/3733 3562/1596/3733 3560/1594/3733
f 3563/1597/3734 3564/1598/3734 3562/1596/3734
f 3565/1599/3735 3566/1600/3735 3564/1598/3735
f 3567/1601/3736 3568/1602/3736 3566/1600/3736
f 3569/1603/3737 3570/1604/3737 3568/1602/3737
f 3571/1605/3738 3572/1606/3738 3570/1604/3738
f 3573/1607/3739 3574/1608/3739 3572/1606/3739
f 3575/1609/3740 3576/1610/3740 3574/1608/3740
f 3577/1611/3741 3578/1612/3741 3576/1610/3741
f 3579/1613/3742 3580/1614/3742 3578/1612/3742
f 3581/1615/3743 3582/1616/3743 3580/1614/3743
f 3583/1617/3744 3584/1618/3744 3582/1616/3744
f 3585/1619/3745 3586/1620/3745 3584/1618/3745
f 3587/1621/3746 3588/1622/3746 3586/1620/3746
f 3589/1623/3747 3590/1624/3747 3588/1622/3747
f 3591/1625/3748 3592/1626/3748 3590/1624/3748
f 3539/1627/3749 3595/1628/3749 3598/1629/3749
f 3569/1630/3749 3561/1631/3749 3606/1632/3749
f 3593/1633/3750 3594/1634/3750 3592/1626/3750
f 3595/1635/3751 3532/1636/3751 3594/1634/3751
f 3594/1637/3752 3538/1638/3752 3628/1639/3752
f 3568/1640/3752 3641/1641/3752 3657/1642/3752
f 3620/1643/3735 3648/1644/3735 3628/1645/3735
f 3623/1646/3736 3628/1645/3736 3629/1647/3736
f 3627/1648/3737 3629/1647/3737 3632/1649/3737
f 3612/1650/3738 3632/1649/3738 3630/1651/3738
f 3612/1650/3739 3631/1652/3739 3611/1653/3739
f 3611/1653/3740 3650/1654/3740 3615/1655/3740
f 3615/1655/3741 3652/1656/3741 3614/1657/3741
f 3614/1657/3742 3651/1658/3742 3613/1659/3742
f 3613/1659/3743 3636/1660/3743 3626/1661/3743
f 3626/1661/3744 3635/1662/3744 3625/1663/3744
f 3625/1663/3745 3637/1664/3745 3624/1665/3745
f 3624/1665/3746 3633/1666/3746 3609/1667/3746
f 3609/1667/3747 3634/1668/3747 3608/1669/3747
f 3608/1669/3748 3649/1670/3748 3610/1671/3748
f 3610/1671/3750 3658/1672/3750 3607/1673/3750
f 3607/1673/3751 3657/1674/3751 3606/1675/3751
f 3606/1675/3719 3641/1676/3719 3621/1677/3719
f 3621/1677/3720 3642/1678/3720 3622/1679/3720
f 3622/1679/3721 3640/1680/3721 3619/1681/3721
f 3619/1681/3722 3639/1682/3722 3604/1683/3722
f 3603/1684/3723 3639/1682/3723 3638/1685/3723
f 3605/1686/3724 3638/1685/3724 3654/1687/3724
f 3602/1688/3725 3654/1687/3725 3655/1689/3725
f 3601/1690/3726 3655/1689/3726 3653/1691/3726
f 3616/1692/3727 3653/1691/3727 3644/1693/3727
f 3618/1694/3728 3644/1693/3728 3643/1695/3728
f 3617/1696/3729 3643/1695/3729 3647/1697/3729
f 3596/1698/3730 3647/1697/3730 3645/1699/3730
f 3597/1700/3731 3645/1699/3731 3646/1701/3731
f 3600/1702/3732 3646/1701/3732 3659/1703/3732
f 3599/1704/3733 3659/1703/3733 3656/1705/3733
f 3598/1706/3734 3656/1705/3734 3648/1707/3734
f 3661/1566/3719 3662/1567/3719 3660/1568/3719
f 3663/1569/3720 3664/1570/3720 3662/1567/3720
f 3665/1571/3721 3666/1572/3721 3664/1570/3721
f 3667/1573/3722 3668/1574/3722 3666/1572/3722
f 3669/1575/3723 3670/1576/3723 3668/1574/3723
f 3671/1577/3724 3672/1578/3724 3670/1576/3724
f 3673/1579/3725 3674/1580/3725 3672/1578/3725
f 3675/1581/3726 3676/1582/3726 3674/1580/3726
f 3677/1583/3727 3678/1584/3727 3676/1582/3727
f 3679/1585/3728 3680/1586/3728 3678/1584/3728
f 3681/1587/3729 3682/1588/3729 3680/1586/3729
f 3683/1589/3730 3684/1590/3730 3682/1588/3730
f 3685/1591/3731 3686/1592/3731 3684/1590/3731
f 3687/1593/3732 3688/1594/3732 3686/1592/3732
f 3689/1595/3733 3690/1596/3733 3688/1594/3733
f 3691/1597/3734 3692/1598/3734 3690/1596/3734
f 3693/1599/3735 3694/1600/3735 3692/1598/3735
f 3695/1601/3736 3696/1602/3736 3694/1600/3736
f 3697/1603/3737 3698/1604/3737 3696/1602/3737
f 3699/1605/3738 3700/1606/3738 3698/1604/3738
f 3701/1607/3739 3702/1608/3739 3700/1606/3739
f 3703/1609/3740 3704/1610/3740 3702/1608/3740
f 3705/1611/3741 3706/1612/3741 3704/1610/3741
f 3707/1613/3742 3708/1614/3742 3706/1612/3742
f 3709/1615/3743 3710/1616/3743 3708/1614/3743
f 3711/1617/3744 3712/1618/3744 3710/1616/3744
f 3713/1619/3745 3714/1620/3745 3712/1618/3745
f 3715/1621/3746 3716/1622/3746 3714/1620/3746
f 3717/1623/3747 3718/1624/3747 3716/1622/3747
f 3719/1625/3748 3720/1626/3748 3718/1624/3748
f 3667/1627/3749 3723/1628/3749 3726/1629/3749
f 3697/1630/3749 3689/1631/3749 3734/1632/3749
f 3721/1633/3750 3722/1634/3750 3720/1626/3750
f 3723/1635/3751 3660/1636/3751 3722/1634/3751
f 3722/1637/3752 3666/1638/3752 3756/1639/3752
f 3696/1640/3752 3769/1641/3752 3785/1642/3752
f 3748/1643/3735 3776/1644/3735 3756/1645/3735
f 3751/1646/3736 3756/1645/3736 3757/1647/3736
f 3755/1648/3737 3757/1647/3737 3760/1649/3737
f 3740/1650/3738 3760/1649/3738 3758/1651/3738
f 3740/1650/3739 3759/1652/3739 3739/1653/3739
f 3739/1653/3740 3778/1654/3740 3743/1655/3740
f 3743/1655/3741 3780/1656/3741 3742/1657/3741
f 3742/1657/3742 3779/1658/3742 3741/1659/3742
f 3741/1659/3743 3764/1660/3743 3754/1661/3743
f 3754/1661/3744 3763/1662/3744 3753/1663/3744
f 3753/1663/3745 3765/1664/3745 3752/1665/3745
f 3752/1665/3746 3761/1666/3746 3737/1667/3746
f 3737/1667/3747 3762/1668/3747 3736/1669/3747
f 3736/1669/3748 3777/1670/3748 3738/1671/3748
f 3738/1671/3750 3786/1672/3750 3735/1673/3750
f 3735/1673/3751 3785/1674/3751 3734/1675/3751
f 3734/1675/3719 3769/1676/3719 3749/1677/3719
f 3749/1677/3720 3770/1678/3720 3750/1679/3720
f 3750/1679/3721 3768/1680/3721 3747/1681/3721
f 3747/1681/3722 3767/1682/3722 3732/1683/3722
f 3731/1684/3723 3767/1682/3723 3766/1685/3723
f 3733/1686/3724 3766/1685/3724 3782/1687/3724
f 3730/1688/3725 3782/1687/3725 3783/1689/3725
f 3729/1690/3726 3783/1689/3726 3781/1691/3726
f 3744/1692/3727 3781/1691/3727 3772/1693/3727
f 3746/1694/3728 3772/1693/3728 3771/1695/3728
f 3745/1696/3729 3771/1695/3729 3775/1697/3729
f 3724/1698/3730 3775/1697/3730 3773/1699/3730
f 3725/1700/3731 3773/1699/3731 3774/1701/3731
f 3728/1702/3732 3774/1701/3732 3787/1703/3732
f 3727/1704/3733 3787/1703/3733 3784/1705/3733
f 3726/1706/3734 3784/1705/3734 3776/1707/3734
f 3189/1566/3719 3191/1569/3719 3190/1567/3719
f 3191/1569/3720 3193/1571/3720 3192/1570/3720
f 3193/1571/3721 3195/1573/3721 3194/1572/3721
f 3195/1573/3722 3197/1575/3722 3196/1574/3722
f 3197/1575/3723 3199/1577/3723 3198/1576/3723
f 3199/1577/3724 3201/1579/3724 3200/1578/3724
f 3201/1579/3725 3203/1581/3725 3202/1580/3725
f 3203/1581/3726 3205/1583/3726 3204/1582/3726
f 3205/1583/3727 3207/1585/3727 3206/1584/3727
f 3207/1585/3728 3209/1587/3728 3208/1586/3728
f 3209/1587/3729 3211/1589/3729 3210/1588/3729
f 3211/1589/3730 3213/1591/3730 3212/1590/3730
f 3213/1591/3731 3215/1593/3731 3214/1592/3731
f 3215/1593/3732 3217/1595/3732 3216/1594/3732
f 3217/1595/3733 3219/1597/3733 3218/1596/3733
f 3219/1597/3734 3221/1599/3734 3220/1598/3734
f 3221/1599/3735 3223/1601/3735 3222/1600/3735
f 3223/1601/3736 3225/1603/3736 3224/1602/3736
f 3225/1603/3737 3227/1605/3737 3226/1604/3737
f 3227/1605/3738 3229/1607/3738 3228/1606/3738
f 3229/1607/3739 3231/1609/3739 3230/1608/3739
f 3231/1609/3740 3233/1611/3740 3232/1610/3740
f 3233/1611/3741 3235/1613/3741 3234/1612/3741
f 3235/1613/3742 3237/1615/3742 3236/1614/3742
f 3237/1615/3743 3239/1617/3743 3238/1616/3743
f 3239/1617/3744 3241/1619/3744 3240/1618/3744
f 3241/1619/3745 3243/1621/3745 3242/1620/3745
f 3243/1621/3746 3245/1623/3746 3244/1622/3746
f 3245/1623/3747 3247/1625/3747 3246/1624/3747
f 3247/1625/3748 3249/1633/3748 3248/1626/3748
f 3266/1746/3749 3217/1631/3749 3215/1747/3749
f 3215/1747/3749 3213/1748/3749 3211/1749/3749
f 3211/1749/3749 3209/1750/3749 3207/1751/3749
f 3207/1751/3749 3205/1752/3749 3203/1753/3749
f 3203/1753/3749 3201/1754/3749 3199/1755/3749
f 3199/1755/3749 3197/1756/3749 3195/1627/3749
f 3195/1627/3749 3193/1757/3749 3191/1742/3749
f 3191/1742/3749 3189/1758/3749 3251/1628/3749
f 3251/1628/3749 3249/1759/3749 3247/1760/3749
f 3247/1760/3749 3245/1761/3749 3243/1762/3749
f 3243/1762/3749 3241/1763/3749 3239/1764/3749
f 3239/1764/3749 3237/1765/3749 3235/1741/3749
f 3235/1741/3749 3233/1766/3749 3231/1767/3749
f 3231/1767/3749 3229/1768/3749 3227/1769/3749
f 3227/1769/3749 3225/1630/3749 3278/1770/3749
f 3227/1769/3749 3278/1770/3749 3275/1771/3749
f 3235/1741/3749 3231/1767/3749 3227/1769/3749
f 3243/1762/3749 3239/1764/3749 3235/1741/3749
f 3251/1628/3749 3247/1760/3749 3243/1762/3749
f 3195/1627/3749 3191/1742/3749 3251/1628/3749
f 3203/1753/3749 3199/1755/3749 3195/1627/3749
f 3211/1749/3749 3207/1751/3749 3203/1753/3749
f 3266/1746/3749 3215/1747/3749 3211/1749/3749
f 3264/1772/3749 3266/1746/3749 3211/1749/3749
f 3227/1769/3749 3275/1771/3749 3260/1773/3749
f 3227/1769/3749 3260/1773/3749 3259/1774/3749
f 3265/1775/3749 3264/1772/3749 3211/1749/3749
f 3280/1776/3749 3265/1775/3749 3211/1749/3749
f 3235/1741/3749 3227/1769/3749 3259/1774/3749
f 3235/1741/3749 3259/1774/3749 3261/1777/3749
f 3281/1778/3749 3280/1776/3749 3211/1749/3749
f 3282/1779/3749 3281/1778/3749 3211/1749/3749
f 3235/1741/3749 3261/1777/3749 3258/1780/3749
f 3235/1741/3749 3258/1780/3749 3257/1781/3749
f 3282/1779/3749 3211/1749/3749 3203/1753/3749
f 3269/1782/3749 3282/1779/3749 3203/1753/3749
f 3243/1762/3749 3235/1741/3749 3257/1781/3749
f 3243/1762/3749 3257/1781/3749 3272/1783/3749
f 3270/1784/3749 3269/1782/3749 3203/1753/3749
f 3271/1785/3749 3270/1784/3749 3203/1753/3749
f 3243/1762/3749 3272/1783/3749 3274/1786/3749
f 3243/1762/3749 3274/1786/3749 3273/1787/3749
f 3271/1785/3749 3203/1753/3749 3195/1627/3749
f 3267/1788/3749 3271/1785/3749 3195/1627/3749
f 3243/1762/3749 3273/1787/3749 3252/1789/3749
f 3243/1762/3749 3252/1789/3749 3253/1790/3749
f 3268/1791/3749 3267/1788/3749 3195/1627/3749
f 3283/1792/3749 3268/1791/3749 3195/1627/3749
f 3251/1628/3749 3243/1762/3749 3253/1790/3749
f 3251/1628/3749 3253/1790/3749 3256/1793/3749
f 3279/1794/3749 3283/1792/3749 3195/1627/3749
f 3276/1795/3749 3279/1794/3749 3195/1627/3749
f 3251/1628/3749 3256/1793/3749 3255/1796/3749
f 3254/1629/3749 3276/1795/3749 3195/1627/3749
f 3251/1628/3749 3255/1796/3749 3254/1629/3749
f 3277/1797/3749 3278/1770/3749 3225/1630/3749
f 3225/1630/3749 3223/1740/3749 3221/1798/3749
f 3221/1798/3749 3219/1799/3749 3217/1631/3749
f 3217/1631/3749 3266/1746/3749 3263/1800/3749
f 3262/1632/3749 3277/1797/3749 3225/1630/3749
f 3217/1631/3749 3263/1800/3749 3262/1632/3749
f 3225/1630/3749 3221/1798/3749 3217/1631/3749
f 3249/1633/3750 3251/1635/3750 3250/1634/3750
f 3251/1635/3751 3189/1744/3751 3188/1636/3751
f 3295/1801/3752 3296/1802/3752 3226/1803/3752
f 3226/1803/3752 3228/1804/3752 3230/1805/3752
f 3230/1805/3752 3232/1806/3752 3234/1807/3752
f 3234/1807/3752 3236/1808/3752 3238/1809/3752
f 3238/1809/3752 3240/1810/3752 3242/1811/3752
f 3242/1811/3752 3244/1812/3752 3246/1813/3752
f 3246/1813/3752 3248/1814/3752 3250/1637/3752
f 3250/1637/3752 3188/1815/3752 3190/1816/3752
f 3190/1816/3752 3192/1817/3752 3194/1638/3752
f 3194/1638/3752 3196/1818/3752 3198/1819/3752
f 3198/1819/3752 3200/1820/3752 3202/1821/3752
f 3202/1821/3752 3204/1822/3752 3206/1823/3752
f 3206/1823/3752 3208/1824/3752 3210/1825/3752
f 3210/1825/3752 3212/1826/3752 3214/1827/3752
f 3214/1827/3752 3216/1828/3752 3218/1829/3752
f 3218/1829/3752 3314/1830/3752 3305/1831/3752
f 3218/1829/3752 3305/1831/3752 3290/1832/3752
f 3210/1825/3752 3214/1827/3752 3218/1829/3752
f 3202/1821/3752 3206/1823/3752 3210/1825/3752
f 3194/1638/3752 3198/1819/3752 3202/1821/3752
f 3250/1637/3752 3190/1816/3752 3194/1638/3752
f 3242/1811/3752 3246/1813/3752 3250/1637/3752
f 3234/1807/3752 3238/1809/3752 3242/1811/3752
f 3226/1803/3752 3230/1805/3752 3234/1807/3752
f 3294/1833/3752 3295/1801/3752 3226/1803/3752
f 3310/1834/3752 3294/1833/3752 3226/1803/3752
f 3210/1825/3752 3218/1829/3752 3290/1832/3752
f 3210/1825/3752 3290/1832/3752 3289/1835/3752
f 3310/1834/3752 3226/1803/3752 3234/1807/3752
f 3311/1836/3752 3310/1834/3752 3234/1807/3752
f 3210/1825/3752 3289/1835/3752 3293/1837/3752
f 3210/1825/3752 3293/1837/3752 3291/1838/3752
f 3309/1839/3752 3311/1836/3752 3234/1807/3752
f 3300/1840/3752 3309/1839/3752 3234/1807/3752
f 3202/1821/3752 3210/1825/3752 3291/1838/3752
f 3202/1821/3752 3291/1838/3752 3292/1841/3752
f 3300/1840/3752 3234/1807/3752 3242/1811/3752
f 3299/1842/3752 3300/1840/3752 3242/1811/3752
f 3202/1821/3752 3292/1841/3752 3307/1843/3752
f 3202/1821/3752 3307/1843/3752 3308/1844/3752
f 3303/1845/3752 3299/1842/3752 3242/1811/3752
f 3301/1846/3752 3303/1845/3752 3242/1811/3752
f 3202/1821/3752 3308/1844/3752 3306/1847/3752
f 3202/1821/3752 3306/1847/3752 3287/1848/3752
f 3301/1846/3752 3242/1811/3752 3250/1637/3752
f 3302/1849/3752 3301/1846/3752 3250/1637/3752
f 3194/1638/3752 3202/1821/3752 3287/1848/3752
f 3194/1638/3752 3287/1848/3752 3286/1850/3752
f 3315/1851/3752 3302/1849/3752 3250/1637/3752
f 3312/1852/3752 3315/1851/3752 3250/1637/3752
f 3194/1638/3752 3286/1850/3752 3288/1853/3752
f 3194/1638/3752 3288/1853/3752 3285/1854/3752
f 3304/1855/3752 3312/1852/3752 3250/1637/3752
f 3194/1638/3752 3285/1854/3752 3284/1639/3752
f 3284/1639/3752 3304/1855/3752 3250/1637/3752
f 3314/1830/3752 3218/1829/3752 3220/1856/3752
f 3220/1856/3752 3222/1857/3752 3224/1640/3752
f 3224/1640/3752 3226/1803/3752 3296/1802/3752
f 3224/1640/3752 3296/1802/3752 3298/1858/3752
f 3314/1830/3752 3220/1856/3752 3224/1640/3752
f 3313/1642/3752 3314/1830/3752 3224/1640/3752
f 3224/1640/3752 3298/1858/3752 3297/1641/3752
f 3276/1643/3735 3254/1859/3735 3304/1644/3735
f 3279/1646/3736 3276/1643/3736 3284/1645/3736
f 3283/1648/3737 3279/1646/3737 3285/1647/3737
f 3268/1650/3738 3283/1648/3738 3288/1649/3738
f 3268/1650/3739 3286/1651/3739 3287/1652/3739
f 3267/1653/3740 3287/1652/3740 3306/1654/3740
f 3271/1655/3741 3306/1654/3741 3308/1656/3741
f 3270/1657/3742 3308/1656/3742 3307/1658/3742
f 3269/1659/3743 3307/1658/3743 3292/1660/3743
f 3282/1661/3744 3292/1660/3744 3291/1662/3744
f 3281/1663/3745 3291/1662/3745 3293/1664/3745
f 3280/1665/3746 3293/1664/3746 3289/1666/3746
f 3265/1667/3747 3289/1666/3747 3290/1668/3747
f 3264/1669/3748 3290/1668/3748 3305/1670/3748
f 3266/1671/3750 3305/1670/3750 3314/1672/3750
f 3263/1673/3751 3314/1672/3751 3313/1674/3751
f 3262/1675/3719 3313/1674/3719 3297/1676/3719
f 3277/1677/3720 3297/1676/3720 3298/1678/3720
f 3278/1679/3721 3298/1678/3721 3296/1680/3721
f 3275/1681/3722 3296/1680/3722 3295/1682/3722
f 3259/1684/3723 3260/1683/3723 3295/1682/3723
f 3261/1686/3724 3259/1684/3724 3294/1685/3724
f 3258/1688/3725 3261/1686/3725 3310/1687/3725
f 3257/1690/3726 3258/1688/3726 3311/1689/3726
f 3272/1692/3727 3257/1690/3727 3309/1691/3727
f 3274/1694/3728 3272/1692/3728 3300/1693/3728
f 3273/1696/3729 3274/1694/3729 3299/1695/3729
f 3252/1698/3730 3273/1696/3730 3303/1697/3730
f 3253/1700/3731 3252/1698/3731 3301/1699/3731
f 3256/1702/3732 3253/1700/3732 3302/1701/3732
f 3255/1704/3733 3256/1702/3733 3315/1703/3733
f 3254/1706/3734 3255/1704/3734 3312/1705/3734
f 3320/1708/3753 3326/1708/3753 3349/1708/3753
f 3324/1708/3754 3317/1708/3754 3344/1708/3754
f 3335/1708/3755 3322/1708/3755 3316/1708/3755
f 3320/1708/3756 3333/1708/3756 3340/1708/3756
f 3333/1708/3756 3317/1708/3756 3324/1708/3756
f 3325/1708/3757 3338/1708/3757 3328/1708/3757
f 3338/1708/3758 3337/1708/3758 3329/1708/3758
f 3337/1708/3758 3335/1708/3758 3331/1708/3758
f 3351/1708/3749 3349/1708/3749 3326/1708/3749
f 3340/1708/3749 3324/1708/3749 3352/1708/3749
f 3351/1708/3749 3326/1708/3749 3340/1708/3749
f 3338/1708/3749 3325/1708/3749 3351/1708/3749
f 3322/1708/3749 3335/1708/3749 3337/1708/3749
f 3337/1708/3749 3338/1708/3749 3351/1708/3749
f 3351/1708/3749 3340/1708/3749 3352/1708/3749
f 3354/1708/3749 3322/1708/3749 3337/1708/3749
f 3351/1708/3749 3352/1708/3749 3354/1708/3749
f 3354/1708/3759 3342/1708/3759 3316/1708/3759
f 3352/1708/3759 3344/1708/3759 3342/1708/3759
f 3347/1708/3760 3351/1708/3760 3325/1708/3760
f 3346/1708/3760 3349/1708/3760 3351/1708/3760
f 3375/1708/3752 3342/1708/3752 3344/1708/3752
f 3344/1708/3752 3317/1708/3752 3333/1708/3752
f 3333/1708/3752 3320/1708/3752 3346/1708/3752
f 3347/1708/3752 3319/1708/3752 3328/1708/3752
f 3333/1708/3752 3346/1708/3752 3347/1708/3752
f 3389/1708/3752 3375/1708/3752 3344/1708/3752
f 3390/1708/3752 3389/1708/3752 3344/1708/3752
f 3347/1708/3752 3328/1708/3752 3329/1708/3752
f 3329/1708/3752 3379/1708/3752 3388/1708/3752
f 3329/1708/3752 3388/1708/3752 3381/1708/3752
f 3391/1708/3752 3390/1708/3752 3344/1708/3752
f 3392/1708/3752 3391/1708/3752 3344/1708/3752
f 3329/1708/3752 3381/1708/3752 3383/1708/3752
f 3329/1708/3752 3383/1708/3752 3382/1708/3752
f 3392/1708/3752 3344/1708/3752 3333/1708/3752
f 3395/1708/3752 3392/1708/3752 3333/1708/3752
f 3347/1708/3752 3329/1708/3752 3382/1708/3752
f 3347/1708/3752 3382/1708/3752 3387/1708/3752
f 3394/1708/3752 3395/1708/3752 3333/1708/3752
f 3393/1708/3752 3394/1708/3752 3333/1708/3752
f 3347/1708/3752 3387/1708/3752 3384/1708/3752
f 3347/1708/3752 3384/1708/3752 3386/1708/3752
f 3396/1708/3752 3393/1708/3752 3333/1708/3752
f 3397/1708/3752 3396/1708/3752 3333/1708/3752
f 3347/1708/3752 3386/1708/3752 3385/1708/3752
f 3347/1708/3752 3385/1708/3752 3401/1708/3752
f 3399/1708/3752 3397/1708/3752 3333/1708/3752
f 3398/1708/3752 3399/1708/3752 3333/1708/3752
f 3347/1708/3752 3401/1708/3752 3402/1708/3752
f 3347/1708/3752 3402/1708/3752 3400/1708/3752
f 3398/1708/3752 3333/1708/3752 3347/1708/3752
f 3347/1708/3752 3400/1708/3752 3403/1708/3752
f 3379/1708/3752 3329/1708/3752 3331/1708/3752
f 3331/1708/3752 3316/1708/3752 3342/1708/3752
f 3342/1708/3752 3375/1708/3752 3377/1708/3752
f 3342/1708/3752 3377/1708/3752 3376/1708/3752
f 3380/1708/3752 3379/1708/3752 3331/1708/3752
f 3378/1708/3752 3380/1708/3752 3331/1708/3752
f 3331/1708/3752 3342/1708/3752 3376/1708/3752
f 3331/1708/3752 3376/1708/3752 3372/1708/3752
f 3373/1708/3752 3378/1708/3752 3331/1708/3752
f 3331/1708/3752 3372/1708/3752 3374/1708/3752
f 3321/1569/3735 3318/1566/3735 3385/1709/3735
f 3323/1571/3736 3321/1569/3736 3386/1710/3736
f 3327/1573/3737 3323/1571/3737 3384/1711/3737
f 3330/1575/3738 3327/1573/3738 3387/1712/3738
f 3332/1577/3739 3330/1575/3739 3382/1713/3739
f 3334/1579/3740 3332/1577/3740 3383/1714/3740
f 3336/1581/3741 3334/1579/3741 3381/1715/3741
f 3339/1583/3742 3336/1581/3742 3388/1716/3742
f 3341/1585/3743 3339/1583/3743 3379/1717/3743
f 3343/1587/3744 3341/1585/3744 3380/1718/3744
f 3343/1587/3745 3378/1719/3745 3373/1720/3745
f 3348/1591/3746 3345/1589/3746 3373/1720/3746
f 3350/1593/3747 3348/1591/3747 3374/1721/3747
f 3353/1595/3748 3350/1593/3748 3372/1722/3748
f 3355/1597/3750 3353/1595/3750 3376/1723/3750
f 3356/1599/3751 3355/1597/3751 3377/1724/3751
f 3357/1601/3719 3356/1599/3719 3375/1725/3719
f 3358/1603/3720 3357/1601/3720 3389/1726/3720
f 3359/1605/3721 3358/1603/3721 3390/1727/3721
f 3360/1607/3722 3359/1605/3722 3391/1728/3722
f 3361/1609/3723 3360/1607/3723 3392/1729/3723
f 3362/1611/3724 3361/1609/3724 3395/1730/3724
f 3363/1613/3725 3362/1611/3725 3394/1731/3725
f 3364/1615/3726 3363/1613/3726 3393/1732/3726
f 3365/1617/3727 3364/1615/3727 3396/1733/3727
f 3366/1619/3728 3365/1617/3728 3397/1734/3728
f 3367/1621/3729 3366/1619/3729 3399/1735/3729
f 3368/1623/3730 3367/1621/3730 3398/1736/3730
f 3369/1625/3731 3368/1623/3731 3403/1737/3731
f 3370/1633/3732 3369/1625/3732 3400/1738/3732
f 3371/1742/3752 3318/1758/3752 3321/1742/3752
f 3321/1742/3752 3323/1757/3752 3327/1760/3752
f 3327/1760/3752 3330/1761/3752 3332/1762/3752
f 3332/1762/3752 3334/1763/3752 3336/1764/3752
f 3336/1764/3752 3339/1765/3752 3341/1741/3752
f 3341/1741/3752 3343/1766/3752 3345/1767/3752
f 3345/1767/3752 3348/1768/3752 3350/1769/3752
f 3350/1769/3752 3353/1630/3752 3355/1740/3752
f 3355/1740/3752 3356/1798/3752 3357/1740/3752
f 3357/1740/3752 3358/1630/3752 3359/1769/3752
f 3359/1769/3752 3360/1768/3752 3361/1767/3752
f 3361/1767/3752 3362/1766/3752 3363/1741/3752
f 3363/1741/3752 3364/1765/3752 3365/1764/3752
f 3365/1764/3752 3366/1763/3752 3367/1762/3752
f 3367/1762/3752 3368/1761/3752 3369/1760/3752
f 3369/1760/3752 3370/1757/3752 3371/1742/3752
f 3371/1742/3752 3321/1742/3752 3327/1760/3752
f 3327/1760/3752 3332/1762/3752 3336/1764/3752
f 3336/1764/3752 3341/1741/3752 3345/1767/3752
f 3345/1767/3752 3350/1769/3752 3355/1740/3752
f 3355/1740/3752 3357/1740/3752 3359/1769/3752
f 3359/1769/3752 3361/1767/3752 3363/1741/3752
f 3363/1741/3752 3365/1764/3752 3367/1762/3752
f 3367/1762/3752 3369/1760/3752 3371/1742/3752
f 3371/1742/3752 3327/1760/3752 3336/1764/3752
f 3336/1764/3752 3345/1767/3752 3355/1740/3752
f 3355/1740/3752 3359/1769/3752 3363/1741/3752
f 3363/1741/3752 3367/1762/3752 3371/1742/3752
f 3371/1742/3752 3336/1764/3752 3355/1740/3752
f 3371/1635/3733 3370/1633/3733 3402/1739/3733
f 3318/1744/3734 3371/1635/3734 3401/1743/3734
f 3405/1566/3719 3407/1569/3719 3406/1567/3719
f 3407/1569/3720 3409/1571/3720 3408/1570/3720
f 3409/1571/3721 3411/1573/3721 3410/1572/3721
f 3411/1573/3722 3413/1575/3722 3412/1574/3722
f 3413/1575/3723 3415/1577/3723 3414/1576/3723
f 3415/1577/3724 3417/1579/3724 3416/1578/3724
f 3417/1579/3725 3419/1581/3725 3418/1580/3725
f 3419/1581/3726 3421/1583/3726 3420/1582/3726
f 3421/1583/3727 3423/1585/3727 3422/1584/3727
f 3423/1585/3728 3425/1587/3728 3424/1586/3728
f 3425/1587/3729 3427/1589/3729 3426/1588/3729
f 3427/1589/3730 3429/1591/3730 3428/1590/3730
f 3429/1591/3731 3431/1593/3731 3430/1592/3731
f 3431/1593/3732 3433/1595/3732 3432/1594/3732
f 3433/1595/3733 3435/1597/3733 3434/1596/3733
f 3435/1597/3734 3437/1599/3734 3436/1598/3734
f 3437/1599/3735 3439/1601/3735 3438/1600/3735
f 3439/1601/3736 3441/1603/3736 3440/1602/3736
f 3441/1603/3737 3443/1605/3737 3442/1604/3737
f 3443/1605/3738 3445/1607/3738 3444/1606/3738
f 3445/1607/3739 3447/1609/3739 3446/1608/3739
f 3447/1609/3740 3449/1611/3740 3448/1610/3740
f 3449/1611/3741 3451/1613/3741 3450/1612/3741
f 3451/1613/3742 3453/1615/3742 3452/1614/3742
f 3453/1615/3743 3455/1617/3743 3454/1616/3743
f 3455/1617/3744 3457/1619/3744 3456/1618/3744
f 3457/1619/3745 3459/1621/3745 3458/1620/3745
f 3459/1621/3746 3461/1623/3746 3460/1622/3746
f 3461/1623/3747 3463/1625/3747 3462/1624/3747
f 3463/1625/3748 3465/1633/3748 3464/1626/3748
f 3482/1746/3749 3433/1631/3749 3431/1747/3749
f 3431/1747/3749 3429/1748/3749 3427/1749/3749
f 3427/1749/3749 3425/1750/3749 3423/1751/3749
f 3423/1751/3749 3421/1752/3749 3419/1753/3749
f 3419/1753/3749 3417/1754/3749 3415/1755/3749
f 3415/1755/3749 3413/1756/3749 3411/1627/3749
f 3411/1627/3749 3409/1757/3749 3407/1742/3749
f 3407/1742/3749 3405/1758/3749 3467/1628/3749
f 3467/1628/3749 3465/1759/3749 3463/1760/3749
f 3463/1760/3749 3461/1761/3749 3459/1762/3749
f 3459/1762/3749 3457/1763/3749 3455/1764/3749
f 3455/1764/3749 3453/1765/3749 3451/1741/3749
f 3451/1741/3749 3449/1766/3749 3447/1767/3749
f 3447/1767/3749 3445/1768/3749 3443/1769/3749
f 3443/1769/3749 3441/1630/3749 3494/1770/3749
f 3443/1769/3749 3494/1770/3749 3491/1771/3749
f 3451/1741/3749 3447/1767/3749 3443/1769/3749
f 3459/1762/3749 3455/1764/3749 3451/1741/3749
f 3467/1628/3749 3463/1760/3749 3459/1762/3749
f 3411/1627/3749 3407/1742/3749 3467/1628/3749
f 3419/1753/3749 3415/1755/3749 3411/1627/3749
f 3427/1749/3749 3423/1751/3749 3419/1753/3749
f 3482/1746/3749 3431/1747/3749 3427/1749/3749
f 3480/1772/3749 3482/1746/3749 3427/1749/3749
f 3443/1769/3749 3491/1771/3749 3476/1773/3749
f 3443/1769/3749 3476/1773/3749 3475/1774/3749
f 3481/1775/3749 3480/1772/3749 3427/1749/3749
f 3496/1776/3749 3481/1775/3749 3427/1749/3749
f 3451/1741/3749 3443/1769/3749 3475/1774/3749
f 3451/1741/3749 3475/1774/3749 3477/1777/3749
f 3497/1778/3749 3496/1776/3749 3427/1749/3749
f 3498/1779/3749 3497/1778/3749 3427/1749/3749
f 3451/1741/3749 3477/1777/3749 3474/1780/3749
f 3451/1741/3749 3474/1780/3749 3473/1781/3749
f 3498/1779/3749 3427/1749/3749 3419/1753/3749
f 3485/1782/3749 3498/1779/3749 3419/1753/3749
f 3459/1762/3749 3451/1741/3749 3473/1781/3749
f 3459/1762/3749 3473/1781/3749 3488/1783/3749
f 3486/1784/3749 3485/1782/3749 3419/1753/3749
f 3487/1785/3749 3486/1784/3749 3419/1753/3749
f 3459/1762/3749 3488/1783/3749 3490/1786/3749
f 3459/1762/3749 3490/1786/3749 3489/1787/3749
f 3487/1785/3749 3419/1753/3749 3411/1627/3749
f 3483/1788/3749 3487/1785/3749 3411/1627/3749
f 3459/1762/3749 3489/1787/3749 3468/1789/3749
f 3459/1762/3749 3468/1789/3749 3469/1790/3749
f 3484/1791/3749 3483/1788/3749 3411/1627/3749
f 3499/1792/3749 3484/1791/3749 3411/1627/3749
f 3467/1628/3749 3459/1762/3749 3469/1790/3749
f 3467/1628/3749 3469/1790/3749 3472/1793/3749
f 3495/1794/3749 3499/1792/3749 3411/1627/3749
f 3492/1795/3749 3495/1794/3749 3411/1627/3749
f 3467/1628/3749 3472/1793/3749 3471/1796/3749
f 3470/1629/3749 3492/1795/3749 3411/1627/3749
f 3467/1628/3749 3471/1796/3749 3470/1629/3749
f 3493/1797/3749 3494/1770/3749 3441/1630/3749
f 3441/1630/3749 3439/1740/3749 3437/1798/3749
f 3437/1798/3749 3435/1799/3749 3433/1631/3749
f 3433/1631/3749 3482/1746/3749 3479/1800/3749
f 3478/1632/3749 3493/1797/3749 3441/1630/3749
f 3433/1631/3749 3479/1800/3749 3478/1632/3749
f 3441/1630/3749 3437/1798/3749 3433/1631/3749
f 3465/1633/3750 3467/1635/3750 3466/1634/3750
f 3467/1635/3751 3405/1744/3751 3404/1636/3751
f 3511/1801/3752 3512/1802/3752 3442/1803/3752
f 3442/1803/3752 3444/1804/3752 3446/1805/3752
f 3446/1805/3752 3448/1806/3752 3450/1807/3752
f 3450/1807/3752 3452/1808/3752 3454/1809/3752
f 3454/1809/3752 3456/1810/3752 3458/1811/3752
f 3458/1811/3752 3460/1812/3752 3462/1813/3752
f 3462/1813/3752 3464/1814/3752 3466/1637/3752
f 3466/1637/3752 3404/1815/3752 3406/1816/3752
f 3406/1816/3752 3408/1817/3752 3410/1638/3752
f 3410/1638/3752 3412/1818/3752 3414/1819/3752
f 3414/1819/3752 3416/1820/3752 3418/1821/3752
f 3418/1821/3752 3420/1822/3752 3422/1823/3752
f 3422/1823/3752 3424/1824/3752 3426/1825/3752
f 3426/1825/3752 3428/1826/3752 3430/1827/3752
f 3430/1827/3752 3432/1828/3752 3434/1829/3752
f 3434/1829/3752 3530/1830/3752 3521/1831/3752
f 3434/1829/3752 3521/1831/3752 3506/1832/3752
f 3426/1825/3752 3430/1827/3752 3434/1829/3752
f 3418/1821/3752 3422/1823/3752 3426/1825/3752
f 3410/1638/3752 3414/1819/3752 3418/1821/3752
f 3466/1637/3752 3406/1816/3752 3410/1638/3752
f 3458/1811/3752 3462/1813/3752 3466/1637/3752
f 3450/1807/3752 3454/1809/3752 3458/1811/3752
f 3442/1803/3752 3446/1805/3752 3450/1807/3752
f 3510/1833/3752 3511/1801/3752 3442/1803/3752
f 3526/1834/3752 3510/1833/3752 3442/1803/3752
f 3426/1825/3752 3434/1829/3752 3506/1832/3752
f 3426/1825/3752 3506/1832/3752 3505/1835/3752
f 3526/1834/3752 3442/1803/3752 3450/1807/3752
f 3527/1836/3752 3526/1834/3752 3450/1807/3752
f 3426/1825/3752 3505/1835/3752 3509/1837/3752
f 3426/1825/3752 3509/1837/3752 3507/1838/3752
f 3525/1839/3752 3527/1836/3752 3450/1807/3752
f 3516/1840/3752 3525/1839/3752 3450/1807/3752
f 3418/1821/3752 3426/1825/3752 3507/1838/3752
f 3418/1821/3752 3507/1838/3752 3508/1841/3752
f 3516/1840/3752 3450/1807/3752 3458/1811/3752
f 3515/1842/3752 3516/1840/3752 3458/1811/3752
f 3418/1821/3752 3508/1841/3752 3523/1843/3752
f 3418/1821/3752 3523/1843/3752 3524/1844/3752
f 3519/1845/3752 3515/1842/3752 3458/1811/3752
f 3517/1846/3752 3519/1845/3752 3458/1811/3752
f 3418/1821/3752 3524/1844/3752 3522/1847/3752
f 3418/1821/3752 3522/1847/3752 3503/1848/3752
f 3517/1846/3752 3458/1811/3752 3466/1637/3752
f 3518/1849/3752 3517/1846/3752 3466/1637/3752
f 3410/1638/3752 3418/1821/3752 3503/1848/3752
f 3410/1638/3752 3503/1848/3752 3502/1850/3752
f 3531/1851/3752 3518/1849/3752 3466/1637/3752
f 3528/1852/3752 3531/1851/3752 3466/1637/3752
f 3410/1638/3752 3502/1850/3752 3504/1853/3752
f 3410/1638/3752 3504/1853/3752 3501/1854/3752
f 3520/1855/3752 3528/1852/3752 3466/1637/3752
f 3410/1638/3752 3501/1854/3752 3500/1639/3752
f 3500/1639/3752 3520/1855/3752 3466/1637/3752
f 3530/1830/3752 3434/1829/3752 3436/1856/3752
f 3436/1856/3752 3438/1857/3752 3440/1640/3752
f 3440/1640/3752 3442/1803/3752 3512/1802/3752
f 3440/1640/3752 3512/1802/3752 3514/1858/3752
f 3530/1830/3752 3436/1856/3752 3440/1640/3752
f 3529/1642/3752 3530/1830/3752 3440/1640/3752
f 3440/1640/3752 3514/1858/3752 3513/1641/3752
f 3492/1643/3735 3470/1859/3735 3520/1644/3735
f 3495/1646/3736 3492/1643/3736 3500/1645/3736
f 3499/1648/3737 3495/1646/3737 3501/1647/3737
f 3484/1650/3738 3499/1648/3738 3504/1649/3738
f 3484/1650/3739 3502/1651/3739 3503/1652/3739
f 3483/1653/3740 3503/1652/3740 3522/1654/3740
f 3487/1655/3741 3522/1654/3741 3524/1656/3741
f 3486/1657/3742 3524/1656/3742 3523/1658/3742
f 3485/1659/3743 3523/1658/3743 3508/1660/3743
f 3498/1661/3744 3508/1660/3744 3507/1662/3744
f 3497/1663/3745 3507/1662/3745 3509/1664/3745
f 3496/1665/3746 3509/1664/3746 3505/1666/3746
f 3481/1667/3747 3505/1666/3747 3506/1668/3747
f 3480/1669/3748 3506/1668/3748 3521/1670/3748
f 3482/1671/3750 3521/1670/3750 3530/1672/3750
f 3479/1673/3751 3530/1672/3751 3529/1674/3751
f 3478/1675/3719 3529/1674/3719 3513/1676/3719
f 3493/1677/3720 3513/1676/3720 3514/1678/3720
f 3494/1679/3721 3514/1678/3721 3512/1680/3721
f 3491/1681/3722 3512/1680/3722 3511/1682/3722
f 3475/1684/3723 3476/1683/3723 3511/1682/3723
f 3477/1686/3724 3475/1684/3724 3510/1685/3724
f 3474/1688/3725 3477/1686/3725 3526/1687/3725
f 3473/1690/3726 3474/1688/3726 3527/1689/3726
f 3488/1692/3727 3473/1690/3727 3525/1691/3727
f 3490/1694/3728 3488/1692/3728 3516/1693/3728
f 3489/1696/3729 3490/1694/3729 3515/1695/3729
f 3468/1698/3730 3489/1696/3730 3519/1697/3730
f 3469/1700/3731 3468/1698/3731 3517/1699/3731
f 3472/1702/3732 3469/1700/3732 3518/1701/3732
f 3471/1704/3733 3472/1702/3733 3531/1703/3733
f 3470/1706/3734 3471/1704/3734 3528/1705/3734
f 3533/1566/3719 3535/1569/3719 3534/1567/3719
f 3535/1569/3720 3537/1571/3720 3536/1570/3720
f 3537/1571/3721 3539/1573/3721 3538/1572/3721
f 3539/1573/3722 3541/1575/3722 3540/1574/3722
f 3541/1575/3723 3543/1577/3723 3542/1576/3723
f 3543/1577/3724 3545/1579/3724 3544/1578/3724
f 3545/1579/3725 3547/1581/3725 3546/1580/3725
f 3547/1581/3726 3549/1583/3726 3548/1582/3726
f 3549/1583/3727 3551/1585/3727 3550/1584/3727
f 3551/1585/3728 3553/1587/3728 3552/1586/3728
f 3553/1587/3729 3555/1589/3729 3554/1588/3729
f 3555/1589/3730 3557/1591/3730 3556/1590/3730
f 3557/1591/3731 3559/1593/3731 3558/1592/3731
f 3559/1593/3732 3561/1595/3732 3560/1594/3732
f 3561/1595/3733 3563/1597/3733 3562/1596/3733
f 3563/1597/3734 3565/1599/3734 3564/1598/3734
f 3565/1599/3735 3567/1601/3735 3566/1600/3735
f 3567/1601/3736 3569/1603/3736 3568/1602/3736
f 3569/1603/3737 3571/1605/3737 3570/1604/3737
f 3571/1605/3738 3573/1607/3738 3572/1606/3738
f 3573/1607/3739 3575/1609/3739 3574/1608/3739
f 3575/1609/3740 3577/1611/3740 3576/1610/3740
f 3577/1611/3741 3579/1613/3741 3578/1612/3741
f 3579/1613/3742 3581/1615/3742 3580/1614/3742
f 3581/1615/3743 3583/1617/3743 3582/1616/3743
f 3583/1617/3744 3585/1619/3744 3584/1618/3744
f 3585/1619/3745 3587/1621/3745 3586/1620/3745
f 3587/1621/3746 3589/1623/3746 3588/1622/3746
f 3589/1623/3747 3591/1625/3747 3590/1624/3747
f 3591/1625/3748 3593/1633/3748 3592/1626/3748
f 3610/1746/3749 3561/1631/3749 3559/1747/3749
f 3559/1747/3749 3557/1748/3749 3555/1749/3749
f 3555/1749/3749 3553/1750/3749 3551/1751/3749
f 3551/1751/3749 3549/1752/3749 3547/1753/3749
f 3547/1753/3749 3545/1754/3749 3543/1755/3749
f 3543/1755/3749 3541/1756/3749 3539/1627/3749
f 3539/1627/3749 3537/1757/3749 3535/1742/3749
f 3535/1742/3749 3533/1758/3749 3595/1628/3749
f 3595/1628/3749 3593/1759/3749 3591/1760/3749
f 3591/1760/3749 3589/1761/3749 3587/1762/3749
f 3587/1762/3749 3585/1763/3749 3583/1764/3749
f 3583/1764/3749 3581/1765/3749 3579/1741/3749
f 3579/1741/3749 3577/1766/3749 3575/1767/3749
f 3575/1767/3749 3573/1768/3749 3571/1769/3749
f 3571/1769/3749 3569/1630/3749 3622/1770/3749
f 3571/1769/3749 3622/1770/3749 3619/1771/3749
f 3579/1741/3749 3575/1767/3749 3571/1769/3749
f 3587/1762/3749 3583/1764/3749 3579/1741/3749
f 3595/1628/3749 3591/1760/3749 3587/1762/3749
f 3539/1627/3749 3535/1742/3749 3595/1628/3749
f 3547/1753/3749 3543/1755/3749 3539/1627/3749
f 3555/1749/3749 3551/1751/3749 3547/1753/3749
f 3610/1746/3749 3559/1747/3749 3555/1749/3749
f 3608/1772/3749 3610/1746/3749 3555/1749/3749
f 3571/1769/3749 3619/1771/3749 3604/1773/3749
f 3571/1769/3749 3604/1773/3749 3603/1774/3749
f 3609/1775/3749 3608/1772/3749 3555/1749/3749
f 3624/1776/3749 3609/1775/3749 3555/1749/3749
f 3579/1741/3749 3571/1769/3749 3603/1774/3749
f 3579/1741/3749 3603/1774/3749 3605/1777/3749
f 3625/1778/3749 3624/1776/3749 3555/1749/3749
f 3626/1779/3749 3625/1778/3749 3555/1749/3749
f 3579/1741/3749 3605/1777/3749 3602/1780/3749
f 3579/1741/3749 3602/1780/3749 3601/1781/3749
f 3626/1779/3749 3555/1749/3749 3547/1753/3749
f 3613/1782/3749 3626/1779/3749 3547/1753/3749
f 3587/1762/3749 3579/1741/3749 3601/1781/3749
f 3587/1762/3749 3601/1781/3749 3616/1783/3749
f 3614/1784/3749 3613/1782/3749 3547/1753/3749
f 3615/1785/3749 3614/1784/3749 3547/1753/3749
f 3587/1762/3749 3616/1783/3749 3618/1786/3749
f 3587/1762/3749 3618/1786/3749 3617/1787/3749
f 3615/1785/3749 3547/1753/3749 3539/1627/3749
f 3611/1788/3749 3615/1785/3749 3539/1627/3749
f 3587/1762/3749 3617/1787/3749 3596/1789/3749
f 3587/1762/3749 3596/1789/3749 3597/1790/3749
f 3612/1791/3749 3611/1788/3749 3539/1627/3749
f 3627/1792/3749 3612/1791/3749 3539/1627/3749
f 3595/1628/3749 3587/1762/3749 3597/1790/3749
f 3595/1628/3749 3597/1790/3749 3600/1793/3749
f 3623/1794/3749 3627/1792/3749 3539/1627/3749
f 3620/1795/3749 3623/1794/3749 3539/1627/3749
f 3595/1628/3749 3600/1793/3749 3599/1796/3749
f 3598/1629/3749 3620/1795/3749 3539/1627/3749
f 3595/1628/3749 3599/1796/3749 3598/1629/3749
f 3621/1797/3749 3622/1770/3749 3569/1630/3749
f 3569/1630/3749 3567/1740/3749 3565/1798/3749
f 3565/1798/3749 3563/1799/3749 3561/1631/3749
f 3561/1631/3749 3610/1746/3749 3607/1800/3749
f 3606/1632/3749 3621/1797/3749 3569/1630/3749
f 3561/1631/3749 3607/1800/3749 3606/1632/3749
f 3569/1630/3749 3565/1798/3749 3561/1631/3749
f 3593/1633/3750 3595/1635/3750 3594/1634/3750
f 3595/1635/3751 3533/1744/3751 3532/1636/3751
f 3639/1801/3752 3640/1802/3752 3570/1803/3752
f 3570/1803/3752 3572/1804/3752 3574/1805/3752
f 3574/1805/3752 3576/1806/3752 3578/1807/3752
f 3578/1807/3752 3580/1808/3752 3582/1809/3752
f 3582/1809/3752 3584/1810/3752 3586/1811/3752
f 3586/1811/3752 3588/1812/3752 3590/1813/3752
f 3590/1813/3752 3592/1814/3752 3594/1637/3752
f 3594/1637/3752 3532/1815/3752 3534/1816/3752
f 3534/1816/3752 3536/1817/3752 3538/1638/3752
f 3538/1638/3752 3540/1818/3752 3542/1819/3752
f 3542/1819/3752 3544/1820/3752 3546/1821/3752
f 3546/1821/3752 3548/1822/3752 3550/1823/3752
f 3550/1823/3752 3552/1824/3752 3554/1825/3752
f 3554/1825/3752 3556/1826/3752 3558/1827/3752
f 3558/1827/3752 3560/1828/3752 3562/1829/3752
f 3562/1829/3752 3658/1830/3752 3649/1831/3752
f 3562/1829/3752 3649/1831/3752 3634/1832/3752
f 3554/1825/3752 3558/1827/3752 3562/1829/3752
f 3546/1821/3752 3550/1823/3752 3554/1825/3752
f 3538/1638/3752 3542/1819/3752 3546/1821/3752
f 3594/1637/3752 3534/1816/3752 3538/1638/3752
f 3586/1811/3752 3590/1813/3752 3594/1637/3752
f 3578/1807/3752 3582/1809/3752 3586/1811/3752
f 3570/1803/3752 3574/1805/3752 3578/1807/3752
f 3638/1833/3752 3639/1801/3752 3570/1803/3752
f 3654/1834/3752 3638/1833/3752 3570/1803/3752
f 3554/1825/3752 3562/1829/3752 3634/1832/3752
f 3554/1825/3752 3634/1832/3752 3633/1835/3752
f 3654/1834/3752 3570/1803/3752 3578/1807/3752
f 3655/1836/3752 3654/1834/3752 3578/1807/3752
f 3554/1825/3752 3633/1835/3752 3637/1837/3752
f 3554/1825/3752 3637/1837/3752 3635/1838/3752
f 3653/1839/3752 3655/1836/3752 3578/1807/3752
f 3644/1840/3752 3653/1839/3752 3578/1807/3752
f 3546/1821/3752 3554/1825/3752 3635/1838/3752
f 3546/1821/3752 3635/1838/3752 3636/1841/3752
f 3644/1840/3752 3578/1807/3752 3586/1811/3752
f 3643/1842/3752 3644/1840/3752 3586/1811/3752
f 3546/1821/3752 3636/1841/3752 3651/1843/3752
f 3546/1821/3752 3651/1843/3752 3652/1844/3752
f 3647/1845/3752 3643/1842/3752 3586/1811/3752
f 3645/1846/3752 3647/1845/3752 3586/1811/3752
f 3546/1821/3752 3652/1844/3752 3650/1847/3752
f 3546/1821/3752 3650/1847/3752 3631/1848/3752
f 3645/1846/3752 3586/1811/3752 3594/1637/3752
f 3646/1849/3752 3645/1846/3752 3594/1637/3752
f 3538/1638/3752 3546/1821/3752 3631/1848/3752
f 3538/1638/3752 3631/1848/3752 3630/1850/3752
f 3659/1851/3752 3646/1849/3752 3594/1637/3752
f 3656/1852/3752 3659/1851/3752 3594/1637/3752
f 3538/1638/3752 3630/1850/3752 3632/1853/3752
f 3538/1638/3752 3632/1853/3752 3629/1854/3752
f 3648/1855/3752 3656/1852/3752 3594/1637/3752
f 3538/1638/3752 3629/1854/3752 3628/1639/3752
f 3628/1639/3752 3648/1855/3752 3594/1637/3752
f 3658/1830/3752 3562/1829/3752 3564/1856/3752
f 3564/1856/3752 3566/1857/3752 3568/1640/3752
f 3568/1640/3752 3570/1803/3752 3640/1802/3752
f 3568/1640/3752 3640/1802/3752 3642/1858/3752
f 3658/1830/3752 3564/1856/3752 3568/1640/3752
f 3657/1642/3752 3658/1830/3752 3568/1640/3752
f 3568/1640/3752 3642/1858/3752 3641/1641/3752
f 3620/1643/3735 3598/1859/3735 3648/1644/3735
f 3623/1646/3736 3620/1643/3736 3628/1645/3736
f 3627/1648/3737 3623/1646/3737 3629/1647/3737
f 3612/1650/3738 3627/1648/3738 3632/1649/3738
f 3612/1650/3739 3630/1651/3739 3631/1652/3739
f 3611/1653/3740 3631/1652/3740 3650/1654/3740
f 3615/1655/3741 3650/1654/3741 3652/1656/3741
f 3614/1657/3742 3652/1656/3742 3651/1658/3742
f 3613/1659/3743 3651/1658/3743 3636/1660/3743
f 3626/1661/3744 3636/1660/3744 3635/1662/3744
f 3625/1663/3745 3635/1662/3745 3637/1664/3745
f 3624/1665/3746 3637/1664/3746 3633/1666/3746
f 3609/1667/3747 3633/1666/3747 3634/1668/3747
f 3608/1669/3748 3634/1668/3748 3649/1670/3748
f 3610/1671/3750 3649/1670/3750 3658/1672/3750
f 3607/1673/3751 3658/1672/3751 3657/1674/3751
f 3606/1675/3719 3657/1674/3719 3641/1676/3719
f 3621/1677/3720 3641/1676/3720 3642/1678/3720
f 3622/1679/3721 3642/1678/3721 3640/1680/3721
f 3619/1681/3722 3640/1680/3722 3639/1682/3722
f 3603/1684/3723 3604/1683/3723 3639/1682/3723
f 3605/1686/3724 3603/1684/3724 3638/1685/3724
f 3602/1688/3725 3605/1686/3725 3654/1687/3725
f 3601/1690/3726 3602/1688/3726 3655/1689/3726
f 3616/1692/3727 3601/1690/3727 3653/1691/3727
f 3618/1694/3728 3616/1692/3728 3644/1693/3728
f 3617/1696/3729 3618/1694/3729 3643/1695/3729
f 3596/1698/3730 3617/1696/3730 3647/1697/3730
f 3597/1700/3731 3596/1698/3731 3645/1699/3731
f 3600/1702/3732 3597/1700/3732 3646/1701/3732
f 3599/1704/3733 3600/1702/3733 3659/1703/3733
f 3598/1706/3734 3599/1704/3734 3656/1705/3734
f 3661/1566/3719 3663/1569/3719 3662/1567/3719
f 3663/1569/3720 3665/1571/3720 3664/1570/3720
f 3665/1571/3721 3667/1573/3721 3666/1572/3721
f 3667/1573/3722 3669/1575/3722 3668/1574/3722
f 3669/1575/3723 3671/1577/3723 3670/1576/3723
f 3671/1577/3724 3673/1579/3724 3672/1578/3724
f 3673/1579/3725 3675/1581/3725 3674/1580/3725
f 3675/1581/3726 3677/1583/3726 3676/1582/3726
f 3677/1583/3727 3679/1585/3727 3678/1584/3727
f 3679/1585/3728 3681/1587/3728 3680/1586/3728
f 3681/1587/3729 3683/1589/3729 3682/1588/3729
f 3683/1589/3730 3685/1591/3730 3684/1590/3730
f 3685/1591/3731 3687/1593/3731 3686/1592/3731
f 3687/1593/3732 3689/1595/3732 3688/1594/3732
f 3689/1595/3733 3691/1597/3733 3690/1596/3733
f 3691/1597/3734 3693/1599/3734 3692/1598/3734
f 3693/1599/3735 3695/1601/3735 3694/1600/3735
f 3695/1601/3736 3697/1603/3736 3696/1602/3736
f 3697/1603/3737 3699/1605/3737 3698/1604/3737
f 3699/1605/3738 3701/1607/3738 3700/1606/3738
f 3701/1607/3739 3703/1609/3739 3702/1608/3739
f 3703/1609/3740 3705/1611/3740 3704/1610/3740
f 3705/1611/3741 3707/1613/3741 3706/1612/3741
f 3707/1613/3742 3709/1615/3742 3708/1614/3742
f 3709/1615/3743 3711/1617/3743 3710/1616/3743
f 3711/1617/3744 3713/1619/3744 3712/1618/3744
f 3713/1619/3745 3715/1621/3745 3714/1620/3745
f 3715/1621/3746 3717/1623/3746 3716/1622/3746
f 3717/1623/3747 3719/1625/3747 3718/1624/3747
f 3719/1625/3748 3721/1633/3748 3720/1626/3748
f 3738/1746/3749 3689/1631/3749 3687/1747/3749
f 3687/1747/3749 3685/1748/3749 3683/1749/3749
f 3683/1749/3749 3681/1750/3749 3679/1751/3749
f 3679/1751/3749 3677/1752/3749 3675/1753/3749
f 3675/1753/3749 3673/1754/3749 3671/1755/3749
f 3671/1755/3749 3669/1756/3749 3667/1627/3749
f 3667/1627/3749 3665/1757/3749 3663/1742/3749
f 3663/1742/3749 3661/1758/3749 3723/1628/3749
f 3723/1628/3749 3721/1759/3749 3719/1760/3749
f 3719/1760/3749 3717/1761/3749 3715/1762/3749
f 3715/1762/3749 3713/1763/3749 3711/1764/3749
f 3711/1764/3749 3709/1765/3749 3707/1741/3749
f 3707/1741/3749 3705/1766/3749 3703/1767/3749
f 3703/1767/3749 3701/1768/3749 3699/1769/3749
f 3699/1769/3749 3697/1630/3749 3750/1770/3749
f 3699/1769/3749 3750/1770/3749 3747/1771/3749
f 3707/1741/3749 3703/1767/3749 3699/1769/3749
f 3715/1762/3749 3711/1764/3749 3707/1741/3749
f 3723/1628/3749 3719/1760/3749 3715/1762/3749
f 3667/1627/3749 3663/1742/3749 3723/1628/3749
f 3675/1753/3749 3671/1755/3749 3667/1627/3749
f 3683/1749/3749 3679/1751/3749 3675/1753/3749
f 3738/1746/3749 3687/1747/3749 3683/1749/3749
f 3736/1772/3749 3738/1746/3749 3683/1749/3749
f 3699/1769/3749 3747/1771/3749 3732/1773/3749
f 3699/1769/3749 3732/1773/3749 3731/1774/3749
f 3737/1775/3749 3736/1772/3749 3683/1749/3749
f 3752/1776/3749 3737/1775/3749 3683/1749/3749
f 3707/1741/3749 3699/1769/3749 3731/1774/3749
f 3707/1741/3749 3731/1774/3749 3733/1777/3749
f 3753/1778/3749 3752/1776/3749 3683/1749/3749
f 3754/1779/3749 3753/1778/3749 3683/1749/3749
f 3707/1741/3749 3733/1777/3749 3730/1780/3749
f 3707/1741/3749 3730/1780/3749 3729/1781/3749
f 3754/1779/3749 3683/1749/3749 3675/1753/3749
f 3741/1782/3749 3754/1779/3749 3675/1753/3749
f 3715/1762/3749 3707/1741/3749 3729/1781/3749
f 3715/1762/3749 3729/1781/3749 3744/1783/3749
f 3742/1784/3749 3741/1782/3749 3675/1753/3749
f 3743/1785/3749 3742/1784/3749 3675/1753/3749
f 3715/1762/3749 3744/1783/3749 3746/1786/3749
f 3715/1762/3749 3746/1786/3749 3745/1787/3749
f 3743/1785/3749 3675/1753/3749 3667/1627/3749
f 3739/1788/3749 3743/1785/3749 3667/1627/3749
f 3715/1762/3749 3745/1787/3749 3724/1789/3749
f 3715/1762/3749 3724/1789/3749 3725/1790/3749
f 3740/1791/3749 3739/1788/3749 3667/1627/3749
f 3755/1792/3749 3740/1791/3749 3667/1627/3749
f 3723/1628/3749 3715/1762/3749 3725/1790/3749
f 3723/1628/3749 3725/1790/3749 3728/1793/3749
f 3751/1794/3749 3755/1792/3749 3667/1627/3749
f 3748/1795/3749 3751/1794/3749 3667/1627/3749
f 3723/1628/3749 3728/1793/3749 3727/1796/3749
f 3726/1629/3749 3748/1795/3749 3667/1627/3749
f 3723/1628/3749 3727/1796/3749 3726/1629/3749
f 3749/1797/3749 3750/1770/3749 3697/1630/3749
f 3697/1630/3749 3695/1740/3749 3693/1798/3749
f 3693/1798/3749 3691/1799/3749 3689/1631/3749
f 3689/1631/3749 3738/1746/3749 3735/1800/3749
f 3734/1632/3749 3749/1797/3749 3697/1630/3749
f 3689/1631/3749 3735/1800/3749 3734/1632/3749
f 3697/1630/3749 3693/1798/3749 3689/1631/3749
f 3721/1633/3750 3723/1635/3750 3722/1634/3750
f 3723/1635/3751 3661/1744/3751 3660/1636/3751
f 3767/1801/3752 3768/1802/3752 3698/1803/3752
f 3698/1803/3752 3700/1804/3752 3702/1805/3752
f 3702/1805/3752 3704/1806/3752 3706/1807/3752
f 3706/1807/3752 3708/1808/3752 3710/1809/3752
f 3710/1809/3752 3712/1810/3752 3714/1811/3752
f 3714/1811/3752 3716/1812/3752 3718/1813/3752
f 3718/1813/3752 3720/1814/3752 3722/1637/3752
f 3722/1637/3752 3660/1815/3752 3662/1816/3752
f 3662/1816/3752 3664/1817/3752 3666/1638/3752
f 3666/1638/3752 3668/1818/3752 3670/1819/3752
f 3670/1819/3752 3672/1820/3752 3674/1821/3752
f 3674/1821/3752 3676/1822/3752 3678/1823/3752
f 3678/1823/3752 3680/1824/3752 3682/1825/3752
f 3682/1825/3752 3684/1826/3752 3686/1827/3752
f 3686/1827/3752 3688/1828/3752 3690/1829/3752
f 3690/1829/3752 3786/1830/3752 3777/1831/3752
f 3690/1829/3752 3777/1831/3752 3762/1832/3752
f 3682/1825/3752 3686/1827/3752 3690/1829/3752
f 3674/1821/3752 3678/1823/3752 3682/1825/3752
f 3666/1638/3752 3670/1819/3752 3674/1821/3752
f 3722/1637/3752 3662/1816/3752 3666/1638/3752
f 3714/1811/3752 3718/1813/3752 3722/1637/3752
f 3706/1807/3752 3710/1809/3752 3714/1811/3752
f 3698/1803/3752 3702/1805/3752 3706/1807/3752
f 3766/1833/3752 3767/1801/3752 3698/1803/3752
f 3782/1834/3752 3766/1833/3752 3698/1803/3752
f 3682/1825/3752 3690/1829/3752 3762/1832/3752
f 3682/1825/3752 3762/1832/3752 3761/1835/3752
f 3782/1834/3752 3698/1803/3752 3706/1807/3752
f 3783/1836/3752 3782/1834/3752 3706/1807/3752
f 3682/1825/3752 3761/1835/3752 3765/1837/3752
f 3682/1825/3752 3765/1837/3752 3763/1838/3752
f 3781/1839/3752 3783/1836/3752 3706/1807/3752
f 3772/1840/3752 3781/1839/3752 3706/1807/3752
f 3674/1821/3752 3682/1825/3752 3763/1838/3752
f 3674/1821/3752 3763/1838/3752 3764/1841/3752
f 3772/1840/3752 3706/1807/3752 3714/1811/3752
f 3771/1842/3752 3772/1840/3752 3714/1811/3752
f 3674/1821/3752 3764/1841/3752 3779/1843/3752
f 3674/1821/3752 3779/1843/3752 3780/1844/3752
f 3775/1845/3752 3771/1842/3752 3714/1811/3752
f 3773/1846/3752 3775/1845/3752 3714/1811/3752
f 3674/1821/3752 3780/1844/3752 3778/1847/3752
f 3674/1821/3752 3778/1847/3752 3759/1848/3752
f 3773/1846/3752 3714/1811/3752 3722/1637/3752
f 3774/1849/3752 3773/1846/3752 3722/1637/3752
f 3666/1638/3752 3674/1821/3752 3759/1848/3752
f 3666/1638/3752 3759/1848/3752 3758/1850/3752
f 3787/1851/3752 3774/1849/3752 3722/1637/3752
f 3784/1852/3752 3787/1851/3752 3722/1637/3752
f 3666/1638/3752 3758/1850/3752 3760/1853/3752
f 3666/1638/3752 3760/1853/3752 3757/1854/3752
f 3776/1855/3752 3784/1852/3752 3722/1637/3752
f 3666/1638/3752 3757/1854/3752 3756/1639/3752
f 3756/1639/3752 3776/1855/3752 3722/1637/3752
f 3786/1830/3752 3690/1829/3752 3692/1856/3752
f 3692/1856/3752 3694/1857/3752 3696/1640/3752
f 3696/1640/3752 3698/1803/3752 3768/1802/3752
f 3696/1640/3752 3768/1802/3752 3770/1858/3752
f 3786/1830/3752 3692/1856/3752 3696/1640/3752
f 3785/1642/3752 3786/1830/3752 3696/1640/3752
f 3696/1640/3752 3770/1858/3752 3769/1641/3752
f 3748/1643/3735 3726/1859/3735 3776/1644/3735
f 3751/1646/3736 3748/1643/3736 3756/1645/3736
f 3755/1648/3737 3751/1646/3737 3757/1647/3737
f 3740/1650/3738 3755/1648/3738 3760/1649/3738
f 3740/1650/3739 3758/1651/3739 3759/1652/3739
f 3739/1653/3740 3759/1652/3740 3778/1654/3740
f 3743/1655/3741 3778/1654/3741 3780/1656/3741
f 3742/1657/3742 3780/1656/3742 3779/1658/3742
f 3741/1659/3743 3779/1658/3743 3764/1660/3743
f 3754/1661/3744 3764/1660/3744 3763/1662/3744
f 3753/1663/3745 3763/1662/3745 3765/1664/3745
f 3752/1665/3746 3765/1664/3746 3761/1666/3746
f 3737/1667/3747 3761/1666/3747 3762/1668/3747
f 3736/1669/3748 3762/1668/3748 3777/1670/3748
f 3738/1671/3750 3777/1670/3750 3786/1672/3750
f 3735/1673/3751 3786/1672/3751 3785/1674/3751
f 3734/1675/3719 3785/1674/3719 3769/1676/3719
f 3749/1677/3720 3769/1676/3720 3770/1678/3720
f 3750/1679/3721 3770/1678/3721 3768/1680/3721
f 3747/1681/3722 3768/1680/3722 3767/1682/3722
f 3731/1684/3723 3732/1683/3723 3767/1682/3723
f 3733/1686/3724 3731/1684/3724 3766/1685/3724
f 3730/1688/3725 3733/1686/3725 3782/1687/3725
f 3729/1690/3726 3730/1688/3726 3783/1689/3726
f 3744/1692/3727 3729/1690/3727 3781/1691/3727
f 3746/1694/3728 3744/1692/3728 3772/1693/3728
f 3745/1696/3729 3746/1694/3729 3771/1695/3729
f 3724/1698/3730 3745/1696/3730 3775/1697/3730
f 3725/1700/3731 3724/1698/3731 3773/1699/3731
f 3728/1702/3732 3725/1700/3732 3774/1701/3732
f 3727/1704/3733 3728/1702/3733 3787/1703/3733
f 3726/1706/3734 3727/1704/3734 3784/1705/3734
o 실린더.001
v -3.808041 8.545604 7.583615
v -2.221452 8.545604 7.583615
v -3.808041 8.437480 7.594265
v -2.221452 8.437480 7.594265
v -3.808041 8.333511 7.625803
v -2.221452 8.333511 7.625803
v -3.808041 8.237694 7.677019
v -2.221452 8.237694 7.677019
v -3.808041 8.153708 7.745944
v -2.221452 8.153708 7.745944
v -3.808041 8.084785 7.829928
v -2.221452 8.084784 7.829928
v -3.808041 8.033568 7.925746
v -2.221452 8.033568 7.925746
v -3.808041 8.002029 8.029715
v -2.221452 8.002029 8.029715
v -3.808041 7.991381 8.137838
v -2.221452 7.991381 8.137838
v -3.808041 8.002029 8.245962
v -2.221452 8.002029 8.245962
v -3.808041 8.033568 8.349931
v -2.221452 8.033568 8.349931
v -3.808041 8.084785 8.445748
v -2.221452 8.084784 8.445748
v -3.808041 8.153708 8.529734
v -2.221452 8.153708 8.529734
v -3.808041 8.237694 8.598658
v -2.221452 8.237694 8.598658
v -3.808041 8.333511 8.649874
v -2.221452 8.333511 8.649874
v -3.808041 8.437480 8.681413
v -2.221452 8.437480 8.681413
v -3.808041 8.545604 8.692061
v -2.221452 8.545604 8.692061
v -3.808041 8.653728 8.681413
v -2.221452 8.653728 8.681413
v -3.808041 8.757696 8.649874
v -2.221452 8.757696 8.649874
v -3.808041 8.853514 8.598658
v -2.221452 8.853514 8.598658
v -3.808041 8.937499 8.529734
v -2.221452 8.937499 8.529734
v -3.808041 9.006424 8.445748
v -2.221452 9.006423 8.445748
v -3.808041 9.057639 8.349931
v -2.221452 9.057639 8.349931
v -3.808041 9.089178 8.245962
v -2.221452 9.089178 8.245962
v -3.808041 9.099827 8.137838
v -2.221452 9.099827 8.137838
v -3.808041 9.089178 8.029715
v -2.221452 9.089178 8.029715
v -3.808041 9.057639 7.925746
v -2.221452 9.057639 7.925746
v -3.808041 9.006424 7.829928
v -2.221452 9.006423 7.829928
v -3.808041 8.937499 7.745944
v -2.221452 8.937499 7.745944
v -3.808041 8.853514 7.677019
v -2.221452 8.853514 7.677019
v -3.808041 8.757696 7.625803
v -2.221452 8.757696 7.625803
v -3.808041 8.653728 7.594265
v -2.221452 8.653728 7.594265
v -2.221452 8.859119 7.836683
v -2.221452 8.791932 7.781543
v -2.221452 8.545604 7.706820
v -2.221452 8.632103 7.715340
v -2.221452 8.715278 7.740571
v -2.221452 8.988982 8.150199
v -2.221452 8.980463 8.236698
v -2.221452 8.914260 8.396527
v -2.221452 8.859119 8.463715
v -2.221452 8.955232 8.319873
v -2.221452 8.545604 8.593577
v -2.221452 8.459105 8.585058
v -2.221452 8.299275 8.518855
v -2.221452 8.232088 8.463715
v -2.221452 8.375930 8.559828
v -2.221452 8.176948 7.903871
v -2.221452 8.232088 7.836683
v -2.221452 8.102225 8.150199
v -2.221452 8.110744 8.063700
v -2.221452 8.135975 7.980525
v -2.221452 8.980463 8.063700
v -2.221452 8.914260 7.903871
v -2.221452 8.955232 7.980525
v -2.221452 8.791932 8.518855
v -2.221452 8.459105 7.715340
v -2.221452 8.632103 8.585058
v -2.221452 8.715278 8.559828
v -2.221452 8.375930 7.740571
v -2.221452 8.176948 8.396527
v -2.221452 8.135975 8.319873
v -2.221452 8.110744 8.236698
v -2.221452 8.299275 7.781543
v -3.808041 8.459105 7.715340
v -3.808041 8.375930 7.740571
v -3.808041 8.232088 7.836683
v -3.808041 8.176948 7.903871
v -3.808041 8.299275 7.781543
v -3.808041 8.232088 8.463715
v -3.808041 8.299275 8.518855
v -3.808041 8.135976 8.319873
v -3.808041 8.110744 8.236698
v -3.808041 8.176948 8.396527
v -3.808041 8.914260 8.396527
v -3.808041 8.859119 8.463715
v -3.808041 8.791932 8.518855
v -3.808041 8.632103 8.585058
v -3.808041 8.715278 8.559828
v -3.808041 8.955233 7.980525
v -3.808041 8.980463 8.063700
v -3.808041 8.859119 7.836683
v -3.808041 8.791932 7.781543
v -3.808041 8.914260 7.903871
v -3.808041 8.545604 7.706820
v -3.808041 8.375930 8.559828
v -3.808041 8.135976 7.980525
v -3.808041 8.102225 8.150199
v -3.808041 8.110744 8.063700
v -3.808041 8.988982 8.150199
v -3.808041 8.955233 8.319873
v -3.808041 8.980463 8.236698
v -3.808041 8.632103 7.715340
v -3.808041 8.545604 8.593577
v -3.808041 8.459105 8.585058
v -3.808041 8.715278 7.740571
v -3.463757 8.048680 9.815433
v -3.463756 11.547671 8.649102
v -3.184263 9.111360 5.983602
v -3.463757 8.048680 5.150112
v -3.463756 11.547671 6.316442
v -3.184263 8.805710 6.013706
v 3.463756 8.048680 9.815433
v -3.184263 8.511806 6.102860
v 3.463756 11.547671 8.649102
v 3.463756 8.048680 5.150112
v 3.463756 11.547671 6.316442
v -3.184263 8.240942 6.247640
v -3.463757 6.882350 6.316442
v -3.463757 6.882350 7.482772
v -3.184263 8.003529 6.442481
v -3.463757 6.882350 8.649102
v -3.184263 7.808688 6.679894
v -3.463756 11.547671 7.482772
v -3.184263 7.663908 6.950758
v 3.463756 6.882350 8.649102
v -3.184263 7.574754 7.244662
v 3.463756 6.882350 7.482772
v 3.463756 6.882350 6.316442
v -3.184263 7.544650 7.550312
v 3.463756 11.547671 7.482772
v -3.184263 7.574754 7.855962
v -3.463756 9.215011 9.815433
v -3.184263 7.663908 8.149866
v -3.463756 10.381341 9.815433
v -3.184263 7.808688 8.420729
v -3.463756 10.381341 5.150112
v -3.463756 9.215011 5.150112
v -3.184263 8.003529 8.658143
v 3.463756 10.381341 5.150112
v -3.184263 8.240942 8.852983
v 3.463756 9.215011 5.150112
v 3.463756 10.381341 9.815433
v -3.184263 8.511806 8.997763
v 3.463756 9.215011 9.815433
v -3.184263 8.805710 9.086918
v -3.184263 9.111360 9.117022
v -3.184263 9.417009 9.086918
v -3.184263 9.710914 8.997763
v -3.184263 9.981777 8.852983
v -3.184263 10.219191 8.658143
v -3.184263 10.414031 8.420729
v -3.184263 10.558810 8.149866
v -3.184263 10.647965 7.855962
v -3.184263 10.678069 7.550312
v -3.184263 10.647965 7.244662
v -3.184263 10.558810 6.950758
v -3.184263 10.414031 6.679894
v -3.184263 10.219191 6.442481
v -3.184263 9.981777 6.247640
v -3.184263 9.710914 6.102860
v -3.184263 9.417009 6.013706
v -3.463757 8.240942 8.852983
v -3.463757 7.808688 8.420729
v -3.463757 8.003529 8.658143
v -3.463756 9.111360 9.117022
v -3.463757 8.511806 8.997763
v -3.463757 8.805710 9.086918
v -3.463757 7.663908 8.149866
v -3.463757 7.544650 7.550312
v -3.463757 7.574754 7.855962
v -3.463757 7.663908 6.950758
v -3.463757 8.003529 6.442481
v -3.463757 7.808688 6.679894
v -3.463757 8.511806 6.102860
v -3.463756 9.111360 5.983602
v -3.463757 8.805710 6.013706
v -3.463757 8.240942 6.247640
v -3.463757 7.574754 7.244662
v -3.463756 9.417009 9.086918
v -3.463756 9.710914 8.997763
v -3.463756 9.981777 8.852983
v -3.463756 10.219191 8.658143
v -3.463756 10.647965 7.855962
v -3.463756 10.558810 8.149866
v -3.463756 10.414031 8.420729
v -3.463756 10.678069 7.550312
v -3.463756 10.647965 7.244662
v -3.463756 10.414031 6.679894
v -3.463756 10.558810 6.950758
v -3.463756 9.981777 6.247640
v -3.463756 9.417009 6.013706
v -3.463756 9.710914 6.102860
v -3.463756 10.219191 6.442481
v -3.808041 9.692296 7.583615
v -2.221452 9.692296 7.583615
v -3.808041 9.584173 7.594264
v -2.221452 9.584173 7.594264
v -3.808041 9.480205 7.625803
v -2.221452 9.480205 7.625803
v -3.808041 9.384386 7.677018
v -2.221452 9.384386 7.677018
v -3.808041 9.300402 7.745943
v -2.221452 9.300402 7.745943
v -3.808041 9.231477 7.829928
v -2.221452 9.231477 7.829928
v -3.808041 9.180261 7.925746
v -2.221452 9.180261 7.925746
v -3.808041 9.148723 8.029715
v -2.221452 9.148723 8.029715
v -3.808041 9.138073 8.137837
v -2.221452 9.138073 8.137837
v -3.808041 9.148723 8.245961
v -2.221452 9.148723 8.245961
v -3.808041 9.180261 8.349930
v -2.221452 9.180261 8.349930
v -3.808041 9.231477 8.445747
v -2.221452 9.231477 8.445747
v -3.808041 9.300402 8.529733
v -2.221452 9.300402 8.529733
v -3.808041 9.384386 8.598658
v -2.221452 9.384386 8.598658
v -3.808041 9.480205 8.649874
v -2.221452 9.480205 8.649874
v -3.808041 9.584173 8.681412
v -2.221452 9.584173 8.681412
v -3.808041 9.692296 8.692061
v -2.221452 9.692296 8.692061
v -3.808041 9.800420 8.681412
v -2.221452 9.800420 8.681412
v -3.808041 9.904388 8.649874
v -2.221452 9.904388 8.649874
v -3.808041 10.000206 8.598658
v -2.221452 10.000206 8.598658
v -3.808041 10.084191 8.529733
v -2.221452 10.084191 8.529733
v -3.808041 10.153116 8.445747
v -2.221452 10.153116 8.445747
v -3.808041 10.204331 8.349930
v -2.221452 10.204331 8.349930
v -3.808041 10.235870 8.245961
v -2.221452 10.235870 8.245961
v -3.808041 10.246519 8.137837
v -2.221452 10.246519 8.137837
v -3.808041 10.235870 8.029715
v -2.221452 10.235870 8.029715
v -3.808041 10.204331 7.925746
v -2.221452 10.204331 7.925746
v -3.808041 10.153116 7.829928
v -2.221452 10.153116 7.829928
v -3.808041 10.084191 7.745943
v -2.221452 10.084191 7.745943
v -3.808041 10.000206 7.677018
v -2.221452 10.000206 7.677018
v -3.808041 9.904388 7.625803
v -2.221452 9.904388 7.625803
v -3.808041 9.800420 7.594264
v -2.221452 9.800420 7.594264
v -2.221452 10.005813 7.836682
v -2.221452 9.938624 7.781543
v -2.221452 9.692296 7.706820
v -2.221452 9.778795 7.715339
v -2.221452 9.861970 7.740570
v -2.221452 10.135674 8.150199
v -2.221452 10.127155 8.236697
v -2.221452 10.060952 8.396526
v -2.221452 10.005813 8.463715
v -2.221452 10.101925 8.319872
v -2.221452 9.692296 8.593577
v -2.221452 9.605798 8.585057
v -2.221452 9.445969 8.518854
v -2.221452 9.378780 8.463715
v -2.221452 9.522623 8.559827
v -2.221452 9.323641 7.903871
v -2.221452 9.378780 7.836682
v -2.221452 9.248918 8.150199
v -2.221452 9.257437 8.063700
v -2.221452 9.282668 7.980525
v -2.221452 10.127155 8.063700
v -2.221452 10.060952 7.903871
v -2.221452 10.101925 7.980525
v -2.221452 9.938624 8.518854
v -2.221452 9.605798 7.715339
v -2.221452 9.778795 8.585057
v -2.221452 9.861970 8.559827
v -2.221452 9.522623 7.740570
v -2.221452 9.323641 8.396526
v -2.221452 9.282668 8.319872
v -2.221452 9.257437 8.236697
v -2.221452 9.445969 7.781543
v -3.808041 9.605798 7.715339
v -3.808041 9.522623 7.740570
v -3.808041 9.378780 7.836682
v -3.808041 9.323641 7.903871
v -3.808041 9.445969 7.781543
v -3.808041 9.378780 8.463715
v -3.808041 9.445969 8.518854
v -3.808041 9.282668 8.319872
v -3.808041 9.257437 8.236697
v -3.808041 9.323641 8.396526
v -3.808041 10.060952 8.396526
v -3.808041 10.005813 8.463715
v -3.808041 9.938624 8.518854
v -3.808041 9.778795 8.585057
v -3.808041 9.861970 8.559827
v -3.808041 10.101925 7.980525
v -3.808041 10.127155 8.063700
v -3.808041 10.005813 7.836682
v -3.808041 9.938624 7.781543
v -3.808041 10.060952 7.903871
v -3.808041 9.692296 7.706820
v -3.808041 9.522623 8.559827
v -3.808041 9.282668 7.980525
v -3.808041 9.248918 8.150199
v -3.808041 9.257437 8.063700
v -3.808041 10.135674 8.150199
v -3.808041 10.101925 8.319872
v -3.808041 10.127155 8.236697
v -3.808041 9.778795 7.715339
v -3.808041 9.692296 8.593577
v -3.808041 9.605798 8.585057
v -3.808041 9.861970 7.740570
v -3.808041 9.692296 6.330161
v -2.221452 9.692296 6.330161
v -3.808041 9.584173 6.340810
v -2.221452 9.584173 6.340810
v -3.808041 9.480205 6.372349
v -2.221452 9.480205 6.372349
v -3.808041 9.384386 6.423564
v -2.221452 9.384386 6.423564
v -3.808041 9.300402 6.492489
v -2.221452 9.300402 6.492489
v -3.808041 9.231477 6.576474
v -2.221452 9.231477 6.576474
v -3.808041 9.180261 6.672292
v -2.221452 9.180261 6.672292
v -3.808041 9.148723 6.776260
v -2.221452 9.148723 6.776260
v -3.808041 9.138073 6.884384
v -2.221452 9.138073 6.884384
v -3.808041 9.148723 6.992508
v -2.221452 9.148723 6.992508
v -3.808041 9.180261 7.096477
v -2.221452 9.180261 7.096477
v -3.808041 9.231477 7.192294
v -2.221452 9.231477 7.192294
v -3.808041 9.300402 7.276279
v -2.221452 9.300402 7.276279
v -3.808041 9.384386 7.345204
v -2.221452 9.384386 7.345204
v -3.808041 9.480205 7.396420
v -2.221452 9.480205 7.396420
v -3.808041 9.584173 7.427958
v -2.221452 9.584173 7.427958
v -3.808041 9.692296 7.438607
v -2.221452 9.692296 7.438607
v -3.808041 9.800420 7.427958
v -2.221452 9.800420 7.427958
v -3.808041 9.904388 7.396420
v -2.221452 9.904388 7.396420
v -3.808041 10.000206 7.345204
v -2.221452 10.000206 7.345204
v -3.808041 10.084191 7.276279
v -2.221452 10.084191 7.276279
v -3.808041 10.153116 7.192294
v -2.221452 10.153116 7.192294
v -3.808041 10.204331 7.096477
v -2.221452 10.204331 7.096477
v -3.808041 10.235870 6.992508
v -2.221452 10.235870 6.992508
v -3.808041 10.246519 6.884384
v -2.221452 10.246519 6.884384
v -3.808041 10.235870 6.776260
v -2.221452 10.235870 6.776260
v -3.808041 10.204331 6.672292
v -2.221452 10.204331 6.672292
v -3.808041 10.153116 6.576474
v -2.221452 10.153116 6.576474
v -3.808041 10.084191 6.492489
v -2.221452 10.084191 6.492489
v -3.808041 10.000206 6.423564
v -2.221452 10.000206 6.423564
v -3.808041 9.904388 6.372349
v -2.221452 9.904388 6.372349
v -3.808041 9.800420 6.340810
v -2.221452 9.800420 6.340810
v -2.221452 10.005813 6.583229
v -2.221452 9.938624 6.528089
v -2.221452 9.692296 6.453366
v -2.221452 9.778795 6.461885
v -2.221452 9.861970 6.487117
v -2.221452 10.135674 6.896745
v -2.221452 10.127155 6.983244
v -2.221452 10.060952 7.143073
v -2.221452 10.005813 7.210261
v -2.221452 10.101925 7.066419
v -2.221452 9.692296 7.340123
v -2.221452 9.605798 7.331604
v -2.221452 9.445969 7.265401
v -2.221452 9.378780 7.210261
v -2.221452 9.522623 7.306373
v -2.221452 9.323641 6.650417
v -2.221452 9.378780 6.583229
v -2.221452 9.248918 6.896745
v -2.221452 9.257437 6.810246
v -2.221452 9.282668 6.727071
v -2.221452 10.127155 6.810246
v -2.221452 10.060952 6.650417
v -2.221452 10.101925 6.727071
v -2.221452 9.938624 7.265401
v -2.221452 9.605798 6.461885
v -2.221452 9.778795 7.331604
v -2.221452 9.861970 7.306373
v -2.221452 9.522623 6.487117
v -2.221452 9.323641 7.143073
v -2.221452 9.282668 7.066419
v -2.221452 9.257437 6.983244
v -2.221452 9.445969 6.528089
v -3.808041 9.605798 6.461885
v -3.808041 9.522623 6.487117
v -3.808041 9.378780 6.583229
v -3.808041 9.323641 6.650417
v -3.808041 9.445969 6.528089
v -3.808041 9.378780 7.210261
v -3.808041 9.445969 7.265401
v -3.808041 9.282668 7.066419
v -3.808041 9.257437 6.983244
v -3.808041 9.323641 7.143073
v -3.808041 10.060952 7.143073
v -3.808041 10.005813 7.210261
v -3.808041 9.938624 7.265401
v -3.808041 9.778795 7.331604
v -3.808041 9.861970 7.306373
v -3.808041 10.101925 6.727071
v -3.808041 10.127155 6.810246
v -3.808041 10.005813 6.583229
v -3.808041 9.938624 6.528089
v -3.808041 10.060952 6.650417
v -3.808041 9.692296 6.453366
v -3.808041 9.522623 7.306373
v -3.808041 9.282668 6.727071
v -3.808041 9.248918 6.896745
v -3.808041 9.257437 6.810246
v -3.808041 10.135674 6.896745
v -3.808041 10.101925 7.066419
v -3.808041 10.127155 6.983244
v -3.808041 9.778795 6.461885
v -3.808041 9.692296 7.340123
v -3.808041 9.605798 7.331604
v -3.808041 9.861970 6.487117
v -3.808041 8.545603 6.330161
v -2.221452 8.545603 6.330161
v -3.808041 8.437480 6.340810
v -2.221452 8.437479 6.340810
v -3.808041 8.333511 6.372349
v -2.221452 8.333511 6.372349
v -3.808041 8.237693 6.423564
v -2.221452 8.237693 6.423564
v -3.808041 8.153708 6.492489
v -2.221452 8.153708 6.492489
v -3.808041 8.084784 6.576474
v -2.221452 8.084784 6.576474
v -3.808041 8.033567 6.672292
v -2.221452 8.033567 6.672292
v -3.808041 8.002029 6.776260
v -2.221452 8.002029 6.776260
v -3.808041 7.991380 6.884384
v -2.221452 7.991380 6.884384
v -3.808041 8.002029 6.992508
v -2.221452 8.002029 6.992508
v -3.808041 8.033567 7.096477
v -2.221452 8.033567 7.096477
v -3.808041 8.084784 7.192294
v -2.221452 8.084784 7.192294
v -3.808041 8.153708 7.276279
v -2.221452 8.153708 7.276279
v -3.808041 8.237693 7.345204
v -2.221452 8.237693 7.345204
v -3.808041 8.333511 7.396420
v -2.221452 8.333511 7.396420
v -3.808041 8.437480 7.427958
v -2.221452 8.437479 7.427958
v -3.808041 8.545603 7.438607
v -2.221452 8.545603 7.438607
v -3.808041 8.653727 7.427958
v -2.221452 8.653727 7.427958
v -3.808041 8.757695 7.396420
v -2.221452 8.757695 7.396420
v -3.808041 8.853513 7.345204
v -2.221452 8.853513 7.345204
v -3.808041 8.937498 7.276279
v -2.221452 8.937498 7.276279
v -3.808041 9.006423 7.192294
v -2.221452 9.006423 7.192294
v -3.808041 9.057638 7.096477
v -2.221452 9.057638 7.096477
v -3.808041 9.089177 6.992508
v -2.221452 9.089177 6.992508
v -3.808041 9.099827 6.884384
v -2.221452 9.099826 6.884384
v -3.808041 9.089177 6.776260
v -2.221452 9.089177 6.776260
v -3.808041 9.057638 6.672292
v -2.221452 9.057638 6.672292
v -3.808041 9.006423 6.576474
v -2.221452 9.006423 6.576474
v -3.808041 8.937498 6.492489
v -2.221452 8.937498 6.492489
v -3.808041 8.853513 6.423564
v -2.221452 8.853513 6.423564
v -3.808041 8.757695 6.372349
v -2.221452 8.757695 6.372349
v -3.808041 8.653727 6.340810
v -2.221452 8.653727 6.340810
v -2.221452 8.859119 6.583229
v -2.221452 8.791931 6.528089
v -2.221452 8.545603 6.453366
v -2.221452 8.632102 6.461885
v -2.221452 8.715277 6.487117
v -2.221452 8.988981 6.896745
v -2.221452 8.980462 6.983244
v -2.221452 8.914259 7.143073
v -2.221452 8.859119 7.210261
v -2.221452 8.955232 7.066419
v -2.221452 8.545603 7.340123
v -2.221452 8.459105 7.331604
v -2.221452 8.299275 7.265401
v -2.221452 8.232087 7.210261
v -2.221452 8.375930 7.306373
v -2.221452 8.176948 6.650417
v -2.221452 8.232087 6.583229
v -2.221452 8.102224 6.896745
v -2.221452 8.110744 6.810246
v -2.221452 8.135975 6.727071
v -2.221452 8.980462 6.810246
v -2.221452 8.914259 6.650417
v -2.221452 8.955232 6.727071
v -2.221452 8.791931 7.265401
v -2.221452 8.459105 6.461885
v -2.221452 8.632102 7.331604
v -2.221452 8.715277 7.306373
v -2.221452 8.375930 6.487117
v -2.221452 8.176948 7.143073
v -2.221452 8.135975 7.066419
v -2.221452 8.110744 6.983244
v -2.221452 8.299275 6.528089
v -3.808041 8.459105 6.461885
v -3.808041 8.375930 6.487117
v -3.808041 8.232087 6.583229
v -3.808041 8.176948 6.650417
v -3.808041 8.299275 6.528089
v -3.808041 8.232087 7.210261
v -3.808041 8.299275 7.265401
v -3.808041 8.135975 7.066419
v -3.808041 8.110744 6.983244
v -3.808041 8.176948 7.143073
v -3.808041 8.914259 7.143073
v -3.808041 8.859119 7.210261
v -3.808041 8.791931 7.265401
v -3.808041 8.632102 7.331604
v -3.808041 8.715277 7.306373
v -3.808041 8.955232 6.727071
v -3.808041 8.980462 6.810246
v -3.808041 8.859119 6.583229
v -3.808041 8.791931 6.528089
v -3.808041 8.914259 6.650417
v -3.808041 8.545603 6.453366
v -3.808041 8.375930 7.306373
v -3.808041 8.135975 6.727071
v -3.808041 8.102224 6.896745
v -3.808041 8.110744 6.810246
v -3.808041 8.988981 6.896745
v -3.808041 8.955232 7.066419
v -3.808041 8.980462 6.983244
v -3.808041 8.632102 6.461885
v -3.808041 8.545603 7.340123
v -3.808041 8.459105 7.331604
v -3.808041 8.715277 6.487117
vn -0.0000 -0.0980 -0.9952
vn -0.0000 -0.2903 -0.9569
vn -0.0000 -0.4714 -0.8819
vn -0.0000 -0.6344 -0.7730
vn -0.0000 -0.7730 -0.6344
vn -0.0000 -0.8819 -0.4714
vn -0.0000 -0.9569 -0.2903
vn -0.0000 -0.9952 -0.0980
vn -0.0000 -0.9952 0.0980
vn -0.0000 -0.9569 0.2903
vn -0.0000 -0.8819 0.4714
vn -0.0000 -0.7730 0.6344
vn -0.0000 -0.6344 0.7730
vn -0.0000 -0.4714 0.8819
vn -0.0000 -0.2903 0.9569
vn -0.0000 -0.0980 0.9952
vn -0.0000 0.0980 0.9952
vn -0.0000 0.2903 0.9569
vn -0.0000 0.4714 0.8819
vn -0.0000 0.6344 0.7730
vn -0.0000 0.7730 0.6344
vn -0.0000 0.8819 0.4714
vn -0.0000 0.9569 0.2903
vn -0.0000 0.9952 0.0980
vn -0.0000 0.9952 -0.0980
vn -0.0000 0.9569 -0.2903
vn -0.0000 0.8819 -0.4714
vn -0.0000 0.7730 -0.6344
vn -0.0000 0.6344 -0.7730
vn -0.0000 0.4714 -0.8819
vn 1.0000 -0.0000 -0.0000
vn -0.0000 0.2903 -0.9569
vn -0.0000 0.0980 -0.9952
vn -1.0000 -0.0000 -0.0000
vn -0.0000 0.7071 -0.7071
vn -0.0000 0.7071 0.7071
vn -0.0000 -0.7071 0.7071
vn -0.0000 1.0000 -0.0000
vn -0.0000 -0.7071 -0.7071
vn -0.0000 -1.0000 -0.0000
vn -0.0000 -0.0000 1.0000
vn -0.0000 -0.0000 -1.0000
vt 1.000000 1.000000
vt 0.968750 0.500000
vt 1.000000 0.500000
vt 0.968750 1.000000
vt 0.937500 0.500000
vt 0.937500 1.000000
vt 0.906250 0.500000
vt 0.906250 1.000000
vt 0.875000 0.500000
vt 0.875000 1.000000
vt 0.843750 0.500000
vt 0.843750 1.000000
vt 0.812500 0.500000
vt 0.812500 1.000000
vt 0.781250 0.500000
vt 0.781250 1.000000
vt 0.750000 0.500000
vt 0.750000 1.000000
vt 0.718750 0.500000
vt 0.718750 1.000000
vt 0.687500 0.500000
vt 0.687500 1.000000
vt 0.656250 0.500000
vt 0.656250 1.000000
vt 0.625000 0.500000
vt 0.625000 1.000000
vt 0.593750 0.500000
vt 0.593750 1.000000
vt 0.562500 0.500000
vt 0.562500 1.000000
vt 0.531250 0.500000
vt 0.531250 1.000000
vt 0.500000 0.500000
vt 0.500000 1.000000
vt 0.468750 0.500000
vt 0.468750 1.000000
vt 0.437500 0.500000
vt 0.437500 1.000000
vt 0.406250 0.500000
vt 0.406250 1.000000
vt 0.375000 0.500000
vt 0.375000 1.000000
vt 0.343750 0.500000
vt 0.343750 1.000000
vt 0.312500 0.500000
vt 0.312500 1.000000
vt 0.281250 0.500000
vt 0.281250 1.000000
vt 0.250000 0.500000
vt 0.250000 1.000000
vt 0.218750 0.500000
vt 0.218750 1.000000
vt 0.187500 0.500000
vt 0.187500 1.000000
vt 0.156250 0.500000
vt 0.156250 1.000000
vt 0.125000 0.500000
vt 0.125000 1.000000
vt 0.093750 0.500000
vt 0.093750 1.000000
vt 0.062500 0.500000
vt 0.383337 0.449553
vt 0.203178 0.485388
vt 0.250000 0.436647
vt 0.158156 0.028269
vt 0.341844 0.028269
vt 0.250000 0.052647
vt 0.062500 1.000000
vt 0.031250 0.500000
vt 0.031250 1.000000
vt 0.000000 0.500000
vt 0.703178 0.485388
vt 0.883337 0.449553
vt 0.787457 0.432958
vt 0.658156 0.028269
vt 0.712543 0.056337
vt 0.750000 0.052647
vt 0.968750 0.900896
vt 1.000000 0.599104
vt 0.968750 0.599104
vt 0.937500 0.900896
vt 0.937500 0.599104
vt 0.906250 0.900896
vt 0.906250 0.599104
vt 0.875000 0.900896
vt 0.875000 0.599104
vt 0.843750 0.599104
vt 0.843750 0.900896
vt 0.812500 0.599104
vt 0.812500 0.900896
vt 0.781250 0.599104
vt 0.781250 0.900896
vt 0.750000 0.599104
vt 0.750000 0.900896
vt 0.718750 0.599104
vt 0.718750 0.900896
vt 0.687500 0.599104
vt 0.687500 0.900896
vt 0.656250 0.599104
vt 0.656250 0.900896
vt 0.625000 0.599104
vt 0.625000 0.900896
vt 0.593750 0.599104
vt 0.593750 0.900896
vt 0.562500 0.599104
vt 0.562500 0.900896
vt 0.531250 0.599104
vt 0.531250 0.900896
vt 0.500000 0.599104
vt 0.500000 0.900896
vt 0.468750 0.599104
vt 0.468750 0.900896
vt 0.437500 0.599104
vt 0.437500 0.900896
vt 0.406250 0.599104
vt 0.406250 0.900896
vt 0.375000 0.599104
vt 0.375000 0.900896
vt 0.343750 0.900896
vt 0.343750 0.599104
vt 0.312500 0.900896
vt 0.312500 0.599104
vt 0.281250 0.900896
vt 0.281250 0.599104
vt 0.250000 0.900896
vt 0.250000 0.599104
vt 0.218750 0.900896
vt 0.218750 0.599104
vt 0.187500 0.900896
vt 0.187500 0.599104
vt 0.156250 0.900896
vt 0.156250 0.599104
vt 0.125000 0.900896
vt 0.125000 0.599104
vt 0.093750 0.900896
vt 0.093750 0.599104
vt 0.062500 0.900896
vt 0.062500 0.599104
vt 0.031250 0.900896
vt 0.031250 0.599104
vt 0.000000 0.900896
vt 0.000000 0.599104
vt 0.000000 0.000000
vt 1.000000 0.930127
vt 0.968750 0.930127
vt 0.937500 0.930127
vt 0.906250 0.930127
vt 0.875000 0.930127
vt 0.843750 0.930127
vt 0.812500 0.930127
vt 0.781250 0.930127
vt 0.750000 0.930127
vt 0.718750 0.930127
vt 0.687500 0.930127
vt 0.656250 0.930127
vt 0.625000 0.930127
vt 0.593750 0.930127
vt 0.562500 0.930127
vt 0.531250 0.930127
vt 0.500000 0.930127
vt 0.468750 0.930127
vt 0.437500 0.930127
vt 0.406250 0.930127
vt 0.375000 0.930127
vt 0.343750 0.930127
vt 0.312500 0.930127
vt 0.281250 0.930127
vt 0.250000 0.930127
vt 0.218750 0.930127
vt 0.187500 0.930127
vt 0.156250 0.930127
vt 0.125000 0.930127
vt 0.093750 0.930127
vt 0.062500 0.930127
vt 0.203178 0.014612
vt 0.014612 0.203178
vt 0.296822 0.485388
vt 0.031250 0.930127
vt 0.000000 1.000000
vt 0.000000 0.930127
vt 0.323475 0.067263
vt 0.383337 0.050447
vt 0.419706 0.080294
vt 0.449553 0.116663
vt 0.471731 0.158156
vt 0.485388 0.203178
vt 0.490000 0.250000
vt 0.485388 0.296822
vt 0.471731 0.341844
vt 0.449553 0.383337
vt 0.419706 0.419706
vt 0.341844 0.471731
vt 0.250000 0.490000
vt 0.158156 0.471731
vt 0.116663 0.449553
vt 0.080294 0.419706
vt 0.050447 0.383337
vt 0.028269 0.341844
vt 0.014612 0.296822
vt 0.010000 0.250000
vt 0.028269 0.158156
vt 0.050447 0.116663
vt 0.080294 0.080294
vt 0.116663 0.050447
vt 0.176525 0.067263
vt 0.143331 0.085005
vt 0.356670 0.085005
vt 0.114236 0.108883
vt 0.090358 0.137978
vt 0.385765 0.108883
vt 0.409642 0.137978
vt 0.072615 0.171172
vt 0.427385 0.171172
vt 0.438311 0.207190
vt 0.061689 0.207190
vt 0.058000 0.244647
vt 0.442000 0.244647
vt 0.061689 0.282105
vt 0.438311 0.282105
vt 0.427385 0.318123
vt 0.072615 0.318123
vt 0.090358 0.351317
vt 0.409642 0.351317
vt 0.114235 0.380412
vt 0.143331 0.404290
vt 0.385765 0.380412
vt 0.356669 0.404290
vt 0.176525 0.422032
vt 0.323475 0.422032
vt 0.287457 0.432958
vt 0.212543 0.432958
vt 0.212543 0.056337
vt 0.250000 0.010000
vt 0.296822 0.014612
vt 0.287457 0.056337
vt 0.614236 0.108883
vt 0.643331 0.085005
vt 0.616663 0.050447
vt 0.580294 0.080294
vt 0.550447 0.116663
vt 0.528269 0.158156
vt 0.514612 0.203178
vt 0.510000 0.250000
vt 0.514612 0.296822
vt 0.528269 0.341844
vt 0.550447 0.383337
vt 0.580294 0.419706
vt 0.616663 0.449553
vt 0.658156 0.471731
vt 0.750000 0.490000
vt 0.796822 0.485388
vt 0.841844 0.471731
vt 0.919706 0.419706
vt 0.949553 0.383337
vt 0.971731 0.341844
vt 0.985388 0.296822
vt 0.990000 0.250000
vt 0.985388 0.203178
vt 0.971731 0.158156
vt 0.949553 0.116663
vt 0.919706 0.080294
vt 0.883337 0.050447
vt 0.841844 0.028269
vt 0.796822 0.014612
vt 0.787457 0.056337
vt 0.823475 0.067263
vt 0.856669 0.085005
vt 0.590358 0.137978
vt 0.572615 0.171172
vt 0.885764 0.108883
vt 0.561689 0.207190
vt 0.909642 0.137978
vt 0.927385 0.171172
vt 0.558000 0.244647
vt 0.561689 0.282105
vt 0.938311 0.207190
vt 0.572615 0.318123
vt 0.942000 0.244647
vt 0.938311 0.282105
vt 0.590358 0.351317
vt 0.614235 0.380412
vt 0.927385 0.318123
vt 0.909642 0.351317
vt 0.643331 0.404290
vt 0.885765 0.380412
vt 0.676525 0.422032
vt 0.712543 0.432958
vt 0.856670 0.404290
vt 0.823475 0.422032
vt 0.750000 0.436647
vt 0.750000 0.010000
vt 0.703178 0.014612
vt 0.676525 0.067262
vt 1.000000 0.900896
s 0
f 3789/1860/3761 3790/1861/3761 3788/1862/3761
f 3791/1863/3762 3792/1864/3762 3790/1861/3762
f 3793/1865/3763 3794/1866/3763 3792/1864/3763
f 3795/1867/3764 3796/1868/3764 3794/1866/3764
f 3797/1869/3765 3798/1870/3765 3796/1868/3765
f 3799/1871/3766 3800/1872/3766 3798/1870/3766
f 3801/1873/3767 3802/1874/3767 3800/1872/3767
f 3803/1875/3768 3804/1876/3768 3802/1874/3768
f 3805/1877/3769 3806/1878/3769 3804/1876/3769
f 3807/1879/3770 3808/1880/3770 3806/1878/3770
f 3809/1881/3771 3810/1882/3771 3808/1880/3771
f 3811/1883/3772 3812/1884/3772 3810/1882/3772
f 3813/1885/3773 3814/1886/3773 3812/1884/3773
f 3815/1887/3774 3816/1888/3774 3814/1886/3774
f 3817/1889/3775 3818/1890/3775 3816/1888/3775
f 3819/1891/3776 3820/1892/3776 3818/1890/3776
f 3821/1893/3777 3822/1894/3777 3820/1892/3777
f 3823/1895/3778 3824/1896/3778 3822/1894/3778
f 3825/1897/3779 3826/1898/3779 3824/1896/3779
f 3827/1899/3780 3828/1900/3780 3826/1898/3780
f 3829/1901/3781 3830/1902/3781 3828/1900/3781
f 3831/1903/3782 3832/1904/3782 3830/1902/3782
f 3833/1905/3783 3834/1906/3783 3832/1904/3783
f 3835/1907/3784 3836/1908/3784 3834/1906/3784
f 3837/1909/3785 3838/1910/3785 3836/1908/3785
f 3839/1911/3786 3840/1912/3786 3838/1910/3786
f 3841/1913/3787 3842/1914/3787 3840/1912/3787
f 3843/1915/3788 3844/1916/3788 3842/1914/3788
f 3845/1917/3789 3846/1918/3789 3844/1916/3789
f 3847/1919/3790 3848/1920/3790 3846/1918/3790
f 3795/1921/3791 3851/1922/3791 3854/1923/3791
f 3825/1924/3791 3817/1925/3791 3862/1926/3791
f 3849/1927/3792 3850/1928/3792 3848/1920/3792
f 3851/1929/3793 3788/1930/3793 3850/1928/3793
f 3850/1931/3794 3794/1932/3794 3884/1933/3794
f 3824/1934/3794 3897/1935/3794 3913/1936/3794
f 3876/1937/3777 3904/1938/3777 3884/1939/3777
f 3879/1940/3778 3884/1939/3778 3885/1941/3778
f 3883/1942/3779 3885/1941/3779 3888/1943/3779
f 3868/1944/3780 3888/1943/3780 3886/1945/3780
f 3868/1944/3781 3887/1946/3781 3867/1947/3781
f 3867/1947/3782 3906/1948/3782 3871/1949/3782
f 3871/1949/3783 3908/1950/3783 3870/1951/3783
f 3870/1951/3784 3907/1952/3784 3869/1953/3784
f 3869/1953/3785 3892/1954/3785 3882/1955/3785
f 3882/1955/3786 3891/1956/3786 3881/1957/3786
f 3881/1957/3787 3893/1958/3787 3880/1959/3787
f 3880/1959/3788 3889/1960/3788 3865/1961/3788
f 3865/1961/3789 3890/1962/3789 3864/1963/3789
f 3864/1963/3790 3905/1964/3790 3866/1965/3790
f 3866/1965/3792 3914/1966/3792 3863/1967/3792
f 3863/1967/3793 3913/1968/3793 3862/1969/3793
f 3862/1969/3761 3897/1970/3761 3877/1971/3761
f 3877/1971/3762 3898/1972/3762 3878/1973/3762
f 3878/1973/3763 3896/1974/3763 3875/1975/3763
f 3875/1975/3764 3895/1976/3764 3860/1977/3764
f 3859/1978/3765 3895/1976/3765 3894/1979/3765
f 3861/1980/3766 3894/1979/3766 3910/1981/3766
f 3858/1982/3767 3910/1981/3767 3911/1983/3767
f 3857/1984/3768 3911/1983/3768 3909/1985/3768
f 3872/1986/3769 3909/1985/3769 3900/1987/3769
f 3874/1988/3770 3900/1987/3770 3899/1989/3770
f 3873/1990/3771 3899/1989/3771 3903/1991/3771
f 3852/1992/3772 3903/1991/3772 3901/1993/3772
f 3853/1994/3773 3901/1993/3773 3902/1995/3773
f 3856/1996/3774 3902/1995/3774 3915/1997/3774
f 3855/1998/3775 3915/1997/3775 3912/1999/3775
f 3854/2000/3776 3912/1999/3776 3904/2001/3776
f 3920/2002/3795 3949/2002/3795 3946/2002/3795
f 3924/2002/3796 3944/2002/3796 3952/2002/3796
f 3935/2002/3797 3916/2002/3797 3931/2002/3797
f 3920/2002/3798 3940/2002/3798 3926/2002/3798
f 3933/2002/3798 3924/2002/3798 3940/2002/3798
f 3925/2002/3799 3928/2002/3799 3919/2002/3799
f 3938/2002/3800 3929/2002/3800 3928/2002/3800
f 3937/2002/3800 3931/2002/3800 3929/2002/3800
f 3951/2002/3791 3954/2002/3791 3937/2002/3791
f 3954/2002/3801 3916/2002/3801 3922/2002/3801
f 3952/2002/3801 3942/2002/3801 3954/2002/3801
f 3947/2002/3802 3925/2002/3802 3919/2002/3802
f 3946/2002/3802 3951/2002/3802 3947/2002/3802
f 3947/2002/3794 4003/2002/3794 3998/2002/3794
f 3931/2002/3794 3974/2002/3794 3973/2002/3794
f 3921/1863/3777 3985/2003/3777 3986/2004/3777
f 3923/1865/3778 3986/2004/3778 3984/2005/3778
f 3927/1867/3779 3984/2005/3779 3987/2006/3779
f 3930/1869/3780 3987/2006/3780 3982/2007/3780
f 3932/1871/3781 3982/2007/3781 3983/2008/3781
f 3934/1873/3782 3983/2008/3782 3981/2009/3782
f 3936/1875/3783 3981/2009/3783 3988/2010/3783
f 3939/1877/3784 3988/2010/3784 3979/2011/3784
f 3941/1879/3785 3979/2011/3785 3980/2012/3785
f 3943/1881/3786 3980/2012/3786 3978/2013/3786
f 3943/1881/3787 3973/2014/3787 3945/1883/3787
f 3948/1885/3788 3973/2014/3788 3974/2015/3788
f 3950/1887/3789 3974/2015/3789 3972/2016/3789
f 3953/1889/3790 3972/2016/3790 3976/2017/3790
f 3955/1891/3792 3976/2017/3792 3977/2018/3792
f 3956/1893/3793 3977/2018/3793 3975/2019/3793
f 3957/1895/3761 3975/2019/3761 3989/2020/3761
f 3958/1897/3762 3989/2020/3762 3990/2021/3762
f 3959/1899/3763 3990/2021/3763 3991/2022/3763
f 3960/1901/3764 3991/2022/3764 3992/2023/3764
f 3961/1903/3765 3992/2023/3765 3995/2024/3765
f 3962/1905/3766 3995/2024/3766 3994/2025/3766
f 3963/1907/3767 3994/2025/3767 3993/2026/3767
f 3964/1909/3768 3993/2026/3768 3996/2027/3768
f 3965/1911/3769 3996/2027/3769 3997/2028/3769
f 3966/1913/3770 3997/2028/3770 3999/2029/3770
f 3967/1915/3771 3999/2029/3771 3998/2030/3771
f 3968/1917/3772 3998/2030/3772 4003/2031/3772
f 3969/1919/3773 4003/2031/3773 4000/2032/3773
f 3970/1927/3774 4000/2032/3774 4002/2033/3774
f 3955/2034/3794 3963/2035/3794 3971/2036/3794
f 3971/1929/3775 4002/2033/3775 4001/2037/3775
f 3918/2038/3776 4001/2037/3776 3985/2039/3776
f 4005/1860/3761 4006/1861/3761 4004/1862/3761
f 4007/1863/3762 4008/1864/3762 4006/1861/3762
f 4009/1865/3763 4010/1866/3763 4008/1864/3763
f 4011/1867/3764 4012/1868/3764 4010/1866/3764
f 4013/1869/3765 4014/1870/3765 4012/1868/3765
f 4015/1871/3766 4016/1872/3766 4014/1870/3766
f 4017/1873/3767 4018/1874/3767 4016/1872/3767
f 4019/1875/3768 4020/1876/3768 4018/1874/3768
f 4021/1877/3769 4022/1878/3769 4020/1876/3769
f 4023/1879/3770 4024/1880/3770 4022/1878/3770
f 4025/1881/3771 4026/1882/3771 4024/1880/3771
f 4027/1883/3772 4028/1884/3772 4026/1882/3772
f 4029/1885/3773 4030/1886/3773 4028/1884/3773
f 4031/1887/3774 4032/1888/3774 4030/1886/3774
f 4033/1889/3775 4034/1890/3775 4032/1888/3775
f 4035/1891/3776 4036/1892/3776 4034/1890/3776
f 4037/1893/3777 4038/1894/3777 4036/1892/3777
f 4039/1895/3778 4040/1896/3778 4038/1894/3778
f 4041/1897/3779 4042/1898/3779 4040/1896/3779
f 4043/1899/3780 4044/1900/3780 4042/1898/3780
f 4045/1901/3781 4046/1902/3781 4044/1900/3781
f 4047/1903/3782 4048/1904/3782 4046/1902/3782
f 4049/1905/3783 4050/1906/3783 4048/1904/3783
f 4051/1907/3784 4052/1908/3784 4050/1906/3784
f 4053/1909/3785 4054/1910/3785 4052/1908/3785
f 4055/1911/3786 4056/1912/3786 4054/1910/3786
f 4057/1913/3787 4058/1914/3787 4056/1912/3787
f 4059/1915/3788 4060/1916/3788 4058/1914/3788
f 4061/1917/3789 4062/1918/3789 4060/1916/3789
f 4063/1919/3790 4064/1920/3790 4062/1918/3790
f 4011/1921/3791 4067/1922/3791 4070/1923/3791
f 4041/1924/3791 4033/1925/3791 4078/1926/3791
f 4065/1927/3792 4066/1928/3792 4064/1920/3792
f 4067/1929/3793 4004/1930/3793 4066/1928/3793
f 4066/1931/3794 4010/1932/3794 4100/1933/3794
f 4040/1934/3794 4113/1935/3794 4129/1936/3794
f 4092/1937/3777 4120/1938/3777 4100/1939/3777
f 4095/1940/3778 4100/1939/3778 4101/1941/3778
f 4099/1942/3779 4101/1941/3779 4104/1943/3779
f 4084/1944/3780 4104/1943/3780 4102/1945/3780
f 4084/1944/3781 4103/1946/3781 4083/1947/3781
f 4083/1947/3782 4122/1948/3782 4087/1949/3782
f 4087/1949/3783 4124/1950/3783 4086/1951/3783
f 4086/1951/3784 4123/1952/3784 4085/1953/3784
f 4085/1953/3785 4108/1954/3785 4098/1955/3785
f 4098/1955/3786 4107/1956/3786 4097/1957/3786
f 4097/1957/3787 4109/1958/3787 4096/1959/3787
f 4096/1959/3788 4105/1960/3788 4081/1961/3788
f 4081/1961/3789 4106/1962/3789 4080/1963/3789
f 4080/1963/3790 4121/1964/3790 4082/1965/3790
f 4082/1965/3792 4130/1966/3792 4079/1967/3792
f 4079/1967/3793 4129/1968/3793 4078/1969/3793
f 4078/1969/3761 4113/1970/3761 4093/1971/3761
f 4093/1971/3762 4114/1972/3762 4094/1973/3762
f 4094/1973/3763 4112/1974/3763 4091/1975/3763
f 4091/1975/3764 4111/1976/3764 4076/1977/3764
f 4075/1978/3765 4111/1976/3765 4110/1979/3765
f 4077/1980/3766 4110/1979/3766 4126/1981/3766
f 4074/1982/3767 4126/1981/3767 4127/1983/3767
f 4073/1984/3768 4127/1983/3768 4125/1985/3768
f 4088/1986/3769 4125/1985/3769 4116/1987/3769
f 4090/1988/3770 4116/1987/3770 4115/1989/3770
f 4089/1990/3771 4115/1989/3771 4119/1991/3771
f 4068/1992/3772 4119/1991/3772 4117/1993/3772
f 4069/1994/3773 4117/1993/3773 4118/1995/3773
f 4072/1996/3774 4118/1995/3774 4131/1997/3774
f 4071/1998/3775 4131/1997/3775 4128/1999/3775
f 4070/2000/3776 4128/1999/3776 4120/2001/3776
f 4133/1860/3761 4134/1861/3761 4132/1862/3761
f 4135/1863/3762 4136/1864/3762 4134/1861/3762
f 4137/1865/3763 4138/1866/3763 4136/1864/3763
f 4139/1867/3764 4140/1868/3764 4138/1866/3764
f 4141/1869/3765 4142/1870/3765 4140/1868/3765
f 4143/1871/3766 4144/1872/3766 4142/1870/3766
f 4145/1873/3767 4146/1874/3767 4144/1872/3767
f 4147/1875/3768 4148/1876/3768 4146/1874/3768
f 4149/1877/3769 4150/1878/3769 4148/1876/3769
f 4151/1879/3770 4152/1880/3770 4150/1878/3770
f 4153/1881/3771 4154/1882/3771 4152/1880/3771
f 4155/1883/3772 4156/1884/3772 4154/1882/3772
f 4157/1885/3773 4158/1886/3773 4156/1884/3773
f 4159/1887/3774 4160/1888/3774 4158/1886/3774
f 4161/1889/3775 4162/1890/3775 4160/1888/3775
f 4163/1891/3776 4164/1892/3776 4162/1890/3776
f 4165/1893/3777 4166/1894/3777 4164/1892/3777
f 4167/1895/3778 4168/1896/3778 4166/1894/3778
f 4169/1897/3779 4170/1898/3779 4168/1896/3779
f 4171/1899/3780 4172/1900/3780 4170/1898/3780
f 4173/1901/3781 4174/1902/3781 4172/1900/3781
f 4175/1903/3782 4176/1904/3782 4174/1902/3782
f 4177/1905/3783 4178/1906/3783 4176/1904/3783
f 4179/1907/3784 4180/1908/3784 4178/1906/3784
f 4181/1909/3785 4182/1910/3785 4180/1908/3785
f 4183/1911/3786 4184/1912/3786 4182/1910/3786
f 4185/1913/3787 4186/1914/3787 4184/1912/3787
f 4187/1915/3788 4188/1916/3788 4186/1914/3788
f 4189/1917/3789 4190/1918/3789 4188/1916/3789
f 4191/1919/3790 4192/1920/3790 4190/1918/3790
f 4139/1921/3791 4195/1922/3791 4198/1923/3791
f 4169/1924/3791 4161/1925/3791 4206/1926/3791
f 4193/1927/3792 4194/1928/3792 4192/1920/3792
f 4195/1929/3793 4132/1930/3793 4194/1928/3793
f 4194/1931/3794 4138/1932/3794 4228/1933/3794
f 4168/1934/3794 4241/1935/3794 4257/1936/3794
f 4220/1937/3777 4248/1938/3777 4228/1939/3777
f 4223/1940/3778 4228/1939/3778 4229/1941/3778
f 4227/1942/3779 4229/1941/3779 4232/1943/3779
f 4212/1944/3780 4232/1943/3780 4230/1945/3780
f 4212/1944/3781 4231/1946/3781 4211/1947/3781
f 4211/1947/3782 4250/1948/3782 4215/1949/3782
f 4215/1949/3783 4252/1950/3783 4214/1951/3783
f 4214/1951/3784 4251/1952/3784 4213/1953/3784
f 4213/1953/3785 4236/1954/3785 4226/1955/3785
f 4226/1955/3786 4235/1956/3786 4225/1957/3786
f 4225/1957/3787 4237/1958/3787 4224/1959/3787
f 4224/1959/3788 4233/1960/3788 4209/1961/3788
f 4209/1961/3789 4234/1962/3789 4208/1963/3789
f 4208/1963/3790 4249/1964/3790 4210/1965/3790
f 4210/1965/3792 4258/1966/3792 4207/1967/3792
f 4207/1967/3793 4257/1968/3793 4206/1969/3793
f 4206/1969/3761 4241/1970/3761 4221/1971/3761
f 4221/1971/3762 4242/1972/3762 4222/1973/3762
f 4222/1973/3763 4240/1974/3763 4219/1975/3763
f 4219/1975/3764 4239/1976/3764 4204/1977/3764
f 4203/1978/3765 4239/1976/3765 4238/1979/3765
f 4205/1980/3766 4238/1979/3766 4254/1981/3766
f 4202/1982/3767 4254/1981/3767 4255/1983/3767
f 4201/1984/3768 4255/1983/3768 4253/1985/3768
f 4216/1986/3769 4253/1985/3769 4244/1987/3769
f 4218/1988/3770 4244/1987/3770 4243/1989/3770
f 4217/1990/3771 4243/1989/3771 4247/1991/3771
f 4196/1992/3772 4247/1991/3772 4245/1993/3772
f 4197/1994/3773 4245/1993/3773 4246/1995/3773
f 4200/1996/3774 4246/1995/3774 4259/1997/3774
f 4199/1998/3775 4259/1997/3775 4256/1999/3775
f 4198/2000/3776 4256/1999/3776 4248/2001/3776
f 4261/1860/3761 4262/1861/3761 4260/1862/3761
f 4263/1863/3762 4264/1864/3762 4262/1861/3762
f 4265/1865/3763 4266/1866/3763 4264/1864/3763
f 4267/1867/3764 4268/1868/3764 4266/1866/3764
f 4269/1869/3765 4270/1870/3765 4268/1868/3765
f 4271/1871/3766 4272/1872/3766 4270/1870/3766
f 4273/1873/3767 4274/1874/3767 4272/1872/3767
f 4275/1875/3768 4276/1876/3768 4274/1874/3768
f 4277/1877/3769 4278/1878/3769 4276/1876/3769
f 4279/1879/3770 4280/1880/3770 4278/1878/3770
f 4281/1881/3771 4282/1882/3771 4280/1880/3771
f 4283/1883/3772 4284/1884/3772 4282/1882/3772
f 4285/1885/3773 4286/1886/3773 4284/1884/3773
f 4287/1887/3774 4288/1888/3774 4286/1886/3774
f 4289/1889/3775 4290/1890/3775 4288/1888/3775
f 4291/1891/3776 4292/1892/3776 4290/1890/3776
f 4293/1893/3777 4294/1894/3777 4292/1892/3777
f 4295/1895/3778 4296/1896/3778 4294/1894/3778
f 4297/1897/3779 4298/1898/3779 4296/1896/3779
f 4299/1899/3780 4300/1900/3780 4298/1898/3780
f 4301/1901/3781 4302/1902/3781 4300/1900/3781
f 4303/1903/3782 4304/1904/3782 4302/1902/3782
f 4305/1905/3783 4306/1906/3783 4304/1904/3783
f 4307/1907/3784 4308/1908/3784 4306/1906/3784
f 4309/1909/3785 4310/1910/3785 4308/1908/3785
f 4311/1911/3786 4312/1912/3786 4310/1910/3786
f 4313/1913/3787 4314/1914/3787 4312/1912/3787
f 4315/1915/3788 4316/1916/3788 4314/1914/3788
f 4317/1917/3789 4318/1918/3789 4316/1916/3789
f 4319/1919/3790 4320/1920/3790 4318/1918/3790
f 4267/1921/3791 4323/1922/3791 4326/1923/3791
f 4297/1924/3791 4289/1925/3791 4334/1926/3791
f 4321/1927/3792 4322/1928/3792 4320/1920/3792
f 4323/1929/3793 4260/1930/3793 4322/1928/3793
f 4322/1931/3794 4266/1932/3794 4356/1933/3794
f 4296/1934/3794 4369/1935/3794 4385/1936/3794
f 4348/1937/3777 4376/1938/3777 4356/1939/3777
f 4351/1940/3778 4356/1939/3778 4357/1941/3778
f 4355/1942/3779 4357/1941/3779 4360/1943/3779
f 4340/1944/3780 4360/1943/3780 4358/1945/3780
f 4340/1944/3781 4359/1946/3781 4339/1947/3781
f 4339/1947/3782 4378/1948/3782 4343/1949/3782
f 4343/1949/3783 4380/1950/3783 4342/1951/3783
f 4342/1951/3784 4379/1952/3784 4341/1953/3784
f 4341/1953/3785 4364/1954/3785 4354/1955/3785
f 4354/1955/3786 4363/1956/3786 4353/1957/3786
f 4353/1957/3787 4365/1958/3787 4352/1959/3787
f 4352/1959/3788 4361/1960/3788 4337/1961/3788
f 4337/1961/3789 4362/1962/3789 4336/1963/3789
f 4336/1963/3790 4377/1964/3790 4338/1965/3790
f 4338/1965/3792 4386/1966/3792 4335/1967/3792
f 4335/1967/3793 4385/1968/3793 4334/1969/3793
f 4334/1969/3761 4369/1970/3761 4349/1971/3761
f 4349/1971/3762 4370/1972/3762 4350/1973/3762
f 4350/1973/3763 4368/1974/3763 4347/1975/3763
f 4347/1975/3764 4367/1976/3764 4332/1977/3764
f 4331/1978/3765 4367/1976/3765 4366/1979/3765
f 4333/1980/3766 4366/1979/3766 4382/1981/3766
f 4330/1982/3767 4382/1981/3767 4383/1983/3767
f 4329/1984/3768 4383/1983/3768 4381/1985/3768
f 4344/1986/3769 4381/1985/3769 4372/1987/3769
f 4346/1988/3770 4372/1987/3770 4371/1989/3770
f 4345/1990/3771 4371/1989/3771 4375/1991/3771
f 4324/1992/3772 4375/1991/3772 4373/1993/3772
f 4325/1994/3773 4373/1993/3773 4374/1995/3773
f 4328/1996/3774 4374/1995/3774 4387/1997/3774
f 4327/1998/3775 4387/1997/3775 4384/1999/3775
f 4326/2000/3776 4384/1999/3776 4376/2001/3776
f 3789/1860/3761 3791/1863/3761 3790/1861/3761
f 3791/1863/3762 3793/1865/3762 3792/1864/3762
f 3793/1865/3763 3795/1867/3763 3794/1866/3763
f 3795/1867/3764 3797/1869/3764 3796/1868/3764
f 3797/1869/3765 3799/1871/3765 3798/1870/3765
f 3799/1871/3766 3801/1873/3766 3800/1872/3766
f 3801/1873/3767 3803/1875/3767 3802/1874/3767
f 3803/1875/3768 3805/1877/3768 3804/1876/3768
f 3805/1877/3769 3807/1879/3769 3806/1878/3769
f 3807/1879/3770 3809/1881/3770 3808/1880/3770
f 3809/1881/3771 3811/1883/3771 3810/1882/3771
f 3811/1883/3772 3813/1885/3772 3812/1884/3772
f 3813/1885/3773 3815/1887/3773 3814/1886/3773
f 3815/1887/3774 3817/1889/3774 3816/1888/3774
f 3817/1889/3775 3819/1891/3775 3818/1890/3775
f 3819/1891/3776 3821/1893/3776 3820/1892/3776
f 3821/1893/3777 3823/1895/3777 3822/1894/3777
f 3823/1895/3778 3825/1897/3778 3824/1896/3778
f 3825/1897/3779 3827/1899/3779 3826/1898/3779
f 3827/1899/3780 3829/1901/3780 3828/1900/3780
f 3829/1901/3781 3831/1903/3781 3830/1902/3781
f 3831/1903/3782 3833/1905/3782 3832/1904/3782
f 3833/1905/3783 3835/1907/3783 3834/1906/3783
f 3835/1907/3784 3837/1909/3784 3836/1908/3784
f 3837/1909/3785 3839/1911/3785 3838/1910/3785
f 3839/1911/3786 3841/1913/3786 3840/1912/3786
f 3841/1913/3787 3843/1915/3787 3842/1914/3787
f 3843/1915/3788 3845/1917/3788 3844/1916/3788
f 3845/1917/3789 3847/1919/3789 3846/1918/3789
f 3847/1919/3790 3849/1927/3790 3848/1920/3790
f 3866/2040/3791 3817/1925/3791 3815/2041/3791
f 3815/2041/3791 3813/2042/3791 3811/2043/3791
f 3811/2043/3791 3809/2044/3791 3807/2045/3791
f 3807/2045/3791 3805/2046/3791 3803/2047/3791
f 3803/2047/3791 3801/2048/3791 3799/2049/3791
f 3799/2049/3791 3797/2050/3791 3795/1921/3791
f 3795/1921/3791 3793/2051/3791 3791/2036/3791
f 3791/2036/3791 3789/2052/3791 3851/1922/3791
f 3851/1922/3791 3849/2053/3791 3847/2054/3791
f 3847/2054/3791 3845/2055/3791 3843/2056/3791
f 3843/2056/3791 3841/2057/3791 3839/2058/3791
f 3839/2058/3791 3837/2059/3791 3835/2035/3791
f 3835/2035/3791 3833/2060/3791 3831/2061/3791
f 3831/2061/3791 3829/2062/3791 3827/2063/3791
f 3827/2063/3791 3825/1924/3791 3878/2064/3791
f 3827/2063/3791 3878/2064/3791 3875/2065/3791
f 3835/2035/3791 3831/2061/3791 3827/2063/3791
f 3843/2056/3791 3839/2058/3791 3835/2035/3791
f 3851/1922/3791 3847/2054/3791 3843/2056/3791
f 3795/1921/3791 3791/2036/3791 3851/1922/3791
f 3803/2047/3791 3799/2049/3791 3795/1921/3791
f 3811/2043/3791 3807/2045/3791 3803/2047/3791
f 3866/2040/3791 3815/2041/3791 3811/2043/3791
f 3864/2066/3791 3866/2040/3791 3811/2043/3791
f 3827/2063/3791 3875/2065/3791 3860/2067/3791
f 3827/2063/3791 3860/2067/3791 3859/2068/3791
f 3865/2069/3791 3864/2066/3791 3811/2043/3791
f 3880/2070/3791 3865/2069/3791 3811/2043/3791
f 3835/2035/3791 3827/2063/3791 3859/2068/3791
f 3835/2035/3791 3859/2068/3791 3861/2071/3791
f 3881/2072/3791 3880/2070/3791 3811/2043/3791
f 3882/2073/3791 3881/2072/3791 3811/2043/3791
f 3835/2035/3791 3861/2071/3791 3858/2074/3791
f 3835/2035/3791 3858/2074/3791 3857/2075/3791
f 3882/2073/3791 3811/2043/3791 3803/2047/3791
f 3869/2076/3791 3882/2073/3791 3803/2047/3791
f 3843/2056/3791 3835/2035/3791 3857/2075/3791
f 3843/2056/3791 3857/2075/3791 3872/2077/3791
f 3870/2078/3791 3869/2076/3791 3803/2047/3791
f 3871/2079/3791 3870/2078/3791 3803/2047/3791
f 3843/2056/3791 3872/2077/3791 3874/2080/3791
f 3843/2056/3791 3874/2080/3791 3873/2081/3791
f 3871/2079/3791 3803/2047/3791 3795/1921/3791
f 3867/2082/3791 3871/2079/3791 3795/1921/3791
f 3843/2056/3791 3873/2081/3791 3852/2083/3791
f 3843/2056/3791 3852/2083/3791 3853/2084/3791
f 3868/2085/3791 3867/2082/3791 3795/1921/3791
f 3883/2086/3791 3868/2085/3791 3795/1921/3791
f 3851/1922/3791 3843/2056/3791 3853/2084/3791
f 3851/1922/3791 3853/2084/3791 3856/2087/3791
f 3879/2088/3791 3883/2086/3791 3795/1921/3791
f 3876/2089/3791 3879/2088/3791 3795/1921/3791
f 3851/1922/3791 3856/2087/3791 3855/2090/3791
f 3854/1923/3791 3876/2089/3791 3795/1921/3791
f 3851/1922/3791 3855/2090/3791 3854/1923/3791
f 3877/2091/3791 3878/2064/3791 3825/1924/3791
f 3825/1924/3791 3823/2034/3791 3821/2092/3791
f 3821/2092/3791 3819/2093/3791 3817/1925/3791
f 3817/1925/3791 3866/2040/3791 3863/2094/3791
f 3862/1926/3791 3877/2091/3791 3825/1924/3791
f 3817/1925/3791 3863/2094/3791 3862/1926/3791
f 3825/1924/3791 3821/2092/3791 3817/1925/3791
f 3849/1927/3792 3851/1929/3792 3850/1928/3792
f 3851/1929/3793 3789/2038/3793 3788/1930/3793
f 3895/2095/3794 3896/2096/3794 3826/2097/3794
f 3826/2097/3794 3828/2098/3794 3830/2099/3794
f 3830/2099/3794 3832/2100/3794 3834/2101/3794
f 3834/2101/3794 3836/2102/3794 3838/2103/3794
f 3838/2103/3794 3840/2104/3794 3842/2105/3794
f 3842/2105/3794 3844/2106/3794 3846/2107/3794
f 3846/2107/3794 3848/2108/3794 3850/1931/3794
f 3850/1931/3794 3788/2109/3794 3790/2110/3794
f 3790/2110/3794 3792/2111/3794 3794/1932/3794
f 3794/1932/3794 3796/2112/3794 3798/2113/3794
f 3798/2113/3794 3800/2114/3794 3802/2115/3794
f 3802/2115/3794 3804/2116/3794 3806/2117/3794
f 3806/2117/3794 3808/2118/3794 3810/2119/3794
f 3810/2119/3794 3812/2120/3794 3814/2121/3794
f 3814/2121/3794 3816/2122/3794 3818/2123/3794
f 3818/2123/3794 3914/2124/3794 3905/2125/3794
f 3818/2123/3794 3905/2125/3794 3890/2126/3794
f 3810/2119/3794 3814/2121/3794 3818/2123/3794
f 3802/2115/3794 3806/2117/3794 3810/2119/3794
f 3794/1932/3794 3798/2113/3794 3802/2115/3794
f 3850/1931/3794 3790/2110/3794 3794/1932/3794
f 3842/2105/3794 3846/2107/3794 3850/1931/3794
f 3834/2101/3794 3838/2103/3794 3842/2105/3794
f 3826/2097/3794 3830/2099/3794 3834/2101/3794
f 3894/2127/3794 3895/2095/3794 3826/2097/3794
f 3910/2128/3794 3894/2127/3794 3826/2097/3794
f 3810/2119/3794 3818/2123/3794 3890/2126/3794
f 3810/2119/3794 3890/2126/3794 3889/2129/3794
f 3910/2128/3794 3826/2097/3794 3834/2101/3794
f 3911/2130/3794 3910/2128/3794 3834/2101/3794
f 3810/2119/3794 3889/2129/3794 3893/2131/3794
f 3810/2119/3794 3893/2131/3794 3891/2132/3794
f 3909/2133/3794 3911/2130/3794 3834/2101/3794
f 3900/2134/3794 3909/2133/3794 3834/2101/3794
f 3802/2115/3794 3810/2119/3794 3891/2132/3794
f 3802/2115/3794 3891/2132/3794 3892/2135/3794
f 3900/2134/3794 3834/2101/3794 3842/2105/3794
f 3899/2136/3794 3900/2134/3794 3842/2105/3794
f 3802/2115/3794 3892/2135/3794 3907/2137/3794
f 3802/2115/3794 3907/2137/3794 3908/2138/3794
f 3903/2139/3794 3899/2136/3794 3842/2105/3794
f 3901/2140/3794 3903/2139/3794 3842/2105/3794
f 3802/2115/3794 3908/2138/3794 3906/2141/3794
f 3802/2115/3794 3906/2141/3794 3887/2142/3794
f 3901/2140/3794 3842/2105/3794 3850/1931/3794
f 3902/2143/3794 3901/2140/3794 3850/1931/3794
f 3794/1932/3794 3802/2115/3794 3887/2142/3794
f 3794/1932/3794 3887/2142/3794 3886/2144/3794
f 3915/2145/3794 3902/2143/3794 3850/1931/3794
f 3912/2146/3794 3915/2145/3794 3850/1931/3794
f 3794/1932/3794 3886/2144/3794 3888/2147/3794
f 3794/1932/3794 3888/2147/3794 3885/2148/3794
f 3904/2149/3794 3912/2146/3794 3850/1931/3794
f 3794/1932/3794 3885/2148/3794 3884/1933/3794
f 3884/1933/3794 3904/2149/3794 3850/1931/3794
f 3914/2124/3794 3818/2123/3794 3820/2150/3794
f 3820/2150/3794 3822/2151/3794 3824/1934/3794
f 3824/1934/3794 3826/2097/3794 3896/2096/3794
f 3824/1934/3794 3896/2096/3794 3898/2152/3794
f 3914/2124/3794 3820/2150/3794 3824/1934/3794
f 3913/1936/3794 3914/2124/3794 3824/1934/3794
f 3824/1934/3794 3898/2152/3794 3897/1935/3794
f 3876/1937/3777 3854/2153/3777 3904/1938/3777
f 3879/1940/3778 3876/1937/3778 3884/1939/3778
f 3883/1942/3779 3879/1940/3779 3885/1941/3779
f 3868/1944/3780 3883/1942/3780 3888/1943/3780
f 3868/1944/3781 3886/1945/3781 3887/1946/3781
f 3867/1947/3782 3887/1946/3782 3906/1948/3782
f 3871/1949/3783 3906/1948/3783 3908/1950/3783
f 3870/1951/3784 3908/1950/3784 3907/1952/3784
f 3869/1953/3785 3907/1952/3785 3892/1954/3785
f 3882/1955/3786 3892/1954/3786 3891/1956/3786
f 3881/1957/3787 3891/1956/3787 3893/1958/3787
f 3880/1959/3788 3893/1958/3788 3889/1960/3788
f 3865/1961/3789 3889/1960/3789 3890/1962/3789
f 3864/1963/3790 3890/1962/3790 3905/1964/3790
f 3866/1965/3792 3905/1964/3792 3914/1966/3792
f 3863/1967/3793 3914/1966/3793 3913/1968/3793
f 3862/1969/3761 3913/1968/3761 3897/1970/3761
f 3877/1971/3762 3897/1970/3762 3898/1972/3762
f 3878/1973/3763 3898/1972/3763 3896/1974/3763
f 3875/1975/3764 3896/1974/3764 3895/1976/3764
f 3859/1978/3765 3860/1977/3765 3895/1976/3765
f 3861/1980/3766 3859/1978/3766 3894/1979/3766
f 3858/1982/3767 3861/1980/3767 3910/1981/3767
f 3857/1984/3768 3858/1982/3768 3911/1983/3768
f 3872/1986/3769 3857/1984/3769 3909/1985/3769
f 3874/1988/3770 3872/1986/3770 3900/1987/3770
f 3873/1990/3771 3874/1988/3771 3899/1989/3771
f 3852/1992/3772 3873/1990/3772 3903/1991/3772
f 3853/1994/3773 3852/1992/3773 3901/1993/3773
f 3856/1996/3774 3853/1994/3774 3902/1995/3774
f 3855/1998/3775 3856/1996/3775 3915/1997/3775
f 3854/2000/3776 3855/1998/3776 3912/1999/3776
f 3920/2002/3795 3926/2002/3795 3949/2002/3795
f 3924/2002/3796 3917/2002/3796 3944/2002/3796
f 3935/2002/3797 3922/2002/3797 3916/2002/3797
f 3920/2002/3798 3933/2002/3798 3940/2002/3798
f 3933/2002/3798 3917/2002/3798 3924/2002/3798
f 3925/2002/3799 3938/2002/3799 3928/2002/3799
f 3938/2002/3800 3937/2002/3800 3929/2002/3800
f 3937/2002/3800 3935/2002/3800 3931/2002/3800
f 3951/2002/3791 3949/2002/3791 3926/2002/3791
f 3940/2002/3791 3924/2002/3791 3952/2002/3791
f 3951/2002/3791 3926/2002/3791 3940/2002/3791
f 3938/2002/3791 3925/2002/3791 3951/2002/3791
f 3922/2002/3791 3935/2002/3791 3937/2002/3791
f 3937/2002/3791 3938/2002/3791 3951/2002/3791
f 3951/2002/3791 3940/2002/3791 3952/2002/3791
f 3954/2002/3791 3922/2002/3791 3937/2002/3791
f 3951/2002/3791 3952/2002/3791 3954/2002/3791
f 3954/2002/3801 3942/2002/3801 3916/2002/3801
f 3952/2002/3801 3944/2002/3801 3942/2002/3801
f 3947/2002/3802 3951/2002/3802 3925/2002/3802
f 3946/2002/3802 3949/2002/3802 3951/2002/3802
f 3975/2002/3794 3942/2002/3794 3944/2002/3794
f 3944/2002/3794 3917/2002/3794 3933/2002/3794
f 3933/2002/3794 3920/2002/3794 3946/2002/3794
f 3947/2002/3794 3919/2002/3794 3928/2002/3794
f 3933/2002/3794 3946/2002/3794 3947/2002/3794
f 3989/2002/3794 3975/2002/3794 3944/2002/3794
f 3990/2002/3794 3989/2002/3794 3944/2002/3794
f 3947/2002/3794 3928/2002/3794 3929/2002/3794
f 3929/2002/3794 3979/2002/3794 3988/2002/3794
f 3929/2002/3794 3988/2002/3794 3981/2002/3794
f 3991/2002/3794 3990/2002/3794 3944/2002/3794
f 3992/2002/3794 3991/2002/3794 3944/2002/3794
f 3929/2002/3794 3981/2002/3794 3983/2002/3794
f 3929/2002/3794 3983/2002/3794 3982/2002/3794
f 3992/2002/3794 3944/2002/3794 3933/2002/3794
f 3995/2002/3794 3992/2002/3794 3933/2002/3794
f 3947/2002/3794 3929/2002/3794 3982/2002/3794
f 3947/2002/3794 3982/2002/3794 3987/2002/3794
f 3994/2002/3794 3995/2002/3794 3933/2002/3794
f 3993/2002/3794 3994/2002/3794 3933/2002/3794
f 3947/2002/3794 3987/2002/3794 3984/2002/3794
f 3947/2002/3794 3984/2002/3794 3986/2002/3794
f 3996/2002/3794 3993/2002/3794 3933/2002/3794
f 3997/2002/3794 3996/2002/3794 3933/2002/3794
f 3947/2002/3794 3986/2002/3794 3985/2002/3794
f 3947/2002/3794 3985/2002/3794 4001/2002/3794
f 3999/2002/3794 3997/2002/3794 3933/2002/3794
f 3998/2002/3794 3999/2002/3794 3933/2002/3794
f 3947/2002/3794 4001/2002/3794 4002/2002/3794
f 3947/2002/3794 4002/2002/3794 4000/2002/3794
f 3998/2002/3794 3933/2002/3794 3947/2002/3794
f 3947/2002/3794 4000/2002/3794 4003/2002/3794
f 3979/2002/3794 3929/2002/3794 3931/2002/3794
f 3931/2002/3794 3916/2002/3794 3942/2002/3794
f 3942/2002/3794 3975/2002/3794 3977/2002/3794
f 3942/2002/3794 3977/2002/3794 3976/2002/3794
f 3980/2002/3794 3979/2002/3794 3931/2002/3794
f 3978/2002/3794 3980/2002/3794 3931/2002/3794
f 3931/2002/3794 3942/2002/3794 3976/2002/3794
f 3931/2002/3794 3976/2002/3794 3972/2002/3794
f 3973/2002/3794 3978/2002/3794 3931/2002/3794
f 3931/2002/3794 3972/2002/3794 3974/2002/3794
f 3921/1863/3777 3918/1860/3777 3985/2003/3777
f 3923/1865/3778 3921/1863/3778 3986/2004/3778
f 3927/1867/3779 3923/1865/3779 3984/2005/3779
f 3930/1869/3780 3927/1867/3780 3987/2006/3780
f 3932/1871/3781 3930/1869/3781 3982/2007/3781
f 3934/1873/3782 3932/1871/3782 3983/2008/3782
f 3936/1875/3783 3934/1873/3783 3981/2009/3783
f 3939/1877/3784 3936/1875/3784 3988/2010/3784
f 3941/1879/3785 3939/1877/3785 3979/2011/3785
f 3943/1881/3786 3941/1879/3786 3980/2012/3786
f 3943/1881/3787 3978/2013/3787 3973/2014/3787
f 3948/1885/3788 3945/1883/3788 3973/2014/3788
f 3950/1887/3789 3948/1885/3789 3974/2015/3789
f 3953/1889/3790 3950/1887/3790 3972/2016/3790
f 3955/1891/3792 3953/1889/3792 3976/2017/3792
f 3956/1893/3793 3955/1891/3793 3977/2018/3793
f 3957/1895/3761 3956/1893/3761 3975/2019/3761
f 3958/1897/3762 3957/1895/3762 3989/2020/3762
f 3959/1899/3763 3958/1897/3763 3990/2021/3763
f 3960/1901/3764 3959/1899/3764 3991/2022/3764
f 3961/1903/3765 3960/1901/3765 3992/2023/3765
f 3962/1905/3766 3961/1903/3766 3995/2024/3766
f 3963/1907/3767 3962/1905/3767 3994/2025/3767
f 3964/1909/3768 3963/1907/3768 3993/2026/3768
f 3965/1911/3769 3964/1909/3769 3996/2027/3769
f 3966/1913/3770 3965/1911/3770 3997/2028/3770
f 3967/1915/3771 3966/1913/3771 3999/2029/3771
f 3968/1917/3772 3967/1915/3772 3998/2030/3772
f 3969/1919/3773 3968/1917/3773 4003/2031/3773
f 3970/1927/3774 3969/1919/3774 4000/2032/3774
f 3971/2036/3794 3918/2052/3794 3921/2036/3794
f 3921/2036/3794 3923/2051/3794 3927/2054/3794
f 3927/2054/3794 3930/2055/3794 3932/2056/3794
f 3932/2056/3794 3934/2057/3794 3936/2058/3794
f 3936/2058/3794 3939/2059/3794 3941/2035/3794
f 3941/2035/3794 3943/2060/3794 3945/2061/3794
f 3945/2061/3794 3948/2062/3794 3950/2063/3794
f 3950/2063/3794 3953/1924/3794 3955/2034/3794
f 3955/2034/3794 3956/2092/3794 3957/2034/3794
f 3957/2034/3794 3958/1924/3794 3959/2063/3794
f 3959/2063/3794 3960/2062/3794 3961/2061/3794
f 3961/2061/3794 3962/2060/3794 3963/2035/3794
f 3963/2035/3794 3964/2059/3794 3965/2058/3794
f 3965/2058/3794 3966/2057/3794 3967/2056/3794
f 3967/2056/3794 3968/2055/3794 3969/2054/3794
f 3969/2054/3794 3970/2051/3794 3971/2036/3794
f 3971/2036/3794 3921/2036/3794 3927/2054/3794
f 3927/2054/3794 3932/2056/3794 3936/2058/3794
f 3936/2058/3794 3941/2035/3794 3945/2061/3794
f 3945/2061/3794 3950/2063/3794 3955/2034/3794
f 3955/2034/3794 3957/2034/3794 3959/2063/3794
f 3959/2063/3794 3961/2061/3794 3963/2035/3794
f 3963/2035/3794 3965/2058/3794 3967/2056/3794
f 3967/2056/3794 3969/2054/3794 3971/2036/3794
f 3971/2036/3794 3927/2054/3794 3936/2058/3794
f 3936/2058/3794 3945/2061/3794 3955/2034/3794
f 3955/2034/3794 3959/2063/3794 3963/2035/3794
f 3963/2035/3794 3967/2056/3794 3971/2036/3794
f 3971/2036/3794 3936/2058/3794 3955/2034/3794
f 3971/1929/3775 3970/1927/3775 4002/2033/3775
f 3918/2038/3776 3971/1929/3776 4001/2037/3776
f 4005/1860/3761 4007/1863/3761 4006/1861/3761
f 4007/1863/3762 4009/1865/3762 4008/1864/3762
f 4009/1865/3763 4011/1867/3763 4010/1866/3763
f 4011/1867/3764 4013/1869/3764 4012/1868/3764
f 4013/1869/3765 4015/1871/3765 4014/1870/3765
f 4015/1871/3766 4017/1873/3766 4016/1872/3766
f 4017/1873/3767 4019/1875/3767 4018/1874/3767
f 4019/1875/3768 4021/1877/3768 4020/1876/3768
f 4021/1877/3769 4023/1879/3769 4022/1878/3769
f 4023/1879/3770 4025/1881/3770 4024/1880/3770
f 4025/1881/3771 4027/1883/3771 4026/1882/3771
f 4027/1883/3772 4029/1885/3772 4028/1884/3772
f 4029/1885/3773 4031/1887/3773 4030/1886/3773
f 4031/1887/3774 4033/1889/3774 4032/1888/3774
f 4033/1889/3775 4035/1891/3775 4034/1890/3775
f 4035/1891/3776 4037/1893/3776 4036/1892/3776
f 4037/1893/3777 4039/1895/3777 4038/1894/3777
f 4039/1895/3778 4041/1897/3778 4040/1896/3778
f 4041/1897/3779 4043/1899/3779 4042/1898/3779
f 4043/1899/3780 4045/1901/3780 4044/1900/3780
f 4045/1901/3781 4047/1903/3781 4046/1902/3781
f 4047/1903/3782 4049/1905/3782 4048/1904/3782
f 4049/1905/3783 4051/1907/3783 4050/1906/3783
f 4051/1907/3784 4053/1909/3784 4052/1908/3784
f 4053/1909/3785 4055/1911/3785 4054/1910/3785
f 4055/1911/3786 4057/1913/3786 4056/1912/3786
f 4057/1913/3787 4059/1915/3787 4058/1914/3787
f 4059/1915/3788 4061/1917/3788 4060/1916/3788
f 4061/1917/3789 4063/1919/3789 4062/1918/3789
f 4063/1919/3790 4065/1927/3790 4064/1920/3790
f 4082/2040/3791 4033/1925/3791 4031/2041/3791
f 4031/2041/3791 4029/2042/3791 4027/2043/3791
f 4027/2043/3791 4025/2044/3791 4023/2045/3791
f 4023/2045/3791 4021/2046/3791 4019/2047/3791
f 4019/2047/3791 4017/2048/3791 4015/2049/3791
f 4015/2049/3791 4013/2050/3791 4011/1921/3791
f 4011/1921/3791 4009/2051/3791 4007/2036/3791
f 4007/2036/3791 4005/2052/3791 4067/1922/3791
f 4067/1922/3791 4065/2053/3791 4063/2054/3791
f 4063/2054/3791 4061/2055/3791 4059/2056/3791
f 4059/2056/3791 4057/2057/3791 4055/2058/3791
f 4055/2058/3791 4053/2059/3791 4051/2035/3791
f 4051/2035/3791 4049/2060/3791 4047/2061/3791
f 4047/2061/3791 4045/2062/3791 4043/2063/3791
f 4043/2063/3791 4041/1924/3791 4094/2064/3791
f 4043/2063/3791 4094/2064/3791 4091/2065/3791
f 4051/2035/3791 4047/2061/3791 4043/2063/3791
f 4059/2056/3791 4055/2058/3791 4051/2035/3791
f 4067/1922/3791 4063/2054/3791 4059/2056/3791
f 4011/1921/3791 4007/2036/3791 4067/1922/3791
f 4019/2047/3791 4015/2049/3791 4011/1921/3791
f 4027/2043/3791 4023/2045/3791 4019/2047/3791
f 4082/2040/3791 4031/2041/3791 4027/2043/3791
f 4080/2066/3791 4082/2040/3791 4027/2043/3791
f 4043/2063/3791 4091/2065/3791 4076/2067/3791
f 4043/2063/3791 4076/2067/3791 4075/2068/3791
f 4081/2069/3791 4080/2066/3791 4027/2043/3791
f 4096/2070/3791 4081/2069/3791 4027/2043/3791
f 4051/2035/3791 4043/2063/3791 4075/2068/3791
f 4051/2035/3791 4075/2068/3791 4077/2071/3791
f 4097/2072/3791 4096/2070/3791 4027/2043/3791
f 4098/2073/3791 4097/2072/3791 4027/2043/3791
f 4051/2035/3791 4077/2071/3791 4074/2074/3791
f 4051/2035/3791 4074/2074/3791 4073/2075/3791
f 4098/2073/3791 4027/2043/3791 4019/2047/3791
f 4085/2076/3791 4098/2073/3791 4019/2047/3791
f 4059/2056/3791 4051/2035/3791 4073/2075/3791
f 4059/2056/3791 4073/2075/3791 4088/2077/3791
f 4086/2078/3791 4085/2076/3791 4019/2047/3791
f 4087/2079/3791 4086/2078/3791 4019/2047/3791
f 4059/2056/3791 4088/2077/3791 4090/2080/3791
f 4059/2056/3791 4090/2080/3791 4089/2081/3791
f 4087/2079/3791 4019/2047/3791 4011/1921/3791
f 4083/2082/3791 4087/2079/3791 4011/1921/3791
f 4059/2056/3791 4089/2081/3791 4068/2083/3791
f 4059/2056/3791 4068/2083/3791 4069/2084/3791
f 4084/2085/3791 4083/2082/3791 4011/1921/3791
f 4099/2086/3791 4084/2085/3791 4011/1921/3791
f 4067/1922/3791 4059/2056/3791 4069/2084/3791
f 4067/1922/3791 4069/2084/3791 4072/2087/3791
f 4095/2088/3791 4099/2086/3791 4011/1921/3791
f 4092/2089/3791 4095/2088/3791 4011/1921/3791
f 4067/1922/3791 4072/2087/3791 4071/2090/3791
f 4070/1923/3791 4092/2089/3791 4011/1921/3791
f 4067/1922/3791 4071/2090/3791 4070/1923/3791
f 4093/2091/3791 4094/2064/3791 4041/1924/3791
f 4041/1924/3791 4039/2034/3791 4037/2092/3791
f 4037/2092/3791 4035/2093/3791 4033/1925/3791
f 4033/1925/3791 4082/2040/3791 4079/2094/3791
f 4078/1926/3791 4093/2091/3791 4041/1924/3791
f 4033/1925/3791 4079/2094/3791 4078/1926/3791
f 4041/1924/3791 4037/2092/3791 4033/1925/3791
f 4065/1927/3792 4067/1929/3792 4066/1928/3792
f 4067/1929/3793 4005/2038/3793 4004/1930/3793
f 4111/2095/3794 4112/2096/3794 4042/2097/3794
f 4042/2097/3794 4044/2098/3794 4046/2099/3794
f 4046/2099/3794 4048/2100/3794 4050/2101/3794
f 4050/2101/3794 4052/2102/3794 4054/2103/3794
f 4054/2103/3794 4056/2104/3794 4058/2105/3794
f 4058/2105/3794 4060/2106/3794 4062/2107/3794
f 4062/2107/3794 4064/2108/3794 4066/1931/3794
f 4066/1931/3794 4004/2109/3794 4006/2110/3794
f 4006/2110/3794 4008/2111/3794 4010/1932/3794
f 4010/1932/3794 4012/2112/3794 4014/2113/3794
f 4014/2113/3794 4016/2114/3794 4018/2115/3794
f 4018/2115/3794 4020/2116/3794 4022/2117/3794
f 4022/2117/3794 4024/2118/3794 4026/2119/3794
f 4026/2119/3794 4028/2120/3794 4030/2121/3794
f 4030/2121/3794 4032/2122/3794 4034/2123/3794
f 4034/2123/3794 4130/2124/3794 4121/2125/3794
f 4034/2123/3794 4121/2125/3794 4106/2126/3794
f 4026/2119/3794 4030/2121/3794 4034/2123/3794
f 4018/2115/3794 4022/2117/3794 4026/2119/3794
f 4010/1932/3794 4014/2113/3794 4018/2115/3794
f 4066/1931/3794 4006/2110/3794 4010/1932/3794
f 4058/2105/3794 4062/2107/3794 4066/1931/3794
f 4050/2101/3794 4054/2103/3794 4058/2105/3794
f 4042/2097/3794 4046/2099/3794 4050/2101/3794
f 4110/2127/3794 4111/2095/3794 4042/2097/3794
f 4126/2128/3794 4110/2127/3794 4042/2097/3794
f 4026/2119/3794 4034/2123/3794 4106/2126/3794
f 4026/2119/3794 4106/2126/3794 4105/2129/3794
f 4126/2128/3794 4042/2097/3794 4050/2101/3794
f 4127/2130/3794 4126/2128/3794 4050/2101/3794
f 4026/2119/3794 4105/2129/3794 4109/2131/3794
f 4026/2119/3794 4109/2131/3794 4107/2132/3794
f 4125/2133/3794 4127/2130/3794 4050/2101/3794
f 4116/2134/3794 4125/2133/3794 4050/2101/3794
f 4018/2115/3794 4026/2119/3794 4107/2132/3794
f 4018/2115/3794 4107/2132/3794 4108/2135/3794
f 4116/2134/3794 4050/2101/3794 4058/2105/3794
f 4115/2136/3794 4116/2134/3794 4058/2105/3794
f 4018/2115/3794 4108/2135/3794 4123/2137/3794
f 4018/2115/3794 4123/2137/3794 4124/2138/3794
f 4119/2139/3794 4115/2136/3794 4058/2105/3794
f 4117/2140/3794 4119/2139/3794 4058/2105/3794
f 4018/2115/3794 4124/2138/3794 4122/2141/3794
f 4018/2115/3794 4122/2141/3794 4103/2142/3794
f 4117/2140/3794 4058/2105/3794 4066/1931/3794
f 4118/2143/3794 4117/2140/3794 4066/1931/3794
f 4010/1932/3794 4018/2115/3794 4103/2142/3794
f 4010/1932/3794 4103/2142/3794 4102/2144/3794
f 4131/2145/3794 4118/2143/3794 4066/1931/3794
f 4128/2146/3794 4131/2145/3794 4066/1931/3794
f 4010/1932/3794 4102/2144/3794 4104/2147/3794
f 4010/1932/3794 4104/2147/3794 4101/2148/3794
f 4120/2149/3794 4128/2146/3794 4066/1931/3794
f 4010/1932/3794 4101/2148/3794 4100/1933/3794
f 4100/1933/3794 4120/2149/3794 4066/1931/3794
f 4130/2124/3794 4034/2123/3794 4036/2150/3794
f 4036/2150/3794 4038/2151/3794 4040/1934/3794
f 4040/1934/3794 4042/2097/3794 4112/2096/3794
f 4040/1934/3794 4112/2096/3794 4114/2152/3794
f 4130/2124/3794 4036/2150/3794 4040/1934/3794
f 4129/1936/3794 4130/2124/3794 4040/1934/3794
f 4040/1934/3794 4114/2152/3794 4113/1935/3794
f 4092/1937/3777 4070/2153/3777 4120/1938/3777
f 4095/1940/3778 4092/1937/3778 4100/1939/3778
f 4099/1942/3779 4095/1940/3779 4101/1941/3779
f 4084/1944/3780 4099/1942/3780 4104/1943/3780
f 4084/1944/3781 4102/1945/3781 4103/1946/3781
f 4083/1947/3782 4103/1946/3782 4122/1948/3782
f 4087/1949/3783 4122/1948/3783 4124/1950/3783
f 4086/1951/3784 4124/1950/3784 4123/1952/3784
f 4085/1953/3785 4123/1952/3785 4108/1954/3785
f 4098/1955/3786 4108/1954/3786 4107/1956/3786
f 4097/1957/3787 4107/1956/3787 4109/1958/3787
f 4096/1959/3788 4109/1958/3788 4105/1960/3788
f 4081/1961/3789 4105/1960/3789 4106/1962/3789
f 4080/1963/3790 4106/1962/3790 4121/1964/3790
f 4082/1965/3792 4121/1964/3792 4130/1966/3792
f 4079/1967/3793 4130/1966/3793 4129/1968/3793
f 4078/1969/3761 4129/1968/3761 4113/1970/3761
f 4093/1971/3762 4113/1970/3762 4114/1972/3762
f 4094/1973/3763 4114/1972/3763 4112/1974/3763
f 4091/1975/3764 4112/1974/3764 4111/1976/3764
f 4075/1978/3765 4076/1977/3765 4111/1976/3765
f 4077/1980/3766 4075/1978/3766 4110/1979/3766
f 4074/1982/3767 4077/1980/3767 4126/1981/3767
f 4073/1984/3768 4074/1982/3768 4127/1983/3768
f 4088/1986/3769 4073/1984/3769 4125/1985/3769
f 4090/1988/3770 4088/1986/3770 4116/1987/3770
f 4089/1990/3771 4090/1988/3771 4115/1989/3771
f 4068/1992/3772 4089/1990/3772 4119/1991/3772
f 4069/1994/3773 4068/1992/3773 4117/1993/3773
f 4072/1996/3774 4069/1994/3774 4118/1995/3774
f 4071/1998/3775 4072/1996/3775 4131/1997/3775
f 4070/2000/3776 4071/1998/3776 4128/1999/3776
f 4133/1860/3761 4135/1863/3761 4134/1861/3761
f 4135/1863/3762 4137/1865/3762 4136/1864/3762
f 4137/1865/3763 4139/1867/3763 4138/1866/3763
f 4139/1867/3764 4141/1869/3764 4140/1868/3764
f 4141/1869/3765 4143/1871/3765 4142/1870/3765
f 4143/1871/3766 4145/1873/3766 4144/1872/3766
f 4145/1873/3767 4147/1875/3767 4146/1874/3767
f 4147/1875/3768 4149/1877/3768 4148/1876/3768
f 4149/1877/3769 4151/1879/3769 4150/1878/3769
f 4151/1879/3770 4153/1881/3770 4152/1880/3770
f 4153/1881/3771 4155/1883/3771 4154/1882/3771
f 4155/1883/3772 4157/1885/3772 4156/1884/3772
f 4157/1885/3773 4159/1887/3773 4158/1886/3773
f 4159/1887/3774 4161/1889/3774 4160/1888/3774
f 4161/1889/3775 4163/1891/3775 4162/1890/3775
f 4163/1891/3776 4165/1893/3776 4164/1892/3776
f 4165/1893/3777 4167/1895/3777 4166/1894/3777
f 4167/1895/3778 4169/1897/3778 4168/1896/3778
f 4169/1897/3779 4171/1899/3779 4170/1898/3779
f 4171/1899/3780 4173/1901/3780 4172/1900/3780
f 4173/1901/3781 4175/1903/3781 4174/1902/3781
f 4175/1903/3782 4177/1905/3782 4176/1904/3782
f 4177/1905/3783 4179/1907/3783 4178/1906/3783
f 4179/1907/3784 4181/1909/3784 4180/1908/3784
f 4181/1909/3785 4183/1911/3785 4182/1910/3785
f 4183/1911/3786 4185/1913/3786 4184/1912/3786
f 4185/1913/3787 4187/1915/3787 4186/1914/3787
f 4187/1915/3788 4189/1917/3788 4188/1916/3788
f 4189/1917/3789 4191/1919/3789 4190/1918/3789
f 4191/1919/3790 4193/1927/3790 4192/1920/3790
f 4210/2040/3791 4161/1925/3791 4159/2041/3791
f 4159/2041/3791 4157/2042/3791 4155/2043/3791
f 4155/2043/3791 4153/2044/3791 4151/2045/3791
f 4151/2045/3791 4149/2046/3791 4147/2047/3791
f 4147/2047/3791 4145/2048/3791 4143/2049/3791
f 4143/2049/3791 4141/2050/3791 4139/1921/3791
f 4139/1921/3791 4137/2051/3791 4135/2036/3791
f 4135/2036/3791 4133/2052/3791 4195/1922/3791
f 4195/1922/3791 4193/2053/3791 4191/2054/3791
f 4191/2054/3791 4189/2055/3791 4187/2056/3791
f 4187/2056/3791 4185/2057/3791 4183/2058/3791
f 4183/2058/3791 4181/2059/3791 4179/2035/3791
f 4179/2035/3791 4177/2060/3791 4175/2061/3791
f 4175/2061/3791 4173/2062/3791 4171/2063/3791
f 4171/2063/3791 4169/1924/3791 4222/2064/3791
f 4171/2063/3791 4222/2064/3791 4219/2065/3791
f 4179/2035/3791 4175/2061/3791 4171/2063/3791
f 4187/2056/3791 4183/2058/3791 4179/2035/3791
f 4195/1922/3791 4191/2054/3791 4187/2056/3791
f 4139/1921/3791 4135/2036/3791 4195/1922/3791
f 4147/2047/3791 4143/2049/3791 4139/1921/3791
f 4155/2043/3791 4151/2045/3791 4147/2047/3791
f 4210/2040/3791 4159/2041/3791 4155/2043/3791
f 4208/2066/3791 4210/2040/3791 4155/2043/3791
f 4171/2063/3791 4219/2065/3791 4204/2067/3791
f 4171/2063/3791 4204/2067/3791 4203/2068/3791
f 4209/2069/3791 4208/2066/3791 4155/2043/3791
f 4224/2070/3791 4209/2069/3791 4155/2043/3791
f 4179/2035/3791 4171/2063/3791 4203/2068/3791
f 4179/2035/3791 4203/2068/3791 4205/2071/3791
f 4225/2072/3791 4224/2070/3791 4155/2043/3791
f 4226/2073/3791 4225/2072/3791 4155/2043/3791
f 4179/2035/3791 4205/2071/3791 4202/2074/3791
f 4179/2035/3791 4202/2074/3791 4201/2075/3791
f 4226/2073/3791 4155/2043/3791 4147/2047/3791
f 4213/2076/3791 4226/2073/3791 4147/2047/3791
f 4187/2056/3791 4179/2035/3791 4201/2075/3791
f 4187/2056/3791 4201/2075/3791 4216/2077/3791
f 4214/2078/3791 4213/2076/3791 4147/2047/3791
f 4215/2079/3791 4214/2078/3791 4147/2047/3791
f 4187/2056/3791 4216/2077/3791 4218/2080/3791
f 4187/2056/3791 4218/2080/3791 4217/2081/3791
f 4215/2079/3791 4147/2047/3791 4139/1921/3791
f 4211/2082/3791 4215/2079/3791 4139/1921/3791
f 4187/2056/3791 4217/2081/3791 4196/2083/3791
f 4187/2056/3791 4196/2083/3791 4197/2084/3791
f 4212/2085/3791 4211/2082/3791 4139/1921/3791
f 4227/2086/3791 4212/2085/3791 4139/1921/3791
f 4195/1922/3791 4187/2056/3791 4197/2084/3791
f 4195/1922/3791 4197/2084/3791 4200/2087/3791
f 4223/2088/3791 4227/2086/3791 4139/1921/3791
f 4220/2089/3791 4223/2088/3791 4139/1921/3791
f 4195/1922/3791 4200/2087/3791 4199/2090/3791
f 4198/1923/3791 4220/2089/3791 4139/1921/3791
f 4195/1922/3791 4199/2090/3791 4198/1923/3791
f 4221/2091/3791 4222/2064/3791 4169/1924/3791
f 4169/1924/3791 4167/2034/3791 4165/2092/3791
f 4165/2092/3791 4163/2093/3791 4161/1925/3791
f 4161/1925/3791 4210/2040/3791 4207/2094/3791
f 4206/1926/3791 4221/2091/3791 4169/1924/3791
f 4161/1925/3791 4207/2094/3791 4206/1926/3791
f 4169/1924/3791 4165/2092/3791 4161/1925/3791
f 4193/1927/3792 4195/1929/3792 4194/1928/3792
f 4195/1929/3793 4133/2038/3793 4132/1930/3793
f 4239/2095/3794 4240/2096/3794 4170/2097/3794
f 4170/2097/3794 4172/2098/3794 4174/2099/3794
f 4174/2099/3794 4176/2100/3794 4178/2101/3794
f 4178/2101/3794 4180/2102/3794 4182/2103/3794
f 4182/2103/3794 4184/2104/3794 4186/2105/3794
f 4186/2105/3794 4188/2106/3794 4190/2107/3794
f 4190/2107/3794 4192/2108/3794 4194/1931/3794
f 4194/1931/3794 4132/2109/3794 4134/2110/3794
f 4134/2110/3794 4136/2111/3794 4138/1932/3794
f 4138/1932/3794 4140/2112/3794 4142/2113/3794
f 4142/2113/3794 4144/2114/3794 4146/2115/3794
f 4146/2115/3794 4148/2116/3794 4150/2117/3794
f 4150/2117/3794 4152/2118/3794 4154/2119/3794
f 4154/2119/3794 4156/2120/3794 4158/2121/3794
f 4158/2121/3794 4160/2122/3794 4162/2123/3794
f 4162/2123/3794 4258/2124/3794 4249/2125/3794
f 4162/2123/3794 4249/2125/3794 4234/2126/3794
f 4154/2119/3794 4158/2121/3794 4162/2123/3794
f 4146/2115/3794 4150/2117/3794 4154/2119/3794
f 4138/1932/3794 4142/2113/3794 4146/2115/3794
f 4194/1931/3794 4134/2110/3794 4138/1932/3794
f 4186/2105/3794 4190/2107/3794 4194/1931/3794
f 4178/2101/3794 4182/2103/3794 4186/2105/3794
f 4170/2097/3794 4174/2099/3794 4178/2101/3794
f 4238/2127/3794 4239/2095/3794 4170/2097/3794
f 4254/2128/3794 4238/2127/3794 4170/2097/3794
f 4154/2119/3794 4162/2123/3794 4234/2126/3794
f 4154/2119/3794 4234/2126/3794 4233/2129/3794
f 4254/2128/3794 4170/2097/3794 4178/2101/3794
f 4255/2130/3794 4254/2128/3794 4178/2101/3794
f 4154/2119/3794 4233/2129/3794 4237/2131/3794
f 4154/2119/3794 4237/2131/3794 4235/2132/3794
f 4253/2133/3794 4255/2130/3794 4178/2101/3794
f 4244/2134/3794 4253/2133/3794 4178/2101/3794
f 4146/2115/3794 4154/2119/3794 4235/2132/3794
f 4146/2115/3794 4235/2132/3794 4236/2135/3794
f 4244/2134/3794 4178/2101/3794 4186/2105/3794
f 4243/2136/3794 4244/2134/3794 4186/2105/3794
f 4146/2115/3794 4236/2135/3794 4251/2137/3794
f 4146/2115/3794 4251/2137/3794 4252/2138/3794
f 4247/2139/3794 4243/2136/3794 4186/2105/3794
f 4245/2140/3794 4247/2139/3794 4186/2105/3794
f 4146/2115/3794 4252/2138/3794 4250/2141/3794
f 4146/2115/3794 4250/2141/3794 4231/2142/3794
f 4245/2140/3794 4186/2105/3794 4194/1931/3794
f 4246/2143/3794 4245/2140/3794 4194/1931/3794
f 4138/1932/3794 4146/2115/3794 4231/2142/3794
f 4138/1932/3794 4231/2142/3794 4230/2144/3794
f 4259/2145/3794 4246/2143/3794 4194/1931/3794
f 4256/2146/3794 4259/2145/3794 4194/1931/3794
f 4138/1932/3794 4230/2144/3794 4232/2147/3794
f 4138/1932/3794 4232/2147/3794 4229/2148/3794
f 4248/2149/3794 4256/2146/3794 4194/1931/3794
f 4138/1932/3794 4229/2148/3794 4228/1933/3794
f 4228/1933/3794 4248/2149/3794 4194/1931/3794
f 4258/2124/3794 4162/2123/3794 4164/2150/3794
f 4164/2150/3794 4166/2151/3794 4168/1934/3794
f 4168/1934/3794 4170/2097/3794 4240/2096/3794
f 4168/1934/3794 4240/2096/3794 4242/2152/3794
f 4258/2124/3794 4164/2150/3794 4168/1934/3794
f 4257/1936/3794 4258/2124/3794 4168/1934/3794
f 4168/1934/3794 4242/2152/3794 4241/1935/3794
f 4220/1937/3777 4198/2153/3777 4248/1938/3777
f 4223/1940/3778 4220/1937/3778 4228/1939/3778
f 4227/1942/3779 4223/1940/3779 4229/1941/3779
f 4212/1944/3780 4227/1942/3780 4232/1943/3780
f 4212/1944/3781 4230/1945/3781 4231/1946/3781
f 4211/1947/3782 4231/1946/3782 4250/1948/3782
f 4215/1949/3783 4250/1948/3783 4252/1950/3783
f 4214/1951/3784 4252/1950/3784 4251/1952/3784
f 4213/1953/3785 4251/1952/3785 4236/1954/3785
f 4226/1955/3786 4236/1954/3786 4235/1956/3786
f 4225/1957/3787 4235/1956/3787 4237/1958/3787
f 4224/1959/3788 4237/1958/3788 4233/1960/3788
f 4209/1961/3789 4233/1960/3789 4234/1962/3789
f 4208/1963/3790 4234/1962/3790 4249/1964/3790
f 4210/1965/3792 4249/1964/3792 4258/1966/3792
f 4207/1967/3793 4258/1966/3793 4257/1968/3793
f 4206/1969/3761 4257/1968/3761 4241/1970/3761
f 4221/1971/3762 4241/1970/3762 4242/1972/3762
f 4222/1973/3763 4242/1972/3763 4240/1974/3763
f 4219/1975/3764 4240/1974/3764 4239/1976/3764
f 4203/1978/3765 4204/1977/3765 4239/1976/3765
f 4205/1980/3766 4203/1978/3766 4238/1979/3766
f 4202/1982/3767 4205/1980/3767 4254/1981/3767
f 4201/1984/3768 4202/1982/3768 4255/1983/3768
f 4216/1986/3769 4201/1984/3769 4253/1985/3769
f 4218/1988/3770 4216/1986/3770 4244/1987/3770
f 4217/1990/3771 4218/1988/3771 4243/1989/3771
f 4196/1992/3772 4217/1990/3772 4247/1991/3772
f 4197/1994/3773 4196/1992/3773 4245/1993/3773
f 4200/1996/3774 4197/1994/3774 4246/1995/3774
f 4199/1998/3775 4200/1996/3775 4259/1997/3775
f 4198/2000/3776 4199/1998/3776 4256/1999/3776
f 4261/1860/3761 4263/1863/3761 4262/1861/3761
f 4263/1863/3762 4265/1865/3762 4264/1864/3762
f 4265/1865/3763 4267/1867/3763 4266/1866/3763
f 4267/1867/3764 4269/1869/3764 4268/1868/3764
f 4269/1869/3765 4271/1871/3765 4270/1870/3765
f 4271/1871/3766 4273/1873/3766 4272/1872/3766
f 4273/1873/3767 4275/1875/3767 4274/1874/3767
f 4275/1875/3768 4277/1877/3768 4276/1876/3768
f 4277/1877/3769 4279/1879/3769 4278/1878/3769
f 4279/1879/3770 4281/1881/3770 4280/1880/3770
f 4281/1881/3771 4283/1883/3771 4282/1882/3771
f 4283/1883/3772 4285/1885/3772 4284/1884/3772
f 4285/1885/3773 4287/1887/3773 4286/1886/3773
f 4287/1887/3774 4289/1889/3774 4288/1888/3774
f 4289/1889/3775 4291/1891/3775 4290/1890/3775
f 4291/1891/3776 4293/1893/3776 4292/1892/3776
f 4293/1893/3777 4295/1895/3777 4294/1894/3777
f 4295/1895/3778 4297/1897/3778 4296/1896/3778
f 4297/1897/3779 4299/1899/3779 4298/1898/3779
f 4299/1899/3780 4301/1901/3780 4300/1900/3780
f 4301/1901/3781 4303/1903/3781 4302/1902/3781
f 4303/1903/3782 4305/1905/3782 4304/1904/3782
f 4305/1905/3783 4307/1907/3783 4306/1906/3783
f 4307/1907/3784 4309/1909/3784 4308/1908/3784
f 4309/1909/3785 4311/1911/3785 4310/1910/3785
f 4311/1911/3786 4313/1913/3786 4312/1912/3786
f 4313/1913/3787 4315/1915/3787 4314/1914/3787
f 4315/1915/3788 4317/1917/3788 4316/1916/3788
f 4317/1917/3789 4319/1919/3789 4318/1918/3789
f 4319/1919/3790 4321/1927/3790 4320/1920/3790
f 4338/2040/3791 4289/1925/3791 4287/2041/3791
f 4287/2041/3791 4285/2042/3791 4283/2043/3791
f 4283/2043/3791 4281/2044/3791 4279/2045/3791
f 4279/2045/3791 4277/2046/3791 4275/2047/3791
f 4275/2047/3791 4273/2048/3791 4271/2049/3791
f 4271/2049/3791 4269/2050/3791 4267/1921/3791
f 4267/1921/3791 4265/2051/3791 4263/2036/3791
f 4263/2036/3791 4261/2052/3791 4323/1922/3791
f 4323/1922/3791 4321/2053/3791 4319/2054/3791
f 4319/2054/3791 4317/2055/3791 4315/2056/3791
f 4315/2056/3791 4313/2057/3791 4311/2058/3791
f 4311/2058/3791 4309/2059/3791 4307/2035/3791
f 4307/2035/3791 4305/2060/3791 4303/2061/3791
f 4303/2061/3791 4301/2062/3791 4299/2063/3791
f 4299/2063/3791 4297/1924/3791 4350/2064/3791
f 4299/2063/3791 4350/2064/3791 4347/2065/3791
f 4307/2035/3791 4303/2061/3791 4299/2063/3791
f 4315/2056/3791 4311/2058/3791 4307/2035/3791
f 4323/1922/3791 4319/2054/3791 4315/2056/3791
f 4267/1921/3791 4263/2036/3791 4323/1922/3791
f 4275/2047/3791 4271/2049/3791 4267/1921/3791
f 4283/2043/3791 4279/2045/3791 4275/2047/3791
f 4338/2040/3791 4287/2041/3791 4283/2043/3791
f 4336/2066/3791 4338/2040/3791 4283/2043/3791
f 4299/2063/3791 4347/2065/3791 4332/2067/3791
f 4299/2063/3791 4332/2067/3791 4331/2068/3791
f 4337/2069/3791 4336/2066/3791 4283/2043/3791
f 4352/2070/3791 4337/2069/3791 4283/2043/3791
f 4307/2035/3791 4299/2063/3791 4331/2068/3791
f 4307/2035/3791 4331/2068/3791 4333/2071/3791
f 4353/2072/3791 4352/2070/3791 4283/2043/3791
f 4354/2073/3791 4353/2072/3791 4283/2043/3791
f 4307/2035/3791 4333/2071/3791 4330/2074/3791
f 4307/2035/3791 4330/2074/3791 4329/2075/3791
f 4354/2073/3791 4283/2043/3791 4275/2047/3791
f 4341/2076/3791 4354/2073/3791 4275/2047/3791
f 4315/2056/3791 4307/2035/3791 4329/2075/3791
f 4315/2056/3791 4329/2075/3791 4344/2077/3791
f 4342/2078/3791 4341/2076/3791 4275/2047/3791
f 4343/2079/3791 4342/2078/3791 4275/2047/3791
f 4315/2056/3791 4344/2077/3791 4346/2080/3791
f 4315/2056/3791 4346/2080/3791 4345/2081/3791
f 4343/2079/3791 4275/2047/3791 4267/1921/3791
f 4339/2082/3791 4343/2079/3791 4267/1921/3791
f 4315/2056/3791 4345/2081/3791 4324/2083/3791
f 4315/2056/3791 4324/2083/3791 4325/2084/3791
f 4340/2085/3791 4339/2082/3791 4267/1921/3791
f 4355/2086/3791 4340/2085/3791 4267/1921/3791
f 4323/1922/3791 4315/2056/3791 4325/2084/3791
f 4323/1922/3791 4325/2084/3791 4328/2087/3791
f 4351/2088/3791 4355/2086/3791 4267/1921/3791
f 4348/2089/3791 4351/2088/3791 4267/1921/3791
f 4323/1922/3791 4328/2087/3791 4327/2090/3791
f 4326/1923/3791 4348/2089/3791 4267/1921/3791
f 4323/1922/3791 4327/2090/3791 4326/1923/3791
f 4349/2091/3791 4350/2064/3791 4297/1924/3791
f 4297/1924/3791 4295/2034/3791 4293/2092/3791
f 4293/2092/3791 4291/2093/3791 4289/1925/3791
f 4289/1925/3791 4338/2040/3791 4335/2094/3791
f 4334/1926/3791 4349/2091/3791 4297/1924/3791
f 4289/1925/3791 4335/2094/3791 4334/1926/3791
f 4297/1924/3791 4293/2092/3791 4289/1925/3791
f 4321/1927/3792 4323/1929/3792 4322/1928/3792
f 4323/1929/3793 4261/2038/3793 4260/1930/3793
f 4367/2095/3794 4368/2096/3794 4298/2097/3794
f 4298/2097/3794 4300/2098/3794 4302/2099/3794
f 4302/2099/3794 4304/2100/3794 4306/2101/3794
f 4306/2101/3794 4308/2102/3794 4310/2103/3794
f 4310/2103/3794 4312/2104/3794 4314/2105/3794
f 4314/2105/3794 4316/2106/3794 4318/2107/3794
f 4318/2107/3794 4320/2108/3794 4322/1931/3794
f 4322/1931/3794 4260/2109/3794 4262/2110/3794
f 4262/2110/3794 4264/2111/3794 4266/1932/3794
f 4266/1932/3794 4268/2112/3794 4270/2113/3794
f 4270/2113/3794 4272/2114/3794 4274/2115/3794
f 4274/2115/3794 4276/2116/3794 4278/2117/3794
f 4278/2117/3794 4280/2118/3794 4282/2119/3794
f 4282/2119/3794 4284/2120/3794 4286/2121/3794
f 4286/2121/3794 4288/2122/3794 4290/2123/3794
f 4290/2123/3794 4386/2124/3794 4377/2125/3794
f 4290/2123/3794 4377/2125/3794 4362/2126/3794
f 4282/2119/3794 4286/2121/3794 4290/2123/3794
f 4274/2115/3794 4278/2117/3794 4282/2119/3794
f 4266/1932/3794 4270/2113/3794 4274/2115/3794
f 4322/1931/3794 4262/2110/3794 4266/1932/3794
f 4314/2105/3794 4318/2107/3794 4322/1931/3794
f 4306/2101/3794 4310/2103/3794 4314/2105/3794
f 4298/2097/3794 4302/2099/3794 4306/2101/3794
f 4366/2127/3794 4367/2095/3794 4298/2097/3794
f 4382/2128/3794 4366/2127/3794 4298/2097/3794
f 4282/2119/3794 4290/2123/3794 4362/2126/3794
f 4282/2119/3794 4362/2126/3794 4361/2129/3794
f 4382/2128/3794 4298/2097/3794 4306/2101/3794
f 4383/2130/3794 4382/2128/3794 4306/2101/3794
f 4282/2119/3794 4361/2129/3794 4365/2131/3794
f 4282/2119/3794 4365/2131/3794 4363/2132/3794
f 4381/2133/3794 4383/2130/3794 4306/2101/3794
f 4372/2134/3794 4381/2133/3794 4306/2101/3794
f 4274/2115/3794 4282/2119/3794 4363/2132/3794
f 4274/2115/3794 4363/2132/3794 4364/2135/3794
f 4372/2134/3794 4306/2101/3794 4314/2105/3794
f 4371/2136/3794 4372/2134/3794 4314/2105/3794
f 4274/2115/3794 4364/2135/3794 4379/2137/3794
f 4274/2115/3794 4379/2137/3794 4380/2138/3794
f 4375/2139/3794 4371/2136/3794 4314/2105/3794
f 4373/2140/3794 4375/2139/3794 4314/2105/3794
f 4274/2115/3794 4380/2138/3794 4378/2141/3794
f 4274/2115/3794 4378/2141/3794 4359/2142/3794
f 4373/2140/3794 4314/2105/3794 4322/1931/3794
f 4374/2143/3794 4373/2140/3794 4322/1931/3794
f 4266/1932/3794 4274/2115/3794 4359/2142/3794
f 4266/1932/3794 4359/2142/3794 4358/2144/3794
f 4387/2145/3794 4374/2143/3794 4322/1931/3794
f 4384/2146/3794 4387/2145/3794 4322/1931/3794
f 4266/1932/3794 4358/2144/3794 4360/2147/3794
f 4266/1932/3794 4360/2147/3794 4357/2148/3794
f 4376/2149/3794 4384/2146/3794 4322/1931/3794
f 4266/1932/3794 4357/2148/3794 4356/1933/3794
f 4356/1933/3794 4376/2149/3794 4322/1931/3794
f 4386/2124/3794 4290/2123/3794 4292/2150/3794
f 4292/2150/3794 4294/2151/3794 4296/1934/3794
f 4296/1934/3794 4298/2097/3794 4368/2096/3794
f 4296/1934/3794 4368/2096/3794 4370/2152/3794
f 4386/2124/3794 4292/2150/3794 4296/1934/3794
f 4385/1936/3794 4386/2124/3794 4296/1934/3794
f 4296/1934/3794 4370/2152/3794 4369/1935/3794
f 4348/1937/3777 4326/2153/3777 4376/1938/3777
f 4351/1940/3778 4348/1937/3778 4356/1939/3778
f 4355/1942/3779 4351/1940/3779 4357/1941/3779
f 4340/1944/3780 4355/1942/3780 4360/1943/3780
f 4340/1944/3781 4358/1945/3781 4359/1946/3781
f 4339/1947/3782 4359/1946/3782 4378/1948/3782
f 4343/1949/3783 4378/1948/3783 4380/1950/3783
f 4342/1951/3784 4380/1950/3784 4379/1952/3784
f 4341/1953/3785 4379/1952/3785 4364/1954/3785
f 4354/1955/3786 4364/1954/3786 4363/1956/3786
f 4353/1957/3787 4363/1956/3787 4365/1958/3787
f 4352/1959/3788 4365/1958/3788 4361/1960/3788
f 4337/1961/3789 4361/1960/3789 4362/1962/3789
f 4336/1963/3790 4362/1962/3790 4377/1964/3790
f 4338/1965/3792 4377/1964/3792 4386/1966/3792
f 4335/1967/3793 4386/1966/3793 4385/1968/3793
f 4334/1969/3761 4385/1968/3761 4369/1970/3761
f 4349/1971/3762 4369/1970/3762 4370/1972/3762
f 4350/1973/3763 4370/1972/3763 4368/1974/3763
f 4347/1975/3764 4368/1974/3764 4367/1976/3764
f 4331/1978/3765 4332/1977/3765 4367/1976/3765
f 4333/1980/3766 4331/1978/3766 4366/1979/3766
f 4330/1982/3767 4333/1980/3767 4382/1981/3767
f 4329/1984/3768 4330/1982/3768 4383/1983/3768
f 4344/1986/3769 4329/1984/3769 4381/1985/3769
f 4346/1988/3770 4344/1986/3770 4372/1987/3770
f 4345/1990/3771 4346/1988/3771 4371/1989/3771
f 4324/1992/3772 4345/1990/3772 4375/1991/3772
f 4325/1994/3773 4324/1992/3773 4373/1993/3773
f 4328/1996/3774 4325/1994/3774 4374/1995/3774
f 4327/1998/3775 4328/1996/3775 4387/1997/3775
f 4326/2000/3776 4327/1998/3776 4384/1999/3776
