# Blender 4.1.1
# www.blender.org
mtllib title.mtl
o テキスト
v -9.711913 0.729492 0.150000
v -9.673827 0.557617 0.150000
v -9.684650 0.557251 0.150000
v -9.695962 0.556803 0.150000
v -9.707762 0.556274 0.150000
v -9.720050 0.555664 0.150000
v -9.732826 0.554972 0.150000
v -9.746091 0.554199 0.150000
v -9.759844 0.553345 0.150000
v -9.774085 0.552409 0.150000
v -9.788815 0.551392 0.150000
v -9.804032 0.550293 0.150000
v -9.819738 0.549113 0.150000
v -9.835937 0.547852 0.150000
v -9.881835 0.446309 0.150000
v -9.927082 0.342529 0.150000
v -9.971679 0.236511 0.150000
v -10.015624 0.128255 0.150000
v -10.058918 0.017761 0.150000
v -10.101562 -0.094971 0.150000
v -10.143554 -0.209941 0.150000
v -10.184895 -0.327148 0.150000
v -10.225585 -0.446594 0.150000
v -10.265624 -0.568278 0.150000
v -10.305012 -0.692200 0.150000
v -10.343749 -0.818359 0.150000
v -10.503905 -0.770508 0.150000
v -10.464802 -0.647895 0.150000
v -10.425292 -0.527778 0.150000
v -10.385375 -0.410156 0.150000
v -10.345051 -0.295030 0.150000
v -10.304320 -0.182400 0.150000
v -10.263183 -0.072266 0.150000
v -10.221638 0.035373 0.150000
v -10.179687 0.140517 0.150000
v -10.137328 0.243164 0.150000
v -10.094563 0.343316 0.150000
v -10.051391 0.440972 0.150000
v -10.007812 0.536133 0.150000
v -10.095214 0.529154 0.150000
v -10.181640 0.521891 0.150000
v -10.267089 0.514343 0.150000
v -10.351562 0.506510 0.150000
v -10.435058 0.498393 0.150000
v -10.517577 0.489990 0.150000
v -10.599120 0.481303 0.150000
v -10.679687 0.472331 0.150000
v -10.759276 0.463074 0.150000
v -10.837890 0.453532 0.150000
v -10.915526 0.443705 0.150000
v -10.992187 0.433594 0.150000
v -10.965826 0.386915 0.150000
v -10.939805 0.341607 0.150000
v -10.914123 0.297668 0.150000
v -10.888780 0.255100 0.150000
v -10.863775 0.213901 0.150000
v -10.839110 0.174072 0.150000
v -10.814784 0.135613 0.150000
v -10.790797 0.098524 0.150000
v -10.767150 0.062805 0.150000
v -10.743841 0.028456 0.150000
v -10.720872 -0.004523 0.150000
v -10.698241 -0.036133 0.150000
v -10.832030 -0.118164 0.150000
v -10.876817 -0.057712 0.150000
v -10.921006 0.004178 0.150000
v -10.964599 0.067505 0.150000
v -11.007594 0.132270 0.150000
v -11.049994 0.198473 0.150000
v -11.091796 0.266113 0.150000
v -11.133001 0.335192 0.150000
v -11.173610 0.405707 0.150000
v -11.213622 0.477661 0.150000
v -11.253037 0.551053 0.150000
v -11.291856 0.625882 0.150000
v -11.330077 0.702148 0.150000
v -11.173827 0.786133 0.150000
v -11.170897 0.780273 0.150000
v -11.163519 0.764587 0.150000
v -11.156032 0.748779 0.150000
v -11.148437 0.732849 0.150000
v -11.140733 0.716797 0.150000
v -11.132920 0.700622 0.150000
v -11.124999 0.684326 0.150000
v -11.116969 0.667908 0.150000
v -11.108831 0.651367 0.150000
v -11.100585 0.634705 0.150000
v -11.092230 0.617920 0.150000
v -11.083766 0.601013 0.150000
v -11.075194 0.583984 0.150000
v -11.063476 0.561523 0.150000
v -10.981281 0.575222 0.150000
v -10.893554 0.588976 0.150000
v -10.800292 0.602783 0.150000
v -10.701496 0.616645 0.150000
v -10.597167 0.630561 0.150000
v -10.487304 0.644531 0.150000
v -10.371906 0.658556 0.150000
v -10.250976 0.672634 0.150000
v -10.124511 0.686768 0.150000
v -9.992512 0.700955 0.150000
v -9.854980 0.715196 0.150000
v -6.652343 0.040039 0.150000
v -6.652343 -0.114258 0.150000
v -8.337890 -0.114258 0.150000
v -8.337890 0.040039 0.150000
v -5.347656 -0.482422 0.150000
v -5.347656 -0.340820 0.150000
v -4.914062 -0.340820 0.150000
v -4.911702 -0.277256 0.150000
v -4.908528 -0.216119 0.150000
v -4.904541 -0.157410 0.150000
v -4.899739 -0.101128 0.150000
v -4.894124 -0.047275 0.150000
v -4.887695 0.004150 0.150000
v -4.880452 0.053148 0.150000
v -4.872396 0.099718 0.150000
v -4.863525 0.143860 0.150000
v -4.853841 0.185574 0.150000
v -4.843343 0.224860 0.150000
v -4.832031 0.261719 0.150000
v -4.817565 0.302728 0.150000
v -4.801513 0.342421 0.150000
v -4.783874 0.380798 0.150000
v -4.764648 0.417860 0.150000
v -4.743835 0.453606 0.150000
v -4.721435 0.488037 0.150000
v -4.697448 0.521152 0.150000
v -4.671875 0.552951 0.150000
v -4.644714 0.583435 0.150000
v -4.615966 0.612603 0.150000
v -4.585632 0.640455 0.150000
v -4.553710 0.666992 0.150000
v -4.530178 0.684875 0.150000
v -4.505479 0.702393 0.150000
v -4.479614 0.719543 0.150000
v -4.452582 0.736328 0.150000
v -4.424384 0.752747 0.150000
v -4.395019 0.768799 0.150000
v -4.364488 0.784485 0.150000
v -4.332790 0.799805 0.150000
v -4.299926 0.814758 0.150000
v -4.265896 0.829346 0.150000
v -4.230699 0.843567 0.150000
v -4.194335 0.857422 0.150000
v -4.097656 0.737305 0.150000
v -4.136169 0.722134 0.150000
v -4.173258 0.706570 0.150000
v -4.208923 0.690613 0.150000
v -4.243164 0.674262 0.150000
v -4.275980 0.657518 0.150000
v -4.307373 0.640381 0.150000
v -4.337341 0.622850 0.150000
v -4.365885 0.604926 0.150000
v -4.393005 0.586609 0.150000
v -4.418701 0.567898 0.150000
v -4.442972 0.548794 0.150000
v -4.465820 0.529297 0.150000
v -4.495883 0.501058 0.150000
v -4.524224 0.471029 0.150000
v -4.550842 0.439209 0.150000
v -4.575737 0.405599 0.150000
v -4.598910 0.370199 0.150000
v -4.620361 0.333008 0.150000
v -4.640089 0.294027 0.150000
v -4.658094 0.253255 0.150000
v -4.674377 0.210693 0.150000
v -4.688937 0.166341 0.150000
v -4.701775 0.120199 0.150000
v -4.712890 0.072266 0.150000
v -4.718234 0.045227 0.150000
v -4.723198 0.016846 0.150000
v -4.727783 -0.012878 0.150000
v -4.731987 -0.043945 0.150000
v -4.735812 -0.076355 0.150000
v -4.739257 -0.110107 0.150000
v -4.742322 -0.145203 0.150000
v -4.745008 -0.181641 0.150000
v -4.747314 -0.219421 0.150000
v -4.749240 -0.258545 0.150000
v -4.750786 -0.299011 0.150000
v -4.751953 -0.340820 0.150000
v -4.108398 -0.340820 0.150000
v -4.088134 -0.302287 0.150000
v -4.066406 -0.264486 0.150000
v -4.043212 -0.227417 0.150000
v -4.018554 -0.191081 0.150000
v -3.992431 -0.155477 0.150000
v -3.964843 -0.120605 0.150000
v -3.935791 -0.086466 0.150000
v -3.905273 -0.053060 0.150000
v -3.873291 -0.020386 0.150000
v -3.839843 0.011556 0.150000
v -3.804931 0.042765 0.150000
v -3.768554 0.073242 0.150000
v -3.662109 -0.037109 0.150000
v -3.720954 -0.087558 0.150000
v -3.776069 -0.141249 0.150000
v -3.827454 -0.198181 0.150000
v -3.875108 -0.258355 0.150000
v -3.919034 -0.321771 0.150000
v -3.959229 -0.388428 0.150000
v -3.995694 -0.458326 0.150000
v -4.028429 -0.531467 0.150000
v -4.057435 -0.607849 0.150000
v -4.082710 -0.687473 0.150000
v -4.104255 -0.770338 0.150000
v -4.122070 -0.856445 0.150000
v -4.276367 -0.816406 0.150000
v -4.269266 -0.782159 0.150000
v -4.261962 -0.749078 0.150000
v -4.254455 -0.717163 0.150000
v -4.246744 -0.686415 0.150000
v -4.238830 -0.656833 0.150000
v -4.230712 -0.628418 0.150000
v -4.222391 -0.601169 0.150000
v -4.213867 -0.575087 0.150000
v -4.205139 -0.550171 0.150000
v -4.196207 -0.526421 0.150000
v -4.187072 -0.503838 0.150000
v -4.177734 -0.482422 0.150000
v -5.215820 -0.593750 0.150000
v -5.093750 -0.543945 0.150000
v -5.083740 -0.569743 0.150000
v -5.072916 -0.595703 0.150000
v -5.061279 -0.621826 0.150000
v -5.048828 -0.648112 0.150000
v -5.035563 -0.674560 0.150000
v -5.021484 -0.701172 0.150000
v -5.006591 -0.727946 0.150000
v -4.990885 -0.754883 0.150000
v -4.974365 -0.781982 0.150000
v -4.957031 -0.809245 0.150000
v -4.938883 -0.836670 0.150000
v -4.919921 -0.864258 0.150000
v -5.040039 -0.910156 0.150000
v -5.057522 -0.884535 0.150000
v -5.074490 -0.858778 0.150000
v -5.090942 -0.832886 0.150000
v -5.106879 -0.806858 0.150000
v -5.122300 -0.780694 0.150000
v -5.137206 -0.754395 0.150000
v -5.151597 -0.727960 0.150000
v -5.165473 -0.701389 0.150000
v -5.178833 -0.674683 0.150000
v -5.191677 -0.647841 0.150000
v -5.204006 -0.620863 0.150000
v -5.471679 -0.664062 0.150000
v -5.352539 -0.612305 0.150000
v -5.340732 -0.641547 0.150000
v -5.328423 -0.670356 0.150000
v -5.315612 -0.698730 0.150000
v -5.302300 -0.726671 0.150000
v -5.288486 -0.754177 0.150000
v -5.274169 -0.781250 0.150000
v -5.259351 -0.807888 0.150000
v -5.244031 -0.834093 0.150000
v -5.228210 -0.859863 0.150000
v -5.211886 -0.885200 0.150000
v -5.195061 -0.910102 0.150000
v -5.177734 -0.934570 0.150000
v -5.295898 -0.976562 0.150000
v -5.313381 -0.953057 0.150000
v -5.330349 -0.929091 0.150000
v -5.346801 -0.904663 0.150000
v -5.362738 -0.879774 0.150000
v -5.378160 -0.854424 0.150000
v -5.393065 -0.828613 0.150000
v -5.407456 -0.802341 0.150000
v -5.421332 -0.775608 0.150000
v -5.434692 -0.748413 0.150000
v -5.447536 -0.720757 0.150000
v -5.459866 -0.692640 0.150000
v -1.438476 -0.530273 0.150000
v -1.381836 -0.376953 0.150000
v -1.335042 -0.397759 0.150000
v -1.287760 -0.417860 0.150000
v -1.239990 -0.437256 0.150000
v -1.191732 -0.455946 0.150000
v -1.142985 -0.473931 0.150000
v -1.093750 -0.491211 0.150000
v -1.044027 -0.507785 0.150000
v -0.993815 -0.523654 0.150000
v -0.943115 -0.538818 0.150000
v -0.891927 -0.553277 0.150000
v -0.840251 -0.567030 0.150000
v -0.788086 -0.580078 0.150000
v -0.839844 -0.732422 0.150000
v -0.901442 -0.717292 0.150000
v -0.960910 -0.701850 0.150000
v -1.018250 -0.686096 0.150000
v -1.073459 -0.670030 0.150000
v -1.126539 -0.653653 0.150000
v -1.177490 -0.636963 0.150000
v -1.226311 -0.619961 0.150000
v -1.273003 -0.602647 0.150000
v -1.317566 -0.585022 0.150000
v -1.359999 -0.567084 0.150000
v -1.400302 -0.548835 0.150000
v -0.843750 0.795898 0.150000
v -0.803711 0.629883 0.150000
v -0.868300 0.623677 0.150000
v -0.930555 0.616781 0.150000
v -0.990478 0.609192 0.150000
v -1.048068 0.600911 0.150000
v -1.103326 0.591939 0.150000
v -1.156250 0.582275 0.150000
v -1.206841 0.571920 0.150000
v -1.255100 0.560872 0.150000
v -1.301025 0.549133 0.150000
v -1.344618 0.536702 0.150000
v -1.385878 0.523580 0.150000
v -1.424805 0.509766 0.150000
v -1.519606 0.469170 0.150000
v -1.608371 0.420627 0.150000
v -1.691101 0.364136 0.150000
v -1.767795 0.299696 0.150000
v -1.838453 0.227309 0.150000
v -1.903076 0.146973 0.150000
v -1.961663 0.058689 0.150000
v -2.014214 -0.037543 0.150000
v -2.060730 -0.141723 0.150000
v -2.101210 -0.253852 0.150000
v -2.135654 -0.373928 0.150000
v -2.164062 -0.501953 0.150000
v -2.299804 -0.404297 0.150000
v -2.283962 -0.333917 0.150000
v -2.266710 -0.266005 0.150000
v -2.248047 -0.200562 0.150000
v -2.227973 -0.137587 0.150000
v -2.206489 -0.077081 0.150000
v -2.183594 -0.019043 0.150000
v -2.159288 0.036526 0.150000
v -2.133572 0.089627 0.150000
v -2.106445 0.140259 0.150000
v -2.077908 0.188422 0.150000
v -2.047960 0.234117 0.150000
v -2.016601 0.277344 0.150000
v -1.980374 0.322503 0.150000
v -1.942003 0.365533 0.150000
v -1.901489 0.406433 0.150000
v -1.858832 0.445204 0.150000
v -1.814033 0.481845 0.150000
v -1.767090 0.516357 0.150000
v -1.718004 0.548740 0.150000
v -1.666775 0.578993 0.150000
v -1.613403 0.607117 0.150000
v -1.557888 0.633111 0.150000
v -1.500231 0.656976 0.150000
v -1.440430 0.678711 0.150000
v -1.401821 0.691162 0.150000
v -1.361192 0.703125 0.150000
v -1.318542 0.714600 0.150000
v -1.273872 0.725586 0.150000
v -1.227180 0.736084 0.150000
v -1.178467 0.746094 0.150000
v -1.127733 0.755615 0.150000
v -1.074978 0.764648 0.150000
v -1.020203 0.773193 0.150000
v -0.963406 0.781250 0.150000
v -0.904588 0.788818 0.150000
v 2.083984 -0.322266 0.150000
v 2.083984 -0.456055 0.150000
v 0.937500 -0.456055 0.150000
v 0.937500 0.767578 0.150000
v 2.129883 0.767578 0.150000
v 2.129883 0.631836 0.150000
v 1.085937 0.631836 0.150000
v 1.085937 0.197266 0.150000
v 2.043945 0.197266 0.150000
v 2.043945 0.065430 0.150000
v 1.085937 0.065430 0.150000
v 1.085937 -0.322266 0.150000
v 4.511718 -0.622070 0.150000
v 4.563476 -0.474609 0.150000
v 4.604336 -0.493286 0.150000
v 4.645860 -0.511556 0.150000
v 4.688049 -0.529419 0.150000
v 4.730902 -0.546875 0.150000
v 4.774420 -0.563924 0.150000
v 4.818603 -0.580566 0.150000
v 4.863451 -0.596802 0.150000
v 4.908962 -0.612630 0.150000
v 4.955139 -0.628052 0.150000
v 5.001980 -0.643066 0.150000
v 5.049486 -0.657674 0.150000
v 5.097656 -0.671875 0.150000
v 5.047851 -0.812500 0.150000
v 4.998175 -0.799988 0.150000
v 4.949408 -0.786865 0.150000
v 4.901550 -0.773132 0.150000
v 4.854600 -0.758789 0.150000
v 4.808559 -0.743835 0.150000
v 4.763427 -0.728271 0.150000
v 4.719204 -0.712097 0.150000
v 4.675889 -0.695312 0.150000
v 4.633483 -0.677917 0.150000
v 4.591986 -0.659912 0.150000
v 4.551398 -0.641296 0.150000
v 4.709960 -0.124023 0.150000
v 4.769531 0.023437 0.150000
v 4.805738 0.007595 0.150000
v 4.843397 -0.008355 0.150000
v 4.882507 -0.024414 0.150000
v 4.923069 -0.040582 0.150000
v 4.965081 -0.056858 0.150000
v 5.008545 -0.073242 0.150000
v 5.053460 -0.089735 0.150000
v 5.099826 -0.106337 0.150000
v 5.147644 -0.123047 0.150000
v 5.196913 -0.139865 0.150000
v 5.247633 -0.156793 0.150000
v 5.299804 -0.173828 0.150000
v 5.240234 -0.320312 0.150000
v 5.191941 -0.306566 0.150000
v 5.144395 -0.292345 0.150000
v 5.097594 -0.277649 0.150000
v 5.051540 -0.262478 0.150000
v 5.006231 -0.246833 0.150000
v 4.961669 -0.230713 0.150000
v 4.917852 -0.214118 0.150000
v 4.874782 -0.197049 0.150000
v 4.832458 -0.179504 0.150000
v 4.790879 -0.161485 0.150000
v 4.750047 -0.142992 0.150000
v 5.125976 0.795898 0.150000
v 5.171875 0.637695 0.150000
v 5.113125 0.632494 0.150000
v 5.056342 0.626655 0.150000
v 5.001525 0.620178 0.150000
v 4.948676 0.613064 0.150000
v 4.897793 0.605313 0.150000
v 4.848876 0.596924 0.150000
v 4.801927 0.587897 0.150000
v 4.756944 0.578233 0.150000
v 4.713928 0.567932 0.150000
v 4.672878 0.556993 0.150000
v 4.633795 0.545417 0.150000
v 4.596679 0.533203 0.150000
v 4.536471 0.510261 0.150000
v 4.478570 0.484402 0.150000
v 4.422973 0.455627 0.150000
v 4.369683 0.423937 0.150000
v 4.318698 0.389330 0.150000
v 4.270019 0.351807 0.150000
v 4.223646 0.311367 0.150000
v 4.179578 0.268012 0.150000
v 4.137817 0.221741 0.150000
v 4.098361 0.172553 0.150000
v 4.061211 0.120449 0.150000
v 4.026367 0.065430 0.150000
v 4.004225 0.026889 0.150000
v 3.983046 -0.013211 0.150000
v 3.962829 -0.054871 0.150000
v 3.943576 -0.098090 0.150000
v 3.925286 -0.142870 0.150000
v 3.907959 -0.189209 0.150000
v 3.891595 -0.237108 0.150000
v 3.876194 -0.286567 0.150000
v 3.861755 -0.337585 0.150000
v 3.848280 -0.390164 0.150000
v 3.835768 -0.444302 0.150000
v 3.824219 -0.500000 0.150000
v 3.681640 -0.414062 0.150000
v 3.696804 -0.348267 0.150000
v 3.712999 -0.284668 0.150000
v 3.730224 -0.223267 0.150000
v 3.748481 -0.164062 0.150000
v 3.767768 -0.107056 0.150000
v 3.788086 -0.052246 0.150000
v 3.809435 0.000366 0.150000
v 3.831814 0.050781 0.150000
v 3.855225 0.098999 0.150000
v 3.879666 0.145020 0.150000
v 3.905138 0.188843 0.150000
v 3.931640 0.230469 0.150000
v 3.965576 0.278537 0.150000
v 4.001627 0.324436 0.150000
v 4.039795 0.368164 0.150000
v 4.080078 0.409722 0.150000
v 4.122477 0.449110 0.150000
v 4.166992 0.486328 0.150000
v 4.213623 0.521376 0.150000
v 4.262370 0.554253 0.150000
v 4.313233 0.584961 0.150000
v 4.366211 0.613498 0.150000
v 4.421306 0.639865 0.150000
v 4.478515 0.664062 0.150000
v 4.520609 0.679748 0.150000
v 4.564859 0.694580 0.150000
v 4.611267 0.708557 0.150000
v 4.659830 0.721680 0.150000
v 4.710550 0.733948 0.150000
v 4.763427 0.745361 0.150000
v 4.818460 0.755920 0.150000
v 4.875650 0.765625 0.150000
v 4.934997 0.774475 0.150000
v 4.996500 0.782471 0.150000
v 5.060160 0.789612 0.150000
v 7.603515 -0.616211 0.150000
v 6.914062 -0.616211 0.150000
v 6.793945 -0.514648 0.150000
v 6.812981 -0.417141 0.150000
v 6.834608 -0.323513 0.150000
v 6.858826 -0.233765 0.150000
v 6.885633 -0.147895 0.150000
v 6.915032 -0.065904 0.150000
v 6.947021 0.012207 0.150000
v 6.981601 0.086439 0.150000
v 7.018771 0.156792 0.150000
v 7.058532 0.223267 0.150000
v 7.100884 0.285861 0.150000
v 7.145826 0.344577 0.150000
v 7.193359 0.399414 0.150000
v 7.239617 0.446974 0.150000
v 7.289198 0.492649 0.150000
v 7.342102 0.536438 0.150000
v 7.398329 0.578342 0.150000
v 7.457879 0.618361 0.150000
v 7.520751 0.656494 0.150000
v 7.586947 0.692742 0.150000
v 7.656466 0.727105 0.150000
v 7.729309 0.759583 0.150000
v 7.805474 0.790175 0.150000
v 7.884962 0.818882 0.150000
v 7.967773 0.845703 0.150000
v 8.059569 0.705078 0.150000
v 7.978983 0.681037 0.150000
v 7.901611 0.654812 0.150000
v 7.827453 0.626404 0.150000
v 7.756510 0.595812 0.150000
v 7.688781 0.563036 0.150000
v 7.624267 0.528076 0.150000
v 7.562967 0.490933 0.150000
v 7.504882 0.451606 0.150000
v 7.450012 0.410095 0.150000
v 7.398355 0.366401 0.150000
v 7.349914 0.320523 0.150000
v 7.304687 0.272461 0.150000
v 7.264465 0.224453 0.150000
v 7.226480 0.173855 0.150000
v 7.190734 0.120667 0.150000
v 7.157226 0.064887 0.150000
v 7.125956 0.006517 0.150000
v 7.096923 -0.054443 0.150000
v 7.070129 -0.117995 0.150000
v 7.045572 -0.184136 0.150000
v 7.023254 -0.252869 0.150000
v 7.003173 -0.324192 0.150000
v 6.985331 -0.398105 0.150000
v 6.969726 -0.474609 0.150000
v 7.683593 -0.474609 0.150000
v 7.716071 -0.425564 0.150000
v 7.749701 -0.378038 0.150000
v 7.784484 -0.332031 0.150000
v 7.820420 -0.287543 0.150000
v 7.857509 -0.244575 0.150000
v 7.895751 -0.203125 0.150000
v 7.935146 -0.163194 0.150000
v 7.975694 -0.124783 0.150000
v 8.017394 -0.087891 0.150000
v 8.060247 -0.052517 0.150000
v 8.104254 -0.018663 0.150000
v 8.149413 0.013672 0.150000
v 8.263671 -0.100586 0.150000
v 8.231560 -0.122416 0.150000
v 8.200330 -0.144613 0.150000
v 8.169982 -0.167175 0.150000
v 8.140515 -0.190104 0.150000
v 8.111931 -0.213399 0.150000
v 8.084228 -0.237061 0.150000
v 8.057406 -0.261088 0.150000
v 8.031466 -0.285482 0.150000
v 8.006408 -0.310242 0.150000
v 7.982231 -0.335368 0.150000
v 7.958936 -0.360860 0.150000
v 7.936523 -0.386719 0.150000
v 7.909037 -0.420607 0.150000
v 7.882568 -0.455539 0.150000
v 7.857116 -0.491516 0.150000
v 7.832682 -0.528537 0.150000
v 7.809265 -0.566603 0.150000
v 7.786865 -0.605713 0.150000
v 7.765482 -0.645867 0.150000
v 7.745117 -0.687066 0.150000
v 7.725769 -0.729309 0.150000
v 7.707438 -0.772597 0.150000
v 7.690124 -0.816929 0.150000
v 7.673828 -0.862305 0.150000
v 7.519531 -0.818359 0.150000
v 7.526231 -0.799947 0.150000
v 7.532986 -0.781820 0.150000
v 7.539794 -0.763977 0.150000
v 7.546658 -0.746419 0.150000
v 7.553575 -0.729146 0.150000
v 7.560546 -0.712158 0.150000
v 7.567572 -0.695455 0.150000
v 7.574652 -0.679036 0.150000
v 7.581787 -0.662903 0.150000
v 7.588975 -0.647054 0.150000
v 7.596218 -0.631490 0.150000
v 11.295897 -0.570312 0.150000
v 11.295897 -0.711914 0.150000
v 9.773437 -0.711914 0.150000
v 9.667968 -0.622070 0.150000
v 9.682948 -0.568692 0.150000
v 9.699896 -0.517280 0.150000
v 9.718810 -0.467834 0.150000
v 9.739691 -0.420356 0.150000
v 9.762538 -0.374844 0.150000
v 9.787353 -0.331299 0.150000
v 9.814134 -0.289720 0.150000
v 9.842881 -0.250109 0.150000
v 9.873595 -0.212463 0.150000
v 9.906276 -0.176785 0.150000
v 9.940924 -0.143073 0.150000
v 9.977538 -0.111328 0.150000
v 9.998643 -0.094611 0.150000
v 10.020616 -0.078315 0.150000
v 10.043456 -0.062439 0.150000
v 10.067164 -0.046984 0.150000
v 10.091742 -0.031949 0.150000
v 10.117187 -0.017334 0.150000
v 10.143499 -0.003140 0.150000
v 10.170680 0.010634 0.150000
v 10.198730 0.023987 0.150000
v 10.227647 0.036919 0.150000
v 10.257432 0.049432 0.150000
v 10.288085 0.061523 0.150000
v 10.381835 -0.058594 0.150000
v 10.336316 -0.074544 0.150000
v 10.292534 -0.092122 0.150000
v 10.250487 -0.111328 0.150000
v 10.210177 -0.132161 0.150000
v 10.171603 -0.154622 0.150000
v 10.134765 -0.178711 0.150000
v 10.099663 -0.204427 0.150000
v 10.066297 -0.231771 0.150000
v 10.034667 -0.260742 0.150000
v 10.004773 -0.291341 0.150000
v 9.976616 -0.323568 0.150000
v 9.950194 -0.357422 0.150000
v 9.938754 -0.373671 0.150000
v 9.927870 -0.390191 0.150000
v 9.917542 -0.406982 0.150000
v 9.907769 -0.424045 0.150000
v 9.898553 -0.441379 0.150000
v 9.889893 -0.458984 0.150000
v 9.881788 -0.476861 0.150000
v 9.874240 -0.495009 0.150000
v 9.867248 -0.513428 0.150000
v 9.860812 -0.532118 0.150000
v 9.854933 -0.551080 0.150000
v 9.849608 -0.570312 0.150000
v 10.645507 -0.184570 0.150000
v 10.645507 -0.348633 0.150000
v 10.488280 -0.348633 0.150000
v 10.488280 -0.184570 0.150000
v 10.488803 -0.121908 0.150000
v 10.490370 -0.061849 0.150000
v 10.492981 -0.004395 0.150000
v 10.496636 0.050456 0.150000
v 10.501336 0.102702 0.150000
v 10.507080 0.152344 0.150000
v 10.513868 0.199381 0.150000
v 10.521701 0.243815 0.150000
v 10.530578 0.285645 0.150000
v 10.540500 0.324870 0.150000
v 10.551466 0.361491 0.150000
v 10.563476 0.395508 0.150000
v 10.581718 0.438287 0.150000
v 10.602918 0.479709 0.150000
v 10.627074 0.519775 0.150000
v 10.654187 0.558485 0.150000
v 10.684258 0.595839 0.150000
v 10.717284 0.631836 0.150000
v 10.753268 0.666477 0.150000
v 10.792209 0.699761 0.150000
v 10.834105 0.731689 0.150000
v 10.878960 0.762261 0.150000
v 10.926770 0.791477 0.150000
v 10.977538 0.819336 0.150000
v 11.093749 0.700195 0.150000
v 11.058708 0.682543 0.150000
v 11.025200 0.664090 0.150000
v 10.993224 0.644836 0.150000
v 10.962781 0.624783 0.150000
v 10.933870 0.603929 0.150000
v 10.906492 0.582275 0.150000
v 10.880648 0.559821 0.150000
v 10.856336 0.536567 0.150000
v 10.833556 0.512512 0.150000
v 10.812309 0.487657 0.150000
v 10.792595 0.462002 0.150000
v 10.774413 0.435547 0.150000
v 10.762857 0.417453 0.150000
v 10.751952 0.399306 0.150000
v 10.741698 0.381103 0.150000
v 10.732096 0.362847 0.150000
v 10.723144 0.344537 0.150000
v 10.714843 0.326172 0.150000
v 10.707193 0.307753 0.150000
v 10.700194 0.289279 0.150000
v 10.693847 0.270752 0.150000
v 10.688150 0.252170 0.150000
v 10.683105 0.233534 0.150000
v 10.678710 0.214844 0.150000
v 10.673407 0.188646 0.150000
v 10.668565 0.161160 0.150000
v 10.664184 0.132385 0.150000
v 10.660264 0.102322 0.150000
v 10.656805 0.070970 0.150000
v 10.653808 0.038330 0.150000
v 10.651271 0.004401 0.150000
v 10.649196 -0.030816 0.150000
v 10.647582 -0.067322 0.150000
v 10.646429 -0.105116 0.150000
v 10.645738 -0.144199 0.150000
v -9.711913 0.729492 -0.150000
v -9.673827 0.557617 -0.150000
v -9.684650 0.557251 -0.150000
v -9.695962 0.556803 -0.150000
v -9.707762 0.556274 -0.150000
v -9.720050 0.555664 -0.150000
v -9.732826 0.554972 -0.150000
v -9.746091 0.554199 -0.150000
v -9.759844 0.553345 -0.150000
v -9.774085 0.552409 -0.150000
v -9.788815 0.551392 -0.150000
v -9.804032 0.550293 -0.150000
v -9.819738 0.549113 -0.150000
v -9.835937 0.547852 -0.150000
v -9.881835 0.446309 -0.150000
v -9.927082 0.342529 -0.150000
v -9.971679 0.236511 -0.150000
v -10.015624 0.128255 -0.150000
v -10.058918 0.017761 -0.150000
v -10.101562 -0.094971 -0.150000
v -10.143554 -0.209941 -0.150000
v -10.184895 -0.327148 -0.150000
v -10.225585 -0.446594 -0.150000
v -10.265624 -0.568278 -0.150000
v -10.305012 -0.692200 -0.150000
v -10.343749 -0.818359 -0.150000
v -10.503905 -0.770508 -0.150000
v -10.464802 -0.647895 -0.150000
v -10.425292 -0.527778 -0.150000
v -10.385375 -0.410156 -0.150000
v -10.345051 -0.295030 -0.150000
v -10.304320 -0.182400 -0.150000
v -10.263183 -0.072266 -0.150000
v -10.221638 0.035373 -0.150000
v -10.179687 0.140517 -0.150000
v -10.137328 0.243164 -0.150000
v -10.094563 0.343316 -0.150000
v -10.051391 0.440972 -0.150000
v -10.007812 0.536133 -0.150000
v -10.095214 0.529154 -0.150000
v -10.181640 0.521891 -0.150000
v -10.267089 0.514343 -0.150000
v -10.351562 0.506510 -0.150000
v -10.435058 0.498393 -0.150000
v -10.517577 0.489990 -0.150000
v -10.599120 0.481303 -0.150000
v -10.679687 0.472331 -0.150000
v -10.759276 0.463074 -0.150000
v -10.837890 0.453532 -0.150000
v -10.915526 0.443705 -0.150000
v -10.992187 0.433594 -0.150000
v -10.965826 0.386915 -0.150000
v -10.939805 0.341607 -0.150000
v -10.914123 0.297668 -0.150000
v -10.888780 0.255100 -0.150000
v -10.863775 0.213901 -0.150000
v -10.839110 0.174072 -0.150000
v -10.814784 0.135613 -0.150000
v -10.790797 0.098524 -0.150000
v -10.767150 0.062805 -0.150000
v -10.743841 0.028456 -0.150000
v -10.720872 -0.004523 -0.150000
v -10.698241 -0.036133 -0.150000
v -10.832030 -0.118164 -0.150000
v -10.876817 -0.057712 -0.150000
v -10.921006 0.004178 -0.150000
v -10.964599 0.067505 -0.150000
v -11.007594 0.132270 -0.150000
v -11.049994 0.198473 -0.150000
v -11.091796 0.266113 -0.150000
v -11.133001 0.335192 -0.150000
v -11.173610 0.405707 -0.150000
v -11.213622 0.477661 -0.150000
v -11.253037 0.551053 -0.150000
v -11.291856 0.625882 -0.150000
v -11.330077 0.702148 -0.150000
v -11.173827 0.786133 -0.150000
v -11.170897 0.780273 -0.150000
v -11.163519 0.764587 -0.150000
v -11.156032 0.748779 -0.150000
v -11.148437 0.732849 -0.150000
v -11.140733 0.716797 -0.150000
v -11.132920 0.700622 -0.150000
v -11.124999 0.684326 -0.150000
v -11.116969 0.667908 -0.150000
v -11.108831 0.651367 -0.150000
v -11.100585 0.634705 -0.150000
v -11.092230 0.617920 -0.150000
v -11.083766 0.601013 -0.150000
v -11.075194 0.583984 -0.150000
v -11.063476 0.561523 -0.150000
v -10.981281 0.575222 -0.150000
v -10.893554 0.588976 -0.150000
v -10.800292 0.602783 -0.150000
v -10.701496 0.616645 -0.150000
v -10.597167 0.630561 -0.150000
v -10.487304 0.644531 -0.150000
v -10.371906 0.658556 -0.150000
v -10.250976 0.672634 -0.150000
v -10.124511 0.686768 -0.150000
v -9.992512 0.700955 -0.150000
v -9.854980 0.715196 -0.150000
v -6.652343 0.040039 -0.150000
v -6.652343 -0.114258 -0.150000
v -8.337890 -0.114258 -0.150000
v -8.337890 0.040039 -0.150000
v -5.347656 -0.482422 -0.150000
v -5.347656 -0.340820 -0.150000
v -4.914062 -0.340820 -0.150000
v -4.911702 -0.277256 -0.150000
v -4.908528 -0.216119 -0.150000
v -4.904541 -0.157410 -0.150000
v -4.899739 -0.101128 -0.150000
v -4.894124 -0.047275 -0.150000
v -4.887695 0.004150 -0.150000
v -4.880452 0.053148 -0.150000
v -4.872396 0.099718 -0.150000
v -4.863525 0.143860 -0.150000
v -4.853841 0.185574 -0.150000
v -4.843343 0.224860 -0.150000
v -4.832031 0.261719 -0.150000
v -4.817565 0.302728 -0.150000
v -4.801513 0.342421 -0.150000
v -4.783874 0.380798 -0.150000
v -4.764648 0.417860 -0.150000
v -4.743835 0.453606 -0.150000
v -4.721435 0.488037 -0.150000
v -4.697448 0.521152 -0.150000
v -4.671875 0.552951 -0.150000
v -4.644714 0.583435 -0.150000
v -4.615966 0.612603 -0.150000
v -4.585632 0.640455 -0.150000
v -4.553710 0.666992 -0.150000
v -4.530178 0.684875 -0.150000
v -4.505479 0.702393 -0.150000
v -4.479614 0.719543 -0.150000
v -4.452582 0.736328 -0.150000
v -4.424384 0.752747 -0.150000
v -4.395019 0.768799 -0.150000
v -4.364488 0.784485 -0.150000
v -4.332790 0.799805 -0.150000
v -4.299926 0.814758 -0.150000
v -4.265896 0.829346 -0.150000
v -4.230699 0.843567 -0.150000
v -4.194335 0.857422 -0.150000
v -4.097656 0.737305 -0.150000
v -4.136169 0.722134 -0.150000
v -4.173258 0.706570 -0.150000
v -4.208923 0.690613 -0.150000
v -4.243164 0.674262 -0.150000
v -4.275980 0.657518 -0.150000
v -4.307373 0.640381 -0.150000
v -4.337341 0.622850 -0.150000
v -4.365885 0.604926 -0.150000
v -4.393005 0.586609 -0.150000
v -4.418701 0.567898 -0.150000
v -4.442972 0.548794 -0.150000
v -4.465820 0.529297 -0.150000
v -4.495883 0.501058 -0.150000
v -4.524224 0.471029 -0.150000
v -4.550842 0.439209 -0.150000
v -4.575737 0.405599 -0.150000
v -4.598910 0.370199 -0.150000
v -4.620361 0.333008 -0.150000
v -4.640089 0.294027 -0.150000
v -4.658094 0.253255 -0.150000
v -4.674377 0.210693 -0.150000
v -4.688937 0.166341 -0.150000
v -4.701775 0.120199 -0.150000
v -4.712890 0.072266 -0.150000
v -4.718234 0.045227 -0.150000
v -4.723198 0.016846 -0.150000
v -4.727783 -0.012878 -0.150000
v -4.731987 -0.043945 -0.150000
v -4.735812 -0.076355 -0.150000
v -4.739257 -0.110107 -0.150000
v -4.742322 -0.145203 -0.150000
v -4.745008 -0.181641 -0.150000
v -4.747314 -0.219421 -0.150000
v -4.749240 -0.258545 -0.150000
v -4.750786 -0.299011 -0.150000
v -4.751953 -0.340820 -0.150000
v -4.108398 -0.340820 -0.150000
v -4.088134 -0.302287 -0.150000
v -4.066406 -0.264486 -0.150000
v -4.043212 -0.227417 -0.150000
v -4.018554 -0.191081 -0.150000
v -3.992431 -0.155477 -0.150000
v -3.964843 -0.120605 -0.150000
v -3.935791 -0.086466 -0.150000
v -3.905273 -0.053060 -0.150000
v -3.873291 -0.020386 -0.150000
v -3.839843 0.011556 -0.150000
v -3.804931 0.042765 -0.150000
v -3.768554 0.073242 -0.150000
v -3.662109 -0.037109 -0.150000
v -3.720954 -0.087558 -0.150000
v -3.776069 -0.141249 -0.150000
v -3.827454 -0.198181 -0.150000
v -3.875108 -0.258355 -0.150000
v -3.919034 -0.321771 -0.150000
v -3.959229 -0.388428 -0.150000
v -3.995694 -0.458326 -0.150000
v -4.028429 -0.531467 -0.150000
v -4.057435 -0.607849 -0.150000
v -4.082710 -0.687473 -0.150000
v -4.104255 -0.770338 -0.150000
v -4.122070 -0.856445 -0.150000
v -4.276367 -0.816406 -0.150000
v -4.269266 -0.782159 -0.150000
v -4.261962 -0.749078 -0.150000
v -4.254455 -0.717163 -0.150000
v -4.246744 -0.686415 -0.150000
v -4.238830 -0.656833 -0.150000
v -4.230712 -0.628418 -0.150000
v -4.222391 -0.601169 -0.150000
v -4.213867 -0.575087 -0.150000
v -4.205139 -0.550171 -0.150000
v -4.196207 -0.526421 -0.150000
v -4.187072 -0.503838 -0.150000
v -4.177734 -0.482422 -0.150000
v -5.215820 -0.593750 -0.150000
v -5.093750 -0.543945 -0.150000
v -5.083740 -0.569743 -0.150000
v -5.072916 -0.595703 -0.150000
v -5.061279 -0.621826 -0.150000
v -5.048828 -0.648112 -0.150000
v -5.035563 -0.674560 -0.150000
v -5.021484 -0.701172 -0.150000
v -5.006591 -0.727946 -0.150000
v -4.990885 -0.754883 -0.150000
v -4.974365 -0.781982 -0.150000
v -4.957031 -0.809245 -0.150000
v -4.938883 -0.836670 -0.150000
v -4.919921 -0.864258 -0.150000
v -5.040039 -0.910156 -0.150000
v -5.057522 -0.884535 -0.150000
v -5.074490 -0.858778 -0.150000
v -5.090942 -0.832886 -0.150000
v -5.106879 -0.806858 -0.150000
v -5.122300 -0.780694 -0.150000
v -5.137206 -0.754395 -0.150000
v -5.151597 -0.727960 -0.150000
v -5.165473 -0.701389 -0.150000
v -5.178833 -0.674683 -0.150000
v -5.191677 -0.647841 -0.150000
v -5.204006 -0.620863 -0.150000
v -5.471679 -0.664062 -0.150000
v -5.352539 -0.612305 -0.150000
v -5.340732 -0.641547 -0.150000
v -5.328423 -0.670356 -0.150000
v -5.315612 -0.698730 -0.150000
v -5.302300 -0.726671 -0.150000
v -5.288486 -0.754177 -0.150000
v -5.274169 -0.781250 -0.150000
v -5.259351 -0.807888 -0.150000
v -5.244031 -0.834093 -0.150000
v -5.228210 -0.859863 -0.150000
v -5.211886 -0.885200 -0.150000
v -5.195061 -0.910102 -0.150000
v -5.177734 -0.934570 -0.150000
v -5.295898 -0.976562 -0.150000
v -5.313381 -0.953057 -0.150000
v -5.330349 -0.929091 -0.150000
v -5.346801 -0.904663 -0.150000
v -5.362738 -0.879774 -0.150000
v -5.378160 -0.854424 -0.150000
v -5.393065 -0.828613 -0.150000
v -5.407456 -0.802341 -0.150000
v -5.421332 -0.775608 -0.150000
v -5.434692 -0.748413 -0.150000
v -5.447536 -0.720757 -0.150000
v -5.459866 -0.692640 -0.150000
v -1.438476 -0.530273 -0.150000
v -1.381836 -0.376953 -0.150000
v -1.335042 -0.397759 -0.150000
v -1.287760 -0.417860 -0.150000
v -1.239990 -0.437256 -0.150000
v -1.191732 -0.455946 -0.150000
v -1.142985 -0.473931 -0.150000
v -1.093750 -0.491211 -0.150000
v -1.044027 -0.507785 -0.150000
v -0.993815 -0.523654 -0.150000
v -0.943115 -0.538818 -0.150000
v -0.891927 -0.553277 -0.150000
v -0.840251 -0.567030 -0.150000
v -0.788086 -0.580078 -0.150000
v -0.839844 -0.732422 -0.150000
v -0.901442 -0.717292 -0.150000
v -0.960910 -0.701850 -0.150000
v -1.018250 -0.686096 -0.150000
v -1.073459 -0.670030 -0.150000
v -1.126539 -0.653653 -0.150000
v -1.177490 -0.636963 -0.150000
v -1.226311 -0.619961 -0.150000
v -1.273003 -0.602647 -0.150000
v -1.317566 -0.585022 -0.150000
v -1.359999 -0.567084 -0.150000
v -1.400302 -0.548835 -0.150000
v -0.843750 0.795898 -0.150000
v -0.803711 0.629883 -0.150000
v -0.868300 0.623677 -0.150000
v -0.930555 0.616781 -0.150000
v -0.990478 0.609192 -0.150000
v -1.048068 0.600911 -0.150000
v -1.103326 0.591939 -0.150000
v -1.156250 0.582275 -0.150000
v -1.206841 0.571920 -0.150000
v -1.255100 0.560872 -0.150000
v -1.301025 0.549133 -0.150000
v -1.344618 0.536702 -0.150000
v -1.385878 0.523580 -0.150000
v -1.424805 0.509766 -0.150000
v -1.519606 0.469170 -0.150000
v -1.608371 0.420627 -0.150000
v -1.691101 0.364136 -0.150000
v -1.767795 0.299696 -0.150000
v -1.838453 0.227309 -0.150000
v -1.903076 0.146973 -0.150000
v -1.961663 0.058689 -0.150000
v -2.014214 -0.037543 -0.150000
v -2.060730 -0.141723 -0.150000
v -2.101210 -0.253852 -0.150000
v -2.135654 -0.373928 -0.150000
v -2.164062 -0.501953 -0.150000
v -2.299804 -0.404297 -0.150000
v -2.283962 -0.333917 -0.150000
v -2.266710 -0.266005 -0.150000
v -2.248047 -0.200562 -0.150000
v -2.227973 -0.137587 -0.150000
v -2.206489 -0.077081 -0.150000
v -2.183594 -0.019043 -0.150000
v -2.159288 0.036526 -0.150000
v -2.133572 0.089627 -0.150000
v -2.106445 0.140259 -0.150000
v -2.077908 0.188422 -0.150000
v -2.047960 0.234117 -0.150000
v -2.016601 0.277344 -0.150000
v -1.980374 0.322503 -0.150000
v -1.942003 0.365533 -0.150000
v -1.901489 0.406433 -0.150000
v -1.858832 0.445204 -0.150000
v -1.814033 0.481845 -0.150000
v -1.767090 0.516357 -0.150000
v -1.718004 0.548740 -0.150000
v -1.666775 0.578993 -0.150000
v -1.613403 0.607117 -0.150000
v -1.557888 0.633111 -0.150000
v -1.500231 0.656976 -0.150000
v -1.440430 0.678711 -0.150000
v -1.401821 0.691162 -0.150000
v -1.361192 0.703125 -0.150000
v -1.318542 0.714600 -0.150000
v -1.273872 0.725586 -0.150000
v -1.227180 0.736084 -0.150000
v -1.178467 0.746094 -0.150000
v -1.127733 0.755615 -0.150000
v -1.074978 0.764648 -0.150000
v -1.020203 0.773193 -0.150000
v -0.963406 0.781250 -0.150000
v -0.904588 0.788818 -0.150000
v 2.083984 -0.322266 -0.150000
v 2.083984 -0.456055 -0.150000
v 0.937500 -0.456055 -0.150000
v 0.937500 0.767578 -0.150000
v 2.129883 0.767578 -0.150000
v 2.129883 0.631836 -0.150000
v 1.085937 0.631836 -0.150000
v 1.085937 0.197266 -0.150000
v 2.043945 0.197266 -0.150000
v 2.043945 0.065430 -0.150000
v 1.085937 0.065430 -0.150000
v 1.085937 -0.322266 -0.150000
v 4.511718 -0.622070 -0.150000
v 4.563476 -0.474609 -0.150000
v 4.604336 -0.493286 -0.150000
v 4.645860 -0.511556 -0.150000
v 4.688049 -0.529419 -0.150000
v 4.730902 -0.546875 -0.150000
v 4.774420 -0.563924 -0.150000
v 4.818603 -0.580566 -0.150000
v 4.863451 -0.596802 -0.150000
v 4.908962 -0.612630 -0.150000
v 4.955139 -0.628052 -0.150000
v 5.001980 -0.643066 -0.150000
v 5.049486 -0.657674 -0.150000
v 5.097656 -0.671875 -0.150000
v 5.047851 -0.812500 -0.150000
v 4.998175 -0.799988 -0.150000
v 4.949408 -0.786865 -0.150000
v 4.901550 -0.773132 -0.150000
v 4.854600 -0.758789 -0.150000
v 4.808559 -0.743835 -0.150000
v 4.763427 -0.728271 -0.150000
v 4.719204 -0.712097 -0.150000
v 4.675889 -0.695312 -0.150000
v 4.633483 -0.677917 -0.150000
v 4.591986 -0.659912 -0.150000
v 4.551398 -0.641296 -0.150000
v 4.709960 -0.124023 -0.150000
v 4.769531 0.023437 -0.150000
v 4.805738 0.007595 -0.150000
v 4.843397 -0.008355 -0.150000
v 4.882507 -0.024414 -0.150000
v 4.923069 -0.040582 -0.150000
v 4.965081 -0.056858 -0.150000
v 5.008545 -0.073242 -0.150000
v 5.053460 -0.089735 -0.150000
v 5.099826 -0.106337 -0.150000
v 5.147644 -0.123047 -0.150000
v 5.196913 -0.139865 -0.150000
v 5.247633 -0.156793 -0.150000
v 5.299804 -0.173828 -0.150000
v 5.240234 -0.320312 -0.150000
v 5.191941 -0.306566 -0.150000
v 5.144395 -0.292345 -0.150000
v 5.097594 -0.277649 -0.150000
v 5.051540 -0.262478 -0.150000
v 5.006231 -0.246833 -0.150000
v 4.961669 -0.230713 -0.150000
v 4.917852 -0.214118 -0.150000
v 4.874782 -0.197049 -0.150000
v 4.832458 -0.179504 -0.150000
v 4.790879 -0.161485 -0.150000
v 4.750047 -0.142992 -0.150000
v 5.125976 0.795898 -0.150000
v 5.171875 0.637695 -0.150000
v 5.113125 0.632494 -0.150000
v 5.056342 0.626655 -0.150000
v 5.001525 0.620178 -0.150000
v 4.948676 0.613064 -0.150000
v 4.897793 0.605313 -0.150000
v 4.848876 0.596924 -0.150000
v 4.801927 0.587897 -0.150000
v 4.756944 0.578233 -0.150000
v 4.713928 0.567932 -0.150000
v 4.672878 0.556993 -0.150000
v 4.633795 0.545417 -0.150000
v 4.596679 0.533203 -0.150000
v 4.536471 0.510261 -0.150000
v 4.478570 0.484402 -0.150000
v 4.422973 0.455627 -0.150000
v 4.369683 0.423937 -0.150000
v 4.318698 0.389330 -0.150000
v 4.270019 0.351807 -0.150000
v 4.223646 0.311367 -0.150000
v 4.179578 0.268012 -0.150000
v 4.137817 0.221741 -0.150000
v 4.098361 0.172553 -0.150000
v 4.061211 0.120449 -0.150000
v 4.026367 0.065430 -0.150000
v 4.004225 0.026889 -0.150000
v 3.983046 -0.013211 -0.150000
v 3.962829 -0.054871 -0.150000
v 3.943576 -0.098090 -0.150000
v 3.925286 -0.142870 -0.150000
v 3.907959 -0.189209 -0.150000
v 3.891595 -0.237108 -0.150000
v 3.876194 -0.286567 -0.150000
v 3.861755 -0.337585 -0.150000
v 3.848280 -0.390164 -0.150000
v 3.835768 -0.444302 -0.150000
v 3.824219 -0.500000 -0.150000
v 3.681640 -0.414062 -0.150000
v 3.696804 -0.348267 -0.150000
v 3.712999 -0.284668 -0.150000
v 3.730224 -0.223267 -0.150000
v 3.748481 -0.164062 -0.150000
v 3.767768 -0.107056 -0.150000
v 3.788086 -0.052246 -0.150000
v 3.809435 0.000366 -0.150000
v 3.831814 0.050781 -0.150000
v 3.855225 0.098999 -0.150000
v 3.879666 0.145020 -0.150000
v 3.905138 0.188843 -0.150000
v 3.931640 0.230469 -0.150000
v 3.965576 0.278537 -0.150000
v 4.001627 0.324436 -0.150000
v 4.039795 0.368164 -0.150000
v 4.080078 0.409722 -0.150000
v 4.122477 0.449110 -0.150000
v 4.166992 0.486328 -0.150000
v 4.213623 0.521376 -0.150000
v 4.262370 0.554253 -0.150000
v 4.313233 0.584961 -0.150000
v 4.366211 0.613498 -0.150000
v 4.421306 0.639865 -0.150000
v 4.478515 0.664062 -0.150000
v 4.520609 0.679748 -0.150000
v 4.564859 0.694580 -0.150000
v 4.611267 0.708557 -0.150000
v 4.659830 0.721680 -0.150000
v 4.710550 0.733948 -0.150000
v 4.763427 0.745361 -0.150000
v 4.818460 0.755920 -0.150000
v 4.875650 0.765625 -0.150000
v 4.934997 0.774475 -0.150000
v 4.996500 0.782471 -0.150000
v 5.060160 0.789612 -0.150000
v 7.603515 -0.616211 -0.150000
v 6.914062 -0.616211 -0.150000
v 6.793945 -0.514648 -0.150000
v 6.812981 -0.417141 -0.150000
v 6.834608 -0.323513 -0.150000
v 6.858826 -0.233765 -0.150000
v 6.885633 -0.147895 -0.150000
v 6.915032 -0.065904 -0.150000
v 6.947021 0.012207 -0.150000
v 6.981601 0.086439 -0.150000
v 7.018771 0.156792 -0.150000
v 7.058532 0.223267 -0.150000
v 7.100884 0.285861 -0.150000
v 7.145826 0.344577 -0.150000
v 7.193359 0.399414 -0.150000
v 7.239617 0.446974 -0.150000
v 7.289198 0.492649 -0.150000
v 7.342102 0.536438 -0.150000
v 7.398329 0.578342 -0.150000
v 7.457879 0.618361 -0.150000
v 7.520751 0.656494 -0.150000
v 7.586947 0.692742 -0.150000
v 7.656466 0.727105 -0.150000
v 7.729309 0.759583 -0.150000
v 7.805474 0.790175 -0.150000
v 7.884962 0.818882 -0.150000
v 7.967773 0.845703 -0.150000
v 8.059569 0.705078 -0.150000
v 7.978983 0.681037 -0.150000
v 7.901611 0.654812 -0.150000
v 7.827453 0.626404 -0.150000
v 7.756510 0.595812 -0.150000
v 7.688781 0.563036 -0.150000
v 7.624267 0.528076 -0.150000
v 7.562967 0.490933 -0.150000
v 7.504882 0.451606 -0.150000
v 7.450012 0.410095 -0.150000
v 7.398355 0.366401 -0.150000
v 7.349914 0.320523 -0.150000
v 7.304687 0.272461 -0.150000
v 7.264465 0.224453 -0.150000
v 7.226480 0.173855 -0.150000
v 7.190734 0.120667 -0.150000
v 7.157226 0.064887 -0.150000
v 7.125956 0.006517 -0.150000
v 7.096923 -0.054443 -0.150000
v 7.070129 -0.117995 -0.150000
v 7.045572 -0.184136 -0.150000
v 7.023254 -0.252869 -0.150000
v 7.003173 -0.324192 -0.150000
v 6.985331 -0.398105 -0.150000
v 6.969726 -0.474609 -0.150000
v 7.683593 -0.474609 -0.150000
v 7.716071 -0.425564 -0.150000
v 7.749701 -0.378038 -0.150000
v 7.784484 -0.332031 -0.150000
v 7.820420 -0.287543 -0.150000
v 7.857509 -0.244575 -0.150000
v 7.895751 -0.203125 -0.150000
v 7.935146 -0.163194 -0.150000
v 7.975694 -0.124783 -0.150000
v 8.017394 -0.087891 -0.150000
v 8.060247 -0.052517 -0.150000
v 8.104254 -0.018663 -0.150000
v 8.149413 0.013672 -0.150000
v 8.263671 -0.100586 -0.150000
v 8.231560 -0.122416 -0.150000
v 8.200330 -0.144613 -0.150000
v 8.169982 -0.167175 -0.150000
v 8.140515 -0.190104 -0.150000
v 8.111931 -0.213399 -0.150000
v 8.084228 -0.237061 -0.150000
v 8.057406 -0.261088 -0.150000
v 8.031466 -0.285482 -0.150000
v 8.006408 -0.310242 -0.150000
v 7.982231 -0.335368 -0.150000
v 7.958936 -0.360860 -0.150000
v 7.936523 -0.386719 -0.150000
v 7.909037 -0.420607 -0.150000
v 7.882568 -0.455539 -0.150000
v 7.857116 -0.491516 -0.150000
v 7.832682 -0.528537 -0.150000
v 7.809265 -0.566603 -0.150000
v 7.786865 -0.605713 -0.150000
v 7.765482 -0.645867 -0.150000
v 7.745117 -0.687066 -0.150000
v 7.725769 -0.729309 -0.150000
v 7.707438 -0.772597 -0.150000
v 7.690124 -0.816929 -0.150000
v 7.673828 -0.862305 -0.150000
v 7.519531 -0.818359 -0.150000
v 7.526231 -0.799947 -0.150000
v 7.532986 -0.781820 -0.150000
v 7.539794 -0.763977 -0.150000
v 7.546658 -0.746419 -0.150000
v 7.553575 -0.729146 -0.150000
v 7.560546 -0.712158 -0.150000
v 7.567572 -0.695455 -0.150000
v 7.574652 -0.679036 -0.150000
v 7.581787 -0.662903 -0.150000
v 7.588975 -0.647054 -0.150000
v 7.596218 -0.631490 -0.150000
v 11.295897 -0.570312 -0.150000
v 11.295897 -0.711914 -0.150000
v 9.773437 -0.711914 -0.150000
v 9.667968 -0.622070 -0.150000
v 9.682948 -0.568692 -0.150000
v 9.699896 -0.517280 -0.150000
v 9.718810 -0.467834 -0.150000
v 9.739691 -0.420356 -0.150000
v 9.762538 -0.374844 -0.150000
v 9.787353 -0.331299 -0.150000
v 9.814134 -0.289720 -0.150000
v 9.842881 -0.250109 -0.150000
v 9.873595 -0.212463 -0.150000
v 9.906276 -0.176785 -0.150000
v 9.940924 -0.143073 -0.150000
v 9.977538 -0.111328 -0.150000
v 9.998643 -0.094611 -0.150000
v 10.020616 -0.078315 -0.150000
v 10.043456 -0.062439 -0.150000
v 10.067164 -0.046984 -0.150000
v 10.091742 -0.031949 -0.150000
v 10.117187 -0.017334 -0.150000
v 10.143499 -0.003140 -0.150000
v 10.170680 0.010634 -0.150000
v 10.198730 0.023987 -0.150000
v 10.227647 0.036919 -0.150000
v 10.257432 0.049432 -0.150000
v 10.288085 0.061523 -0.150000
v 10.381835 -0.058594 -0.150000
v 10.336316 -0.074544 -0.150000
v 10.292534 -0.092122 -0.150000
v 10.250487 -0.111328 -0.150000
v 10.210177 -0.132161 -0.150000
v 10.171603 -0.154622 -0.150000
v 10.134765 -0.178711 -0.150000
v 10.099663 -0.204427 -0.150000
v 10.066297 -0.231771 -0.150000
v 10.034667 -0.260742 -0.150000
v 10.004773 -0.291341 -0.150000
v 9.976616 -0.323568 -0.150000
v 9.950194 -0.357422 -0.150000
v 9.938754 -0.373671 -0.150000
v 9.927870 -0.390191 -0.150000
v 9.917542 -0.406982 -0.150000
v 9.907769 -0.424045 -0.150000
v 9.898553 -0.441379 -0.150000
v 9.889893 -0.458984 -0.150000
v 9.881788 -0.476861 -0.150000
v 9.874240 -0.495009 -0.150000
v 9.867248 -0.513428 -0.150000
v 9.860812 -0.532118 -0.150000
v 9.854933 -0.551080 -0.150000
v 9.849608 -0.570312 -0.150000
v 10.645507 -0.184570 -0.150000
v 10.645507 -0.348633 -0.150000
v 10.488280 -0.348633 -0.150000
v 10.488280 -0.184570 -0.150000
v 10.488803 -0.121908 -0.150000
v 10.490370 -0.061849 -0.150000
v 10.492981 -0.004395 -0.150000
v 10.496636 0.050456 -0.150000
v 10.501336 0.102702 -0.150000
v 10.507080 0.152344 -0.150000
v 10.513868 0.199381 -0.150000
v 10.521701 0.243815 -0.150000
v 10.530578 0.285645 -0.150000
v 10.540500 0.324870 -0.150000
v 10.551466 0.361491 -0.150000
v 10.563476 0.395508 -0.150000
v 10.581718 0.438287 -0.150000
v 10.602918 0.479709 -0.150000
v 10.627074 0.519775 -0.150000
v 10.654187 0.558485 -0.150000
v 10.684258 0.595839 -0.150000
v 10.717284 0.631836 -0.150000
v 10.753268 0.666477 -0.150000
v 10.792209 0.699761 -0.150000
v 10.834105 0.731689 -0.150000
v 10.878960 0.762261 -0.150000
v 10.926770 0.791477 -0.150000
v 10.977538 0.819336 -0.150000
v 11.093749 0.700195 -0.150000
v 11.058708 0.682543 -0.150000
v 11.025200 0.664090 -0.150000
v 10.993224 0.644836 -0.150000
v 10.962781 0.624783 -0.150000
v 10.933870 0.603929 -0.150000
v 10.906492 0.582275 -0.150000
v 10.880648 0.559821 -0.150000
v 10.856336 0.536567 -0.150000
v 10.833556 0.512512 -0.150000
v 10.812309 0.487657 -0.150000
v 10.792595 0.462002 -0.150000
v 10.774413 0.435547 -0.150000
v 10.762857 0.417453 -0.150000
v 10.751952 0.399306 -0.150000
v 10.741698 0.381103 -0.150000
v 10.732096 0.362847 -0.150000
v 10.723144 0.344537 -0.150000
v 10.714843 0.326172 -0.150000
v 10.707193 0.307753 -0.150000
v 10.700194 0.289279 -0.150000
v 10.693847 0.270752 -0.150000
v 10.688150 0.252170 -0.150000
v 10.683105 0.233534 -0.150000
v 10.678710 0.214844 -0.150000
v 10.673407 0.188646 -0.150000
v 10.668565 0.161160 -0.150000
v 10.664184 0.132385 -0.150000
v 10.660264 0.102322 -0.150000
v 10.656805 0.070970 -0.150000
v 10.653808 0.038330 -0.150000
v 10.651271 0.004401 -0.150000
v 10.649196 -0.030816 -0.150000
v 10.647582 -0.067322 -0.150000
v 10.646429 -0.105116 -0.150000
v 10.645738 -0.144199 -0.150000
v 11.295897 -0.570312 -0.150000
v 11.295897 -0.570312 0.150000
v 11.295897 -0.711914 -0.150000
v 11.295897 -0.711914 0.150000
v 9.773437 -0.711914 -0.150000
v 9.773437 -0.711914 0.150000
v 9.667968 -0.622070 -0.150000
v 9.667968 -0.622070 0.150000
v 9.682948 -0.568692 -0.150000
v 9.682948 -0.568692 0.150000
v 9.699896 -0.517280 -0.150000
v 9.699896 -0.517280 0.150000
v 9.718810 -0.467834 -0.150000
v 9.718810 -0.467834 0.150000
v 9.739691 -0.420356 -0.150000
v 9.739691 -0.420356 0.150000
v 9.762538 -0.374844 -0.150000
v 9.762538 -0.374844 0.150000
v 9.787353 -0.331299 -0.150000
v 9.787353 -0.331299 0.150000
v 9.814134 -0.289720 -0.150000
v 9.814134 -0.289720 0.150000
v 9.842881 -0.250109 -0.150000
v 9.842881 -0.250109 0.150000
v 9.873595 -0.212463 -0.150000
v 9.873595 -0.212463 0.150000
v 9.906276 -0.176785 -0.150000
v 9.906276 -0.176785 0.150000
v 9.940924 -0.143073 -0.150000
v 9.940924 -0.143073 0.150000
v 9.977538 -0.111328 -0.150000
v 9.977538 -0.111328 0.150000
v 9.998643 -0.094611 -0.150000
v 9.998643 -0.094611 0.150000
v 10.020616 -0.078315 -0.150000
v 10.020616 -0.078315 0.150000
v 10.043456 -0.062439 -0.150000
v 10.043456 -0.062439 0.150000
v 10.067164 -0.046984 -0.150000
v 10.067164 -0.046984 0.150000
v 10.091742 -0.031949 -0.150000
v 10.091742 -0.031949 0.150000
v 10.117187 -0.017334 -0.150000
v 10.117187 -0.017334 0.150000
v 10.143499 -0.003140 -0.150000
v 10.143499 -0.003140 0.150000
v 10.170680 0.010634 -0.150000
v 10.170680 0.010634 0.150000
v 10.198730 0.023987 -0.150000
v 10.198730 0.023987 0.150000
v 10.227647 0.036919 -0.150000
v 10.227647 0.036919 0.150000
v 10.257432 0.049432 -0.150000
v 10.257432 0.049432 0.150000
v 10.288085 0.061523 -0.150000
v 10.288085 0.061523 0.150000
v 10.381835 -0.058594 -0.150000
v 10.381835 -0.058594 0.150000
v 10.336316 -0.074544 -0.150000
v 10.336316 -0.074544 0.150000
v 10.292534 -0.092122 -0.150000
v 10.292534 -0.092122 0.150000
v 10.250487 -0.111328 -0.150000
v 10.250487 -0.111328 0.150000
v 10.210177 -0.132161 -0.150000
v 10.210177 -0.132161 0.150000
v 10.171603 -0.154622 -0.150000
v 10.171603 -0.154622 0.150000
v 10.134765 -0.178711 -0.150000
v 10.134765 -0.178711 0.150000
v 10.099663 -0.204427 -0.150000
v 10.099663 -0.204427 0.150000
v 10.066297 -0.231771 -0.150000
v 10.066297 -0.231771 0.150000
v 10.034667 -0.260742 -0.150000
v 10.034667 -0.260742 0.150000
v 10.004773 -0.291341 -0.150000
v 10.004773 -0.291341 0.150000
v 9.976616 -0.323568 -0.150000
v 9.976616 -0.323568 0.150000
v 9.950194 -0.357422 -0.150000
v 9.950194 -0.357422 0.150000
v 9.938754 -0.373671 -0.150000
v 9.938754 -0.373671 0.150000
v 9.927870 -0.390191 -0.150000
v 9.927870 -0.390191 0.150000
v 9.917542 -0.406982 -0.150000
v 9.917542 -0.406982 0.150000
v 9.907769 -0.424045 -0.150000
v 9.907769 -0.424045 0.150000
v 9.898553 -0.441379 -0.150000
v 9.898553 -0.441379 0.150000
v 9.889893 -0.458984 -0.150000
v 9.889893 -0.458984 0.150000
v 9.881788 -0.476861 -0.150000
v 9.881788 -0.476861 0.150000
v 9.874240 -0.495009 -0.150000
v 9.874240 -0.495009 0.150000
v 9.867248 -0.513428 -0.150000
v 9.867248 -0.513428 0.150000
v 9.860812 -0.532118 -0.150000
v 9.860812 -0.532118 0.150000
v 9.854933 -0.551080 -0.150000
v 9.854933 -0.551080 0.150000
v 9.849608 -0.570312 -0.150000
v 9.849608 -0.570312 0.150000
v 10.645507 -0.184570 -0.150000
v 10.645507 -0.184570 0.150000
v 10.645507 -0.348633 -0.150000
v 10.645507 -0.348633 0.150000
v 10.488280 -0.348633 -0.150000
v 10.488280 -0.348633 0.150000
v 10.488280 -0.184570 -0.150000
v 10.488280 -0.184570 0.150000
v 10.488803 -0.121908 -0.150000
v 10.488803 -0.121908 0.150000
v 10.490370 -0.061849 -0.150000
v 10.490370 -0.061849 0.150000
v 10.492981 -0.004395 -0.150000
v 10.492981 -0.004395 0.150000
v 10.496636 0.050456 -0.150000
v 10.496636 0.050456 0.150000
v 10.501336 0.102702 -0.150000
v 10.501336 0.102702 0.150000
v 10.507080 0.152344 -0.150000
v 10.507080 0.152344 0.150000
v 10.513868 0.199381 -0.150000
v 10.513868 0.199381 0.150000
v 10.521701 0.243815 -0.150000
v 10.521701 0.243815 0.150000
v 10.530578 0.285645 -0.150000
v 10.530578 0.285645 0.150000
v 10.540500 0.324870 -0.150000
v 10.540500 0.324870 0.150000
v 10.551466 0.361491 -0.150000
v 10.551466 0.361491 0.150000
v 10.563476 0.395508 -0.150000
v 10.563476 0.395508 0.150000
v 10.581718 0.438287 -0.150000
v 10.581718 0.438287 0.150000
v 10.602918 0.479709 -0.150000
v 10.602918 0.479709 0.150000
v 10.627074 0.519775 -0.150000
v 10.627074 0.519775 0.150000
v 10.654187 0.558485 -0.150000
v 10.654187 0.558485 0.150000
v 10.684258 0.595839 -0.150000
v 10.684258 0.595839 0.150000
v 10.717284 0.631836 -0.150000
v 10.717284 0.631836 0.150000
v 10.753268 0.666477 -0.150000
v 10.753268 0.666477 0.150000
v 10.792209 0.699761 -0.150000
v 10.792209 0.699761 0.150000
v 10.834105 0.731689 -0.150000
v 10.834105 0.731689 0.150000
v 10.878960 0.762261 -0.150000
v 10.878960 0.762261 0.150000
v 10.926770 0.791477 -0.150000
v 10.926770 0.791477 0.150000
v 10.977538 0.819336 -0.150000
v 10.977538 0.819336 0.150000
v 11.093749 0.700195 -0.150000
v 11.093749 0.700195 0.150000
v 11.058708 0.682543 -0.150000
v 11.058708 0.682543 0.150000
v 11.025200 0.664090 -0.150000
v 11.025200 0.664090 0.150000
v 10.993224 0.644836 -0.150000
v 10.993224 0.644836 0.150000
v 10.962781 0.624783 -0.150000
v 10.962781 0.624783 0.150000
v 10.933870 0.603929 -0.150000
v 10.933870 0.603929 0.150000
v 10.906492 0.582275 -0.150000
v 10.906492 0.582275 0.150000
v 10.880648 0.559821 -0.150000
v 10.880648 0.559821 0.150000
v 10.856336 0.536567 -0.150000
v 10.856336 0.536567 0.150000
v 10.833556 0.512512 -0.150000
v 10.833556 0.512512 0.150000
v 10.812309 0.487657 -0.150000
v 10.812309 0.487657 0.150000
v 10.792595 0.462002 -0.150000
v 10.792595 0.462002 0.150000
v 10.774413 0.435547 -0.150000
v 10.774413 0.435547 0.150000
v 10.762857 0.417453 -0.150000
v 10.762857 0.417453 0.150000
v 10.751952 0.399306 -0.150000
v 10.751952 0.399306 0.150000
v 10.741698 0.381103 -0.150000
v 10.741698 0.381103 0.150000
v 10.732096 0.362847 -0.150000
v 10.732096 0.362847 0.150000
v 10.723144 0.344537 -0.150000
v 10.723144 0.344537 0.150000
v 10.714843 0.326172 -0.150000
v 10.714843 0.326172 0.150000
v 10.707193 0.307753 -0.150000
v 10.707193 0.307753 0.150000
v 10.700194 0.289279 -0.150000
v 10.700194 0.289279 0.150000
v 10.693847 0.270752 -0.150000
v 10.693847 0.270752 0.150000
v 10.688150 0.252170 -0.150000
v 10.688150 0.252170 0.150000
v 10.683105 0.233534 -0.150000
v 10.683105 0.233534 0.150000
v 10.678710 0.214844 -0.150000
v 10.678710 0.214844 0.150000
v 10.673407 0.188646 -0.150000
v 10.673407 0.188646 0.150000
v 10.668565 0.161160 -0.150000
v 10.668565 0.161160 0.150000
v 10.664184 0.132385 -0.150000
v 10.664184 0.132385 0.150000
v 10.660264 0.102322 -0.150000
v 10.660264 0.102322 0.150000
v 10.656805 0.070970 -0.150000
v 10.656805 0.070970 0.150000
v 10.653808 0.038330 -0.150000
v 10.653808 0.038330 0.150000
v 10.651271 0.004401 -0.150000
v 10.651271 0.004401 0.150000
v 10.649196 -0.030816 -0.150000
v 10.649196 -0.030816 0.150000
v 10.647582 -0.067322 -0.150000
v 10.647582 -0.067322 0.150000
v 10.646429 -0.105116 -0.150000
v 10.646429 -0.105116 0.150000
v 10.645738 -0.144199 -0.150000
v 10.645738 -0.144199 0.150000
v 7.603515 -0.616211 -0.150000
v 7.603515 -0.616211 0.150000
v 6.914062 -0.616211 -0.150000
v 6.914062 -0.616211 0.150000
v 6.793945 -0.514648 -0.150000
v 6.793945 -0.514648 0.150000
v 6.812981 -0.417141 -0.150000
v 6.812981 -0.417141 0.150000
v 6.834608 -0.323513 -0.150000
v 6.834608 -0.323513 0.150000
v 6.858826 -0.233765 -0.150000
v 6.858826 -0.233765 0.150000
v 6.885633 -0.147895 -0.150000
v 6.885633 -0.147895 0.150000
v 6.915032 -0.065904 -0.150000
v 6.915032 -0.065904 0.150000
v 6.947021 0.012207 -0.150000
v 6.947021 0.012207 0.150000
v 6.981601 0.086439 -0.150000
v 6.981601 0.086439 0.150000
v 7.018771 0.156792 -0.150000
v 7.018771 0.156792 0.150000
v 7.058532 0.223267 -0.150000
v 7.058532 0.223267 0.150000
v 7.100884 0.285861 -0.150000
v 7.100884 0.285861 0.150000
v 7.145826 0.344577 -0.150000
v 7.145826 0.344577 0.150000
v 7.193359 0.399414 -0.150000
v 7.193359 0.399414 0.150000
v 7.239617 0.446974 -0.150000
v 7.239617 0.446974 0.150000
v 7.289198 0.492649 -0.150000
v 7.289198 0.492649 0.150000
v 7.342102 0.536438 -0.150000
v 7.342102 0.536438 0.150000
v 7.398329 0.578342 -0.150000
v 7.398329 0.578342 0.150000
v 7.457879 0.618361 -0.150000
v 7.457879 0.618361 0.150000
v 7.520751 0.656494 -0.150000
v 7.520751 0.656494 0.150000
v 7.586947 0.692742 -0.150000
v 7.586947 0.692742 0.150000
v 7.656466 0.727105 -0.150000
v 7.656466 0.727105 0.150000
v 7.729309 0.759583 -0.150000
v 7.729309 0.759583 0.150000
v 7.805474 0.790175 -0.150000
v 7.805474 0.790175 0.150000
v 7.884962 0.818882 -0.150000
v 7.884962 0.818882 0.150000
v 7.967773 0.845703 -0.150000
v 7.967773 0.845703 0.150000
v 8.059569 0.705078 -0.150000
v 8.059569 0.705078 0.150000
v 7.978983 0.681037 -0.150000
v 7.978983 0.681037 0.150000
v 7.901611 0.654812 -0.150000
v 7.901611 0.654812 0.150000
v 7.827453 0.626404 -0.150000
v 7.827453 0.626404 0.150000
v 7.756510 0.595812 -0.150000
v 7.756510 0.595812 0.150000
v 7.688781 0.563036 -0.150000
v 7.688781 0.563036 0.150000
v 7.624267 0.528076 -0.150000
v 7.624267 0.528076 0.150000
v 7.562967 0.490933 -0.150000
v 7.562967 0.490933 0.150000
v 7.504882 0.451606 -0.150000
v 7.504882 0.451606 0.150000
v 7.450012 0.410095 -0.150000
v 7.450012 0.410095 0.150000
v 7.398355 0.366401 -0.150000
v 7.398355 0.366401 0.150000
v 7.349914 0.320523 -0.150000
v 7.349914 0.320523 0.150000
v 7.304687 0.272461 -0.150000
v 7.304687 0.272461 0.150000
v 7.264465 0.224453 -0.150000
v 7.264465 0.224453 0.150000
v 7.226480 0.173855 -0.150000
v 7.226480 0.173855 0.150000
v 7.190734 0.120667 -0.150000
v 7.190734 0.120667 0.150000
v 7.157226 0.064887 -0.150000
v 7.157226 0.064887 0.150000
v 7.125956 0.006517 -0.150000
v 7.125956 0.006517 0.150000
v 7.096923 -0.054443 -0.150000
v 7.096923 -0.054443 0.150000
v 7.070129 -0.117995 -0.150000
v 7.070129 -0.117995 0.150000
v 7.045572 -0.184136 -0.150000
v 7.045572 -0.184136 0.150000
v 7.023254 -0.252869 -0.150000
v 7.023254 -0.252869 0.150000
v 7.003173 -0.324192 -0.150000
v 7.003173 -0.324192 0.150000
v 6.985331 -0.398105 -0.150000
v 6.985331 -0.398105 0.150000
v 6.969726 -0.474609 -0.150000
v 6.969726 -0.474609 0.150000
v 7.683593 -0.474609 -0.150000
v 7.683593 -0.474609 0.150000
v 7.716071 -0.425564 -0.150000
v 7.716071 -0.425564 0.150000
v 7.749701 -0.378038 -0.150000
v 7.749701 -0.378038 0.150000
v 7.784484 -0.332031 -0.150000
v 7.784484 -0.332031 0.150000
v 7.820420 -0.287543 -0.150000
v 7.820420 -0.287543 0.150000
v 7.857509 -0.244575 -0.150000
v 7.857509 -0.244575 0.150000
v 7.895751 -0.203125 -0.150000
v 7.895751 -0.203125 0.150000
v 7.935146 -0.163194 -0.150000
v 7.935146 -0.163194 0.150000
v 7.975694 -0.124783 -0.150000
v 7.975694 -0.124783 0.150000
v 8.017394 -0.087891 -0.150000
v 8.017394 -0.087891 0.150000
v 8.060247 -0.052517 -0.150000
v 8.060247 -0.052517 0.150000
v 8.104254 -0.018663 -0.150000
v 8.104254 -0.018663 0.150000
v 8.149413 0.013672 -0.150000
v 8.149413 0.013672 0.150000
v 8.263671 -0.100586 -0.150000
v 8.263671 -0.100586 0.150000
v 8.231560 -0.122416 -0.150000
v 8.231560 -0.122416 0.150000
v 8.200330 -0.144613 -0.150000
v 8.200330 -0.144613 0.150000
v 8.169982 -0.167175 -0.150000
v 8.169982 -0.167175 0.150000
v 8.140515 -0.190104 -0.150000
v 8.140515 -0.190104 0.150000
v 8.111931 -0.213399 -0.150000
v 8.111931 -0.213399 0.150000
v 8.084228 -0.237061 -0.150000
v 8.084228 -0.237061 0.150000
v 8.057406 -0.261088 -0.150000
v 8.057406 -0.261088 0.150000
v 8.031466 -0.285482 -0.150000
v 8.031466 -0.285482 0.150000
v 8.006408 -0.310242 -0.150000
v 8.006408 -0.310242 0.150000
v 7.982231 -0.335368 -0.150000
v 7.982231 -0.335368 0.150000
v 7.958936 -0.360860 -0.150000
v 7.958936 -0.360860 0.150000
v 7.936523 -0.386719 -0.150000
v 7.936523 -0.386719 0.150000
v 7.909037 -0.420607 -0.150000
v 7.909037 -0.420607 0.150000
v 7.882568 -0.455539 -0.150000
v 7.882568 -0.455539 0.150000
v 7.857116 -0.491516 -0.150000
v 7.857116 -0.491516 0.150000
v 7.832682 -0.528537 -0.150000
v 7.832682 -0.528537 0.150000
v 7.809265 -0.566603 -0.150000
v 7.809265 -0.566603 0.150000
v 7.786865 -0.605713 -0.150000
v 7.786865 -0.605713 0.150000
v 7.765482 -0.645867 -0.150000
v 7.765482 -0.645867 0.150000
v 7.745117 -0.687066 -0.150000
v 7.745117 -0.687066 0.150000
v 7.725769 -0.729309 -0.150000
v 7.725769 -0.729309 0.150000
v 7.707438 -0.772597 -0.150000
v 7.707438 -0.772597 0.150000
v 7.690124 -0.816929 -0.150000
v 7.690124 -0.816929 0.150000
v 7.673828 -0.862305 -0.150000
v 7.673828 -0.862305 0.150000
v 7.519531 -0.818359 -0.150000
v 7.519531 -0.818359 0.150000
v 7.526231 -0.799947 -0.150000
v 7.526231 -0.799947 0.150000
v 7.532986 -0.781820 -0.150000
v 7.532986 -0.781820 0.150000
v 7.539794 -0.763977 -0.150000
v 7.539794 -0.763977 0.150000
v 7.546658 -0.746419 -0.150000
v 7.546658 -0.746419 0.150000
v 7.553575 -0.729146 -0.150000
v 7.553575 -0.729146 0.150000
v 7.560546 -0.712158 -0.150000
v 7.560546 -0.712158 0.150000
v 7.567572 -0.695455 -0.150000
v 7.567572 -0.695455 0.150000
v 7.574652 -0.679036 -0.150000
v 7.574652 -0.679036 0.150000
v 7.581787 -0.662903 -0.150000
v 7.581787 -0.662903 0.150000
v 7.588975 -0.647054 -0.150000
v 7.588975 -0.647054 0.150000
v 7.596218 -0.631490 -0.150000
v 7.596218 -0.631490 0.150000
v 4.511718 -0.622070 -0.150000
v 4.511718 -0.622070 0.150000
v 4.563476 -0.474609 -0.150000
v 4.563476 -0.474609 0.150000
v 4.604336 -0.493286 -0.150000
v 4.604336 -0.493286 0.150000
v 4.645860 -0.511556 -0.150000
v 4.645860 -0.511556 0.150000
v 4.688049 -0.529419 -0.150000
v 4.688049 -0.529419 0.150000
v 4.730902 -0.546875 -0.150000
v 4.730902 -0.546875 0.150000
v 4.774420 -0.563924 -0.150000
v 4.774420 -0.563924 0.150000
v 4.818603 -0.580566 -0.150000
v 4.818603 -0.580566 0.150000
v 4.863451 -0.596802 -0.150000
v 4.863451 -0.596802 0.150000
v 4.908962 -0.612630 -0.150000
v 4.908962 -0.612630 0.150000
v 4.955139 -0.628052 -0.150000
v 4.955139 -0.628052 0.150000
v 5.001980 -0.643066 -0.150000
v 5.001980 -0.643066 0.150000
v 5.049486 -0.657674 -0.150000
v 5.049486 -0.657674 0.150000
v 5.097656 -0.671875 -0.150000
v 5.097656 -0.671875 0.150000
v 5.047851 -0.812500 -0.150000
v 5.047851 -0.812500 0.150000
v 4.998175 -0.799988 -0.150000
v 4.998175 -0.799988 0.150000
v 4.949408 -0.786865 -0.150000
v 4.949408 -0.786865 0.150000
v 4.901550 -0.773132 -0.150000
v 4.901550 -0.773132 0.150000
v 4.854600 -0.758789 -0.150000
v 4.854600 -0.758789 0.150000
v 4.808559 -0.743835 -0.150000
v 4.808559 -0.743835 0.150000
v 4.763427 -0.728271 -0.150000
v 4.763427 -0.728271 0.150000
v 4.719204 -0.712097 -0.150000
v 4.719204 -0.712097 0.150000
v 4.675889 -0.695312 -0.150000
v 4.675889 -0.695312 0.150000
v 4.633483 -0.677917 -0.150000
v 4.633483 -0.677917 0.150000
v 4.591986 -0.659912 -0.150000
v 4.591986 -0.659912 0.150000
v 4.551398 -0.641296 -0.150000
v 4.551398 -0.641296 0.150000
v 4.709960 -0.124023 -0.150000
v 4.709960 -0.124023 0.150000
v 4.769531 0.023437 -0.150000
v 4.769531 0.023437 0.150000
v 4.805738 0.007595 -0.150000
v 4.805738 0.007595 0.150000
v 4.843397 -0.008355 -0.150000
v 4.843397 -0.008355 0.150000
v 4.882507 -0.024414 -0.150000
v 4.882507 -0.024414 0.150000
v 4.923069 -0.040582 -0.150000
v 4.923069 -0.040582 0.150000
v 4.965081 -0.056858 -0.150000
v 4.965081 -0.056858 0.150000
v 5.008545 -0.073242 -0.150000
v 5.008545 -0.073242 0.150000
v 5.053460 -0.089735 -0.150000
v 5.053460 -0.089735 0.150000
v 5.099826 -0.106337 -0.150000
v 5.099826 -0.106337 0.150000
v 5.147644 -0.123047 -0.150000
v 5.147644 -0.123047 0.150000
v 5.196913 -0.139865 -0.150000
v 5.196913 -0.139865 0.150000
v 5.247633 -0.156793 -0.150000
v 5.247633 -0.156793 0.150000
v 5.299804 -0.173828 -0.150000
v 5.299804 -0.173828 0.150000
v 5.240234 -0.320312 -0.150000
v 5.240234 -0.320312 0.150000
v 5.191941 -0.306566 -0.150000
v 5.191941 -0.306566 0.150000
v 5.144395 -0.292345 -0.150000
v 5.144395 -0.292345 0.150000
v 5.097594 -0.277649 -0.150000
v 5.097594 -0.277649 0.150000
v 5.051540 -0.262478 -0.150000
v 5.051540 -0.262478 0.150000
v 5.006231 -0.246833 -0.150000
v 5.006231 -0.246833 0.150000
v 4.961669 -0.230713 -0.150000
v 4.961669 -0.230713 0.150000
v 4.917852 -0.214118 -0.150000
v 4.917852 -0.214118 0.150000
v 4.874782 -0.197049 -0.150000
v 4.874782 -0.197049 0.150000
v 4.832458 -0.179504 -0.150000
v 4.832458 -0.179504 0.150000
v 4.790879 -0.161485 -0.150000
v 4.790879 -0.161485 0.150000
v 4.750047 -0.142992 -0.150000
v 4.750047 -0.142992 0.150000
v 5.125976 0.795898 -0.150000
v 5.125976 0.795898 0.150000
v 5.171875 0.637695 -0.150000
v 5.171875 0.637695 0.150000
v 5.113125 0.632494 -0.150000
v 5.113125 0.632494 0.150000
v 5.056342 0.626655 -0.150000
v 5.056342 0.626655 0.150000
v 5.001525 0.620178 -0.150000
v 5.001525 0.620178 0.150000
v 4.948676 0.613064 -0.150000
v 4.948676 0.613064 0.150000
v 4.897793 0.605313 -0.150000
v 4.897793 0.605313 0.150000
v 4.848876 0.596924 -0.150000
v 4.848876 0.596924 0.150000
v 4.801927 0.587897 -0.150000
v 4.801927 0.587897 0.150000
v 4.756944 0.578233 -0.150000
v 4.756944 0.578233 0.150000
v 4.713928 0.567932 -0.150000
v 4.713928 0.567932 0.150000
v 4.672878 0.556993 -0.150000
v 4.672878 0.556993 0.150000
v 4.633795 0.545417 -0.150000
v 4.633795 0.545417 0.150000
v 4.596679 0.533203 -0.150000
v 4.596679 0.533203 0.150000
v 4.536471 0.510261 -0.150000
v 4.536471 0.510261 0.150000
v 4.478570 0.484402 -0.150000
v 4.478570 0.484402 0.150000
v 4.422973 0.455627 -0.150000
v 4.422973 0.455627 0.150000
v 4.369683 0.423937 -0.150000
v 4.369683 0.423937 0.150000
v 4.318698 0.389330 -0.150000
v 4.318698 0.389330 0.150000
v 4.270019 0.351807 -0.150000
v 4.270019 0.351807 0.150000
v 4.223646 0.311367 -0.150000
v 4.223646 0.311367 0.150000
v 4.179578 0.268012 -0.150000
v 4.179578 0.268012 0.150000
v 4.137817 0.221741 -0.150000
v 4.137817 0.221741 0.150000
v 4.098361 0.172553 -0.150000
v 4.098361 0.172553 0.150000
v 4.061211 0.120449 -0.150000
v 4.061211 0.120449 0.150000
v 4.026367 0.065430 -0.150000
v 4.026367 0.065430 0.150000
v 4.004225 0.026889 -0.150000
v 4.004225 0.026889 0.150000
v 3.983046 -0.013211 -0.150000
v 3.983046 -0.013211 0.150000
v 3.962829 -0.054871 -0.150000
v 3.962829 -0.054871 0.150000
v 3.943576 -0.098090 -0.150000
v 3.943576 -0.098090 0.150000
v 3.925286 -0.142870 -0.150000
v 3.925286 -0.142870 0.150000
v 3.907959 -0.189209 -0.150000
v 3.907959 -0.189209 0.150000
v 3.891595 -0.237108 -0.150000
v 3.891595 -0.237108 0.150000
v 3.876194 -0.286567 -0.150000
v 3.876194 -0.286567 0.150000
v 3.861755 -0.337585 -0.150000
v 3.861755 -0.337585 0.150000
v 3.848280 -0.390164 -0.150000
v 3.848280 -0.390164 0.150000
v 3.835768 -0.444302 -0.150000
v 3.835768 -0.444302 0.150000
v 3.824219 -0.500000 -0.150000
v 3.824219 -0.500000 0.150000
v 3.681640 -0.414062 -0.150000
v 3.681640 -0.414062 0.150000
v 3.696804 -0.348267 -0.150000
v 3.696804 -0.348267 0.150000
v 3.712999 -0.284668 -0.150000
v 3.712999 -0.284668 0.150000
v 3.730224 -0.223267 -0.150000
v 3.730224 -0.223267 0.150000
v 3.748481 -0.164062 -0.150000
v 3.748481 -0.164062 0.150000
v 3.767768 -0.107056 -0.150000
v 3.767768 -0.107056 0.150000
v 3.788086 -0.052246 -0.150000
v 3.788086 -0.052246 0.150000
v 3.809435 0.000366 -0.150000
v 3.809435 0.000366 0.150000
v 3.831814 0.050781 -0.150000
v 3.831814 0.050781 0.150000
v 3.855225 0.098999 -0.150000
v 3.855225 0.098999 0.150000
v 3.879666 0.145020 -0.150000
v 3.879666 0.145020 0.150000
v 3.905138 0.188843 -0.150000
v 3.905138 0.188843 0.150000
v 3.931640 0.230469 -0.150000
v 3.931640 0.230469 0.150000
v 3.965576 0.278537 -0.150000
v 3.965576 0.278537 0.150000
v 4.001627 0.324436 -0.150000
v 4.001627 0.324436 0.150000
v 4.039795 0.368164 -0.150000
v 4.039795 0.368164 0.150000
v 4.080078 0.409722 -0.150000
v 4.080078 0.409722 0.150000
v 4.122477 0.449110 -0.150000
v 4.122477 0.449110 0.150000
v 4.166992 0.486328 -0.150000
v 4.166992 0.486328 0.150000
v 4.213623 0.521376 -0.150000
v 4.213623 0.521376 0.150000
v 4.262370 0.554253 -0.150000
v 4.262370 0.554253 0.150000
v 4.313233 0.584961 -0.150000
v 4.313233 0.584961 0.150000
v 4.366211 0.613498 -0.150000
v 4.366211 0.613498 0.150000
v 4.421306 0.639865 -0.150000
v 4.421306 0.639865 0.150000
v 4.478515 0.664062 -0.150000
v 4.478515 0.664062 0.150000
v 4.520609 0.679748 -0.150000
v 4.520609 0.679748 0.150000
v 4.564859 0.694580 -0.150000
v 4.564859 0.694580 0.150000
v 4.611267 0.708557 -0.150000
v 4.611267 0.708557 0.150000
v 4.659830 0.721680 -0.150000
v 4.659830 0.721680 0.150000
v 4.710550 0.733948 -0.150000
v 4.710550 0.733948 0.150000
v 4.763427 0.745361 -0.150000
v 4.763427 0.745361 0.150000
v 4.818460 0.755920 -0.150000
v 4.818460 0.755920 0.150000
v 4.875650 0.765625 -0.150000
v 4.875650 0.765625 0.150000
v 4.934997 0.774475 -0.150000
v 4.934997 0.774475 0.150000
v 4.996500 0.782471 -0.150000
v 4.996500 0.782471 0.150000
v 5.060160 0.789612 -0.150000
v 5.060160 0.789612 0.150000
v 2.083984 -0.322266 -0.150000
v 2.083984 -0.322266 0.150000
v 2.083984 -0.456055 -0.150000
v 2.083984 -0.456055 0.150000
v 0.937500 -0.456055 -0.150000
v 0.937500 -0.456055 0.150000
v 0.937500 0.767578 -0.150000
v 0.937500 0.767578 0.150000
v 2.129883 0.767578 -0.150000
v 2.129883 0.767578 0.150000
v 2.129883 0.631836 -0.150000
v 2.129883 0.631836 0.150000
v 1.085937 0.631836 -0.150000
v 1.085937 0.631836 0.150000
v 1.085937 0.197266 -0.150000
v 1.085937 0.197266 0.150000
v 2.043945 0.197266 -0.150000
v 2.043945 0.197266 0.150000
v 2.043945 0.065430 -0.150000
v 2.043945 0.065430 0.150000
v 1.085937 0.065430 -0.150000
v 1.085937 0.065430 0.150000
v 1.085937 -0.322266 -0.150000
v 1.085937 -0.322266 0.150000
v -1.438476 -0.530273 -0.150000
v -1.438476 -0.530273 0.150000
v -1.381836 -0.376953 -0.150000
v -1.381836 -0.376953 0.150000
v -1.335042 -0.397759 -0.150000
v -1.335042 -0.397759 0.150000
v -1.287760 -0.417860 -0.150000
v -1.287760 -0.417860 0.150000
v -1.239990 -0.437256 -0.150000
v -1.239990 -0.437256 0.150000
v -1.191732 -0.455946 -0.150000
v -1.191732 -0.455946 0.150000
v -1.142985 -0.473931 -0.150000
v -1.142985 -0.473931 0.150000
v -1.093750 -0.491211 -0.150000
v -1.093750 -0.491211 0.150000
v -1.044027 -0.507785 -0.150000
v -1.044027 -0.507785 0.150000
v -0.993815 -0.523654 -0.150000
v -0.993815 -0.523654 0.150000
v -0.943115 -0.538818 -0.150000
v -0.943115 -0.538818 0.150000
v -0.891927 -0.553277 -0.150000
v -0.891927 -0.553277 0.150000
v -0.840251 -0.567030 -0.150000
v -0.840251 -0.567030 0.150000
v -0.788086 -0.580078 -0.150000
v -0.788086 -0.580078 0.150000
v -0.839844 -0.732422 -0.150000
v -0.839844 -0.732422 0.150000
v -0.901442 -0.717292 -0.150000
v -0.901442 -0.717292 0.150000
v -0.960910 -0.701850 -0.150000
v -0.960910 -0.701850 0.150000
v -1.018250 -0.686096 -0.150000
v -1.018250 -0.686096 0.150000
v -1.073459 -0.670030 -0.150000
v -1.073459 -0.670030 0.150000
v -1.126539 -0.653653 -0.150000
v -1.126539 -0.653653 0.150000
v -1.177490 -0.636963 -0.150000
v -1.177490 -0.636963 0.150000
v -1.226311 -0.619961 -0.150000
v -1.226311 -0.619961 0.150000
v -1.273003 -0.602647 -0.150000
v -1.273003 -0.602647 0.150000
v -1.317566 -0.585022 -0.150000
v -1.317566 -0.585022 0.150000
v -1.359999 -0.567084 -0.150000
v -1.359999 -0.567084 0.150000
v -1.400302 -0.548835 -0.150000
v -1.400302 -0.548835 0.150000
v -0.843750 0.795898 -0.150000
v -0.843750 0.795898 0.150000
v -0.803711 0.629883 -0.150000
v -0.803711 0.629883 0.150000
v -0.868300 0.623677 -0.150000
v -0.868300 0.623677 0.150000
v -0.930555 0.616781 -0.150000
v -0.930555 0.616781 0.150000
v -0.990478 0.609192 -0.150000
v -0.990478 0.609192 0.150000
v -1.048068 0.600911 -0.150000
v -1.048068 0.600911 0.150000
v -1.103326 0.591939 -0.150000
v -1.103326 0.591939 0.150000
v -1.156250 0.582275 -0.150000
v -1.156250 0.582275 0.150000
v -1.206841 0.571920 -0.150000
v -1.206841 0.571920 0.150000
v -1.255100 0.560872 -0.150000
v -1.255100 0.560872 0.150000
v -1.301025 0.549133 -0.150000
v -1.301025 0.549133 0.150000
v -1.344618 0.536702 -0.150000
v -1.344618 0.536702 0.150000
v -1.385878 0.523580 -0.150000
v -1.385878 0.523580 0.150000
v -1.424805 0.509766 -0.150000
v -1.424805 0.509766 0.150000
v -1.519606 0.469170 -0.150000
v -1.519606 0.469170 0.150000
v -1.608371 0.420627 -0.150000
v -1.608371 0.420627 0.150000
v -1.691101 0.364136 -0.150000
v -1.691101 0.364136 0.150000
v -1.767795 0.299696 -0.150000
v -1.767795 0.299696 0.150000
v -1.838453 0.227309 -0.150000
v -1.838453 0.227309 0.150000
v -1.903076 0.146973 -0.150000
v -1.903076 0.146973 0.150000
v -1.961663 0.058689 -0.150000
v -1.961663 0.058689 0.150000
v -2.014214 -0.037543 -0.150000
v -2.014214 -0.037543 0.150000
v -2.060730 -0.141723 -0.150000
v -2.060730 -0.141723 0.150000
v -2.101210 -0.253852 -0.150000
v -2.101210 -0.253852 0.150000
v -2.135654 -0.373928 -0.150000
v -2.135654 -0.373928 0.150000
v -2.164062 -0.501953 -0.150000
v -2.164062 -0.501953 0.150000
v -2.299804 -0.404297 -0.150000
v -2.299804 -0.404297 0.150000
v -2.283962 -0.333917 -0.150000
v -2.283962 -0.333917 0.150000
v -2.266710 -0.266005 -0.150000
v -2.266710 -0.266005 0.150000
v -2.248047 -0.200562 -0.150000
v -2.248047 -0.200562 0.150000
v -2.227973 -0.137587 -0.150000
v -2.227973 -0.137587 0.150000
v -2.206489 -0.077081 -0.150000
v -2.206489 -0.077081 0.150000
v -2.183594 -0.019043 -0.150000
v -2.183594 -0.019043 0.150000
v -2.159288 0.036526 -0.150000
v -2.159288 0.036526 0.150000
v -2.133572 0.089627 -0.150000
v -2.133572 0.089627 0.150000
v -2.106445 0.140259 -0.150000
v -2.106445 0.140259 0.150000
v -2.077908 0.188422 -0.150000
v -2.077908 0.188422 0.150000
v -2.047960 0.234117 -0.150000
v -2.047960 0.234117 0.150000
v -2.016601 0.277344 -0.150000
v -2.016601 0.277344 0.150000
v -1.980374 0.322503 -0.150000
v -1.980374 0.322503 0.150000
v -1.942003 0.365533 -0.150000
v -1.942003 0.365533 0.150000
v -1.901489 0.406433 -0.150000
v -1.901489 0.406433 0.150000
v -1.858832 0.445204 -0.150000
v -1.858832 0.445204 0.150000
v -1.814033 0.481845 -0.150000
v -1.814033 0.481845 0.150000
v -1.767090 0.516357 -0.150000
v -1.767090 0.516357 0.150000
v -1.718004 0.548740 -0.150000
v -1.718004 0.548740 0.150000
v -1.666775 0.578993 -0.150000
v -1.666775 0.578993 0.150000
v -1.613403 0.607117 -0.150000
v -1.613403 0.607117 0.150000
v -1.557888 0.633111 -0.150000
v -1.557888 0.633111 0.150000
v -1.500231 0.656976 -0.150000
v -1.500231 0.656976 0.150000
v -1.440430 0.678711 -0.150000
v -1.440430 0.678711 0.150000
v -1.401821 0.691162 -0.150000
v -1.401821 0.691162 0.150000
v -1.361192 0.703125 -0.150000
v -1.361192 0.703125 0.150000
v -1.318542 0.714600 -0.150000
v -1.318542 0.714600 0.150000
v -1.273872 0.725586 -0.150000
v -1.273872 0.725586 0.150000
v -1.227180 0.736084 -0.150000
v -1.227180 0.736084 0.150000
v -1.178467 0.746094 -0.150000
v -1.178467 0.746094 0.150000
v -1.127733 0.755615 -0.150000
v -1.127733 0.755615 0.150000
v -1.074978 0.764648 -0.150000
v -1.074978 0.764648 0.150000
v -1.020203 0.773193 -0.150000
v -1.020203 0.773193 0.150000
v -0.963406 0.781250 -0.150000
v -0.963406 0.781250 0.150000
v -0.904588 0.788818 -0.150000
v -0.904588 0.788818 0.150000
v -5.347656 -0.482422 -0.150000
v -5.347656 -0.482422 0.150000
v -5.347656 -0.340820 -0.150000
v -5.347656 -0.340820 0.150000
v -4.914062 -0.340820 -0.150000
v -4.914062 -0.340820 0.150000
v -4.911702 -0.277256 -0.150000
v -4.911702 -0.277256 0.150000
v -4.908528 -0.216119 -0.150000
v -4.908528 -0.216119 0.150000
v -4.904541 -0.157410 -0.150000
v -4.904541 -0.157410 0.150000
v -4.899739 -0.101128 -0.150000
v -4.899739 -0.101128 0.150000
v -4.894124 -0.047275 -0.150000
v -4.894124 -0.047275 0.150000
v -4.887695 0.004150 -0.150000
v -4.887695 0.004150 0.150000
v -4.880452 0.053148 -0.150000
v -4.880452 0.053148 0.150000
v -4.872396 0.099718 -0.150000
v -4.872396 0.099718 0.150000
v -4.863525 0.143860 -0.150000
v -4.863525 0.143860 0.150000
v -4.853841 0.185574 -0.150000
v -4.853841 0.185574 0.150000
v -4.843343 0.224860 -0.150000
v -4.843343 0.224860 0.150000
v -4.832031 0.261719 -0.150000
v -4.832031 0.261719 0.150000
v -4.817565 0.302728 -0.150000
v -4.817565 0.302728 0.150000
v -4.801513 0.342421 -0.150000
v -4.801513 0.342421 0.150000
v -4.783874 0.380798 -0.150000
v -4.783874 0.380798 0.150000
v -4.764648 0.417860 -0.150000
v -4.764648 0.417860 0.150000
v -4.743835 0.453606 -0.150000
v -4.743835 0.453606 0.150000
v -4.721435 0.488037 -0.150000
v -4.721435 0.488037 0.150000
v -4.697448 0.521152 -0.150000
v -4.697448 0.521152 0.150000
v -4.671875 0.552951 -0.150000
v -4.671875 0.552951 0.150000
v -4.644714 0.583435 -0.150000
v -4.644714 0.583435 0.150000
v -4.615966 0.612603 -0.150000
v -4.615966 0.612603 0.150000
v -4.585632 0.640455 -0.150000
v -4.585632 0.640455 0.150000
v -4.553710 0.666992 -0.150000
v -4.553710 0.666992 0.150000
v -4.530178 0.684875 -0.150000
v -4.530178 0.684875 0.150000
v -4.505479 0.702393 -0.150000
v -4.505479 0.702393 0.150000
v -4.479614 0.719543 -0.150000
v -4.479614 0.719543 0.150000
v -4.452582 0.736328 -0.150000
v -4.452582 0.736328 0.150000
v -4.424384 0.752747 -0.150000
v -4.424384 0.752747 0.150000
v -4.395019 0.768799 -0.150000
v -4.395019 0.768799 0.150000
v -4.364488 0.784485 -0.150000
v -4.364488 0.784485 0.150000
v -4.332790 0.799805 -0.150000
v -4.332790 0.799805 0.150000
v -4.299926 0.814758 -0.150000
v -4.299926 0.814758 0.150000
v -4.265896 0.829346 -0.150000
v -4.265896 0.829346 0.150000
v -4.230699 0.843567 -0.150000
v -4.230699 0.843567 0.150000
v -4.194335 0.857422 -0.150000
v -4.194335 0.857422 0.150000
v -4.097656 0.737305 -0.150000
v -4.097656 0.737305 0.150000
v -4.136169 0.722134 -0.150000
v -4.136169 0.722134 0.150000
v -4.173258 0.706570 -0.150000
v -4.173258 0.706570 0.150000
v -4.208923 0.690613 -0.150000
v -4.208923 0.690613 0.150000
v -4.243164 0.674262 -0.150000
v -4.243164 0.674262 0.150000
v -4.275980 0.657518 -0.150000
v -4.275980 0.657518 0.150000
v -4.307373 0.640381 -0.150000
v -4.307373 0.640381 0.150000
v -4.337341 0.622850 -0.150000
v -4.337341 0.622850 0.150000
v -4.365885 0.604926 -0.150000
v -4.365885 0.604926 0.150000
v -4.393005 0.586609 -0.150000
v -4.393005 0.586609 0.150000
v -4.418701 0.567898 -0.150000
v -4.418701 0.567898 0.150000
v -4.442972 0.548794 -0.150000
v -4.442972 0.548794 0.150000
v -4.465820 0.529297 -0.150000
v -4.465820 0.529297 0.150000
v -4.495883 0.501058 -0.150000
v -4.495883 0.501058 0.150000
v -4.524224 0.471029 -0.150000
v -4.524224 0.471029 0.150000
v -4.550842 0.439209 -0.150000
v -4.550842 0.439209 0.150000
v -4.575737 0.405599 -0.150000
v -4.575737 0.405599 0.150000
v -4.598910 0.370199 -0.150000
v -4.598910 0.370199 0.150000
v -4.620361 0.333008 -0.150000
v -4.620361 0.333008 0.150000
v -4.640089 0.294027 -0.150000
v -4.640089 0.294027 0.150000
v -4.658094 0.253255 -0.150000
v -4.658094 0.253255 0.150000
v -4.674377 0.210693 -0.150000
v -4.674377 0.210693 0.150000
v -4.688937 0.166341 -0.150000
v -4.688937 0.166341 0.150000
v -4.701775 0.120199 -0.150000
v -4.701775 0.120199 0.150000
v -4.712890 0.072266 -0.150000
v -4.712890 0.072266 0.150000
v -4.718234 0.045227 -0.150000
v -4.718234 0.045227 0.150000
v -4.723198 0.016846 -0.150000
v -4.723198 0.016846 0.150000
v -4.727783 -0.012878 -0.150000
v -4.727783 -0.012878 0.150000
v -4.731987 -0.043945 -0.150000
v -4.731987 -0.043945 0.150000
v -4.735812 -0.076355 -0.150000
v -4.735812 -0.076355 0.150000
v -4.739257 -0.110107 -0.150000
v -4.739257 -0.110107 0.150000
v -4.742322 -0.145203 -0.150000
v -4.742322 -0.145203 0.150000
v -4.745008 -0.181641 -0.150000
v -4.745008 -0.181641 0.150000
v -4.747314 -0.219421 -0.150000
v -4.747314 -0.219421 0.150000
v -4.749240 -0.258545 -0.150000
v -4.749240 -0.258545 0.150000
v -4.750786 -0.299011 -0.150000
v -4.750786 -0.299011 0.150000
v -4.751953 -0.340820 -0.150000
v -4.751953 -0.340820 0.150000
v -4.108398 -0.340820 -0.150000
v -4.108398 -0.340820 0.150000
v -4.088134 -0.302287 -0.150000
v -4.088134 -0.302287 0.150000
v -4.066406 -0.264486 -0.150000
v -4.066406 -0.264486 0.150000
v -4.043212 -0.227417 -0.150000
v -4.043212 -0.227417 0.150000
v -4.018554 -0.191081 -0.150000
v -4.018554 -0.191081 0.150000
v -3.992431 -0.155477 -0.150000
v -3.992431 -0.155477 0.150000
v -3.964843 -0.120605 -0.150000
v -3.964843 -0.120605 0.150000
v -3.935791 -0.086466 -0.150000
v -3.935791 -0.086466 0.150000
v -3.905273 -0.053060 -0.150000
v -3.905273 -0.053060 0.150000
v -3.873291 -0.020386 -0.150000
v -3.873291 -0.020386 0.150000
v -3.839843 0.011556 -0.150000
v -3.839843 0.011556 0.150000
v -3.804931 0.042765 -0.150000
v -3.804931 0.042765 0.150000
v -3.768554 0.073242 -0.150000
v -3.768554 0.073242 0.150000
v -3.662109 -0.037109 -0.150000
v -3.662109 -0.037109 0.150000
v -3.720954 -0.087558 -0.150000
v -3.720954 -0.087558 0.150000
v -3.776069 -0.141249 -0.150000
v -3.776069 -0.141249 0.150000
v -3.827454 -0.198181 -0.150000
v -3.827454 -0.198181 0.150000
v -3.875108 -0.258355 -0.150000
v -3.875108 -0.258355 0.150000
v -3.919034 -0.321771 -0.150000
v -3.919034 -0.321771 0.150000
v -3.959229 -0.388428 -0.150000
v -3.959229 -0.388428 0.150000
v -3.995694 -0.458326 -0.150000
v -3.995694 -0.458326 0.150000
v -4.028429 -0.531467 -0.150000
v -4.028429 -0.531467 0.150000
v -4.057435 -0.607849 -0.150000
v -4.057435 -0.607849 0.150000
v -4.082710 -0.687473 -0.150000
v -4.082710 -0.687473 0.150000
v -4.104255 -0.770338 -0.150000
v -4.104255 -0.770338 0.150000
v -4.122070 -0.856445 -0.150000
v -4.122070 -0.856445 0.150000
v -4.276367 -0.816406 -0.150000
v -4.276367 -0.816406 0.150000
v -4.269266 -0.782159 -0.150000
v -4.269266 -0.782159 0.150000
v -4.261962 -0.749078 -0.150000
v -4.261962 -0.749078 0.150000
v -4.254455 -0.717163 -0.150000
v -4.254455 -0.717163 0.150000
v -4.246744 -0.686415 -0.150000
v -4.246744 -0.686415 0.150000
v -4.238830 -0.656833 -0.150000
v -4.238830 -0.656833 0.150000
v -4.230712 -0.628418 -0.150000
v -4.230712 -0.628418 0.150000
v -4.222391 -0.601169 -0.150000
v -4.222391 -0.601169 0.150000
v -4.213867 -0.575087 -0.150000
v -4.213867 -0.575087 0.150000
v -4.205139 -0.550171 -0.150000
v -4.205139 -0.550171 0.150000
v -4.196207 -0.526421 -0.150000
v -4.196207 -0.526421 0.150000
v -4.187072 -0.503838 -0.150000
v -4.187072 -0.503838 0.150000
v -4.177734 -0.482422 -0.150000
v -4.177734 -0.482422 0.150000
v -5.215820 -0.593750 -0.150000
v -5.215820 -0.593750 0.150000
v -5.093750 -0.543945 -0.150000
v -5.093750 -0.543945 0.150000
v -5.083740 -0.569743 -0.150000
v -5.083740 -0.569743 0.150000
v -5.072916 -0.595703 -0.150000
v -5.072916 -0.595703 0.150000
v -5.061279 -0.621826 -0.150000
v -5.061279 -0.621826 0.150000
v -5.048828 -0.648112 -0.150000
v -5.048828 -0.648112 0.150000
v -5.035563 -0.674560 -0.150000
v -5.035563 -0.674560 0.150000
v -5.021484 -0.701172 -0.150000
v -5.021484 -0.701172 0.150000
v -5.006591 -0.727946 -0.150000
v -5.006591 -0.727946 0.150000
v -4.990885 -0.754883 -0.150000
v -4.990885 -0.754883 0.150000
v -4.974365 -0.781982 -0.150000
v -4.974365 -0.781982 0.150000
v -4.957031 -0.809245 -0.150000
v -4.957031 -0.809245 0.150000
v -4.938883 -0.836670 -0.150000
v -4.938883 -0.836670 0.150000
v -4.919921 -0.864258 -0.150000
v -4.919921 -0.864258 0.150000
v -5.040039 -0.910156 -0.150000
v -5.040039 -0.910156 0.150000
v -5.057522 -0.884535 -0.150000
v -5.057522 -0.884535 0.150000
v -5.074490 -0.858778 -0.150000
v -5.074490 -0.858778 0.150000
v -5.090942 -0.832886 -0.150000
v -5.090942 -0.832886 0.150000
v -5.106879 -0.806858 -0.150000
v -5.106879 -0.806858 0.150000
v -5.122300 -0.780694 -0.150000
v -5.122300 -0.780694 0.150000
v -5.137206 -0.754395 -0.150000
v -5.137206 -0.754395 0.150000
v -5.151597 -0.727960 -0.150000
v -5.151597 -0.727960 0.150000
v -5.165473 -0.701389 -0.150000
v -5.165473 -0.701389 0.150000
v -5.178833 -0.674683 -0.150000
v -5.178833 -0.674683 0.150000
v -5.191677 -0.647841 -0.150000
v -5.191677 -0.647841 0.150000
v -5.204006 -0.620863 -0.150000
v -5.204006 -0.620863 0.150000
v -5.471679 -0.664062 -0.150000
v -5.471679 -0.664062 0.150000
v -5.352539 -0.612305 -0.150000
v -5.352539 -0.612305 0.150000
v -5.340732 -0.641547 -0.150000
v -5.340732 -0.641547 0.150000
v -5.328423 -0.670356 -0.150000
v -5.328423 -0.670356 0.150000
v -5.315612 -0.698730 -0.150000
v -5.315612 -0.698730 0.150000
v -5.302300 -0.726671 -0.150000
v -5.302300 -0.726671 0.150000
v -5.288486 -0.754177 -0.150000
v -5.288486 -0.754177 0.150000
v -5.274169 -0.781250 -0.150000
v -5.274169 -0.781250 0.150000
v -5.259351 -0.807888 -0.150000
v -5.259351 -0.807888 0.150000
v -5.244031 -0.834093 -0.150000
v -5.244031 -0.834093 0.150000
v -5.228210 -0.859863 -0.150000
v -5.228210 -0.859863 0.150000
v -5.211886 -0.885200 -0.150000
v -5.211886 -0.885200 0.150000
v -5.195061 -0.910102 -0.150000
v -5.195061 -0.910102 0.150000
v -5.177734 -0.934570 -0.150000
v -5.177734 -0.934570 0.150000
v -5.295898 -0.976562 -0.150000
v -5.295898 -0.976562 0.150000
v -5.313381 -0.953057 -0.150000
v -5.313381 -0.953057 0.150000
v -5.330349 -0.929091 -0.150000
v -5.330349 -0.929091 0.150000
v -5.346801 -0.904663 -0.150000
v -5.346801 -0.904663 0.150000
v -5.362738 -0.879774 -0.150000
v -5.362738 -0.879774 0.150000
v -5.378160 -0.854424 -0.150000
v -5.378160 -0.854424 0.150000
v -5.393065 -0.828613 -0.150000
v -5.393065 -0.828613 0.150000
v -5.407456 -0.802341 -0.150000
v -5.407456 -0.802341 0.150000
v -5.421332 -0.775608 -0.150000
v -5.421332 -0.775608 0.150000
v -5.434692 -0.748413 -0.150000
v -5.434692 -0.748413 0.150000
v -5.447536 -0.720757 -0.150000
v -5.447536 -0.720757 0.150000
v -5.459866 -0.692640 -0.150000
v -5.459866 -0.692640 0.150000
v -6.652343 0.040039 -0.150000
v -6.652343 0.040039 0.150000
v -6.652343 -0.114258 -0.150000
v -6.652343 -0.114258 0.150000
v -8.337890 -0.114258 -0.150000
v -8.337890 -0.114258 0.150000
v -8.337890 0.040039 -0.150000
v -8.337890 0.040039 0.150000
v -9.711913 0.729492 -0.150000
v -9.711913 0.729492 0.150000
v -9.673827 0.557617 -0.150000
v -9.673827 0.557617 0.150000
v -9.684650 0.557251 -0.150000
v -9.684650 0.557251 0.150000
v -9.695962 0.556803 -0.150000
v -9.695962 0.556803 0.150000
v -9.707762 0.556274 -0.150000
v -9.707762 0.556274 0.150000
v -9.720050 0.555664 -0.150000
v -9.720050 0.555664 0.150000
v -9.732826 0.554972 -0.150000
v -9.732826 0.554972 0.150000
v -9.746091 0.554199 -0.150000
v -9.746091 0.554199 0.150000
v -9.759844 0.553345 -0.150000
v -9.759844 0.553345 0.150000
v -9.774085 0.552409 -0.150000
v -9.774085 0.552409 0.150000
v -9.788815 0.551392 -0.150000
v -9.788815 0.551392 0.150000
v -9.804032 0.550293 -0.150000
v -9.804032 0.550293 0.150000
v -9.819738 0.549113 -0.150000
v -9.819738 0.549113 0.150000
v -9.835937 0.547852 -0.150000
v -9.835937 0.547852 0.150000
v -9.881835 0.446309 -0.150000
v -9.881835 0.446309 0.150000
v -9.927082 0.342529 -0.150000
v -9.927082 0.342529 0.150000
v -9.971679 0.236511 -0.150000
v -9.971679 0.236511 0.150000
v -10.015624 0.128255 -0.150000
v -10.015624 0.128255 0.150000
v -10.058918 0.017761 -0.150000
v -10.058918 0.017761 0.150000
v -10.101562 -0.094971 -0.150000
v -10.101562 -0.094971 0.150000
v -10.143554 -0.209941 -0.150000
v -10.143554 -0.209941 0.150000
v -10.184895 -0.327148 -0.150000
v -10.184895 -0.327148 0.150000
v -10.225585 -0.446594 -0.150000
v -10.225585 -0.446594 0.150000
v -10.265624 -0.568278 -0.150000
v -10.265624 -0.568278 0.150000
v -10.305012 -0.692200 -0.150000
v -10.305012 -0.692200 0.150000
v -10.343749 -0.818359 -0.150000
v -10.343749 -0.818359 0.150000
v -10.503905 -0.770508 -0.150000
v -10.503905 -0.770508 0.150000
v -10.464802 -0.647895 -0.150000
v -10.464802 -0.647895 0.150000
v -10.425292 -0.527778 -0.150000
v -10.425292 -0.527778 0.150000
v -10.385375 -0.410156 -0.150000
v -10.385375 -0.410156 0.150000
v -10.345051 -0.295030 -0.150000
v -10.345051 -0.295030 0.150000
v -10.304320 -0.182400 -0.150000
v -10.304320 -0.182400 0.150000
v -10.263183 -0.072266 -0.150000
v -10.263183 -0.072266 0.150000
v -10.221638 0.035373 -0.150000
v -10.221638 0.035373 0.150000
v -10.179687 0.140517 -0.150000
v -10.179687 0.140517 0.150000
v -10.137328 0.243164 -0.150000
v -10.137328 0.243164 0.150000
v -10.094563 0.343316 -0.150000
v -10.094563 0.343316 0.150000
v -10.051391 0.440972 -0.150000
v -10.051391 0.440972 0.150000
v -10.007812 0.536133 -0.150000
v -10.007812 0.536133 0.150000
v -10.095214 0.529154 -0.150000
v -10.095214 0.529154 0.150000
v -10.181640 0.521891 -0.150000
v -10.181640 0.521891 0.150000
v -10.267089 0.514343 -0.150000
v -10.267089 0.514343 0.150000
v -10.351562 0.506510 -0.150000
v -10.351562 0.506510 0.150000
v -10.435058 0.498393 -0.150000
v -10.435058 0.498393 0.150000
v -10.517577 0.489990 -0.150000
v -10.517577 0.489990 0.150000
v -10.599120 0.481303 -0.150000
v -10.599120 0.481303 0.150000
v -10.679687 0.472331 -0.150000
v -10.679687 0.472331 0.150000
v -10.759276 0.463074 -0.150000
v -10.759276 0.463074 0.150000
v -10.837890 0.453532 -0.150000
v -10.837890 0.453532 0.150000
v -10.915526 0.443705 -0.150000
v -10.915526 0.443705 0.150000
v -10.992187 0.433594 -0.150000
v -10.992187 0.433594 0.150000
v -10.965826 0.386915 -0.150000
v -10.965826 0.386915 0.150000
v -10.939805 0.341607 -0.150000
v -10.939805 0.341607 0.150000
v -10.914123 0.297668 -0.150000
v -10.914123 0.297668 0.150000
v -10.888780 0.255100 -0.150000
v -10.888780 0.255100 0.150000
v -10.863775 0.213901 -0.150000
v -10.863775 0.213901 0.150000
v -10.839110 0.174072 -0.150000
v -10.839110 0.174072 0.150000
v -10.814784 0.135613 -0.150000
v -10.814784 0.135613 0.150000
v -10.790797 0.098524 -0.150000
v -10.790797 0.098524 0.150000
v -10.767150 0.062805 -0.150000
v -10.767150 0.062805 0.150000
v -10.743841 0.028456 -0.150000
v -10.743841 0.028456 0.150000
v -10.720872 -0.004523 -0.150000
v -10.720872 -0.004523 0.150000
v -10.698241 -0.036133 -0.150000
v -10.698241 -0.036133 0.150000
v -10.832030 -0.118164 -0.150000
v -10.832030 -0.118164 0.150000
v -10.876817 -0.057712 -0.150000
v -10.876817 -0.057712 0.150000
v -10.921006 0.004178 -0.150000
v -10.921006 0.004178 0.150000
v -10.964599 0.067505 -0.150000
v -10.964599 0.067505 0.150000
v -11.007594 0.132270 -0.150000
v -11.007594 0.132270 0.150000
v -11.049994 0.198473 -0.150000
v -11.049994 0.198473 0.150000
v -11.091796 0.266113 -0.150000
v -11.091796 0.266113 0.150000
v -11.133001 0.335192 -0.150000
v -11.133001 0.335192 0.150000
v -11.173610 0.405707 -0.150000
v -11.173610 0.405707 0.150000
v -11.213622 0.477661 -0.150000
v -11.213622 0.477661 0.150000
v -11.253037 0.551053 -0.150000
v -11.253037 0.551053 0.150000
v -11.291856 0.625882 -0.150000
v -11.291856 0.625882 0.150000
v -11.330077 0.702148 -0.150000
v -11.330077 0.702148 0.150000
v -11.173827 0.786133 -0.150000
v -11.173827 0.786133 0.150000
v -11.170897 0.780273 -0.150000
v -11.170897 0.780273 0.150000
v -11.163519 0.764587 -0.150000
v -11.163519 0.764587 0.150000
v -11.156032 0.748779 -0.150000
v -11.156032 0.748779 0.150000
v -11.148437 0.732849 -0.150000
v -11.148437 0.732849 0.150000
v -11.140733 0.716797 -0.150000
v -11.140733 0.716797 0.150000
v -11.132920 0.700622 -0.150000
v -11.132920 0.700622 0.150000
v -11.124999 0.684326 -0.150000
v -11.124999 0.684326 0.150000
v -11.116969 0.667908 -0.150000
v -11.116969 0.667908 0.150000
v -11.108831 0.651367 -0.150000
v -11.108831 0.651367 0.150000
v -11.100585 0.634705 -0.150000
v -11.100585 0.634705 0.150000
v -11.092230 0.617920 -0.150000
v -11.092230 0.617920 0.150000
v -11.083766 0.601013 -0.150000
v -11.083766 0.601013 0.150000
v -11.075194 0.583984 -0.150000
v -11.075194 0.583984 0.150000
v -11.063476 0.561523 -0.150000
v -11.063476 0.561523 0.150000
v -10.981281 0.575222 -0.150000
v -10.981281 0.575222 0.150000
v -10.893554 0.588976 -0.150000
v -10.893554 0.588976 0.150000
v -10.800292 0.602783 -0.150000
v -10.800292 0.602783 0.150000
v -10.701496 0.616645 -0.150000
v -10.701496 0.616645 0.150000
v -10.597167 0.630561 -0.150000
v -10.597167 0.630561 0.150000
v -10.487304 0.644531 -0.150000
v -10.487304 0.644531 0.150000
v -10.371906 0.658556 -0.150000
v -10.371906 0.658556 0.150000
v -10.250976 0.672634 -0.150000
v -10.250976 0.672634 0.150000
v -10.124511 0.686768 -0.150000
v -10.124511 0.686768 0.150000
v -9.992512 0.700955 -0.150000
v -9.992512 0.700955 0.150000
v -9.854980 0.715196 -0.150000
v -9.854980 0.715196 0.150000
vn -0.0000 -0.0000 1.0000
vn -0.0002 -0.0000 1.0000
vn -0.0000 -0.0000 -1.0000
vn -0.0002 -0.0000 -1.0000
vn 0.7071 -0.7071 -0.0000
vn 0.7071 0.7071 -0.0000
vn -0.3455 -0.9384 -0.0000
vn -0.9566 -0.2915 -0.0000
vn -0.9565 0.2917 -0.0000
vn -0.9421 0.3353 -0.0000
vn -0.9250 0.3800 -0.0000
vn -0.9049 0.4257 -0.0000
vn -0.9250 0.3801 -0.0000
vn -0.8816 0.4720 -0.0000
vn -0.9048 0.4258 -0.0000
vn -0.8551 0.5185 -0.0000
vn -0.8816 0.4721 -0.0000
vn -0.8253 0.5647 -0.0000
vn -0.7924 0.6100 -0.0000
vn -0.8253 0.5646 -0.0000
vn -0.7564 0.6541 -0.0000
vn -0.7177 0.6964 -0.0000
vn -0.6765 0.7364 -0.0000
vn -0.6382 0.7699 -0.0000
vn -0.6765 0.7365 -0.0000
vn -0.6084 0.7936 -0.0000
vn -0.6381 0.7699 -0.0000
vn -0.5833 0.8123 -0.0000
vn -0.5585 0.8295 -0.0000
vn -0.5340 0.8455 -0.0000
vn -0.5100 0.8602 -0.0000
vn -0.4865 0.8737 -0.0000
vn -0.4634 0.8861 -0.0000
vn -0.4864 0.8737 -0.0000
vn -0.4410 0.8975 -0.0000
vn -0.4191 0.9079 -0.0000
vn -0.3978 0.9175 -0.0000
vn -0.4191 0.9080 -0.0000
vn -0.3772 0.9262 -0.0000
vn 0.2630 0.9648 -0.0000
vn 0.9595 -0.2817 -0.0000
vn 0.3517 -0.9361 -0.0000
vn 0.9595 -0.2816 -0.0000
vn 0.3941 -0.9190 -0.0000
vn 0.4374 -0.8992 -0.0000
vn 0.3941 -0.9191 -0.0000
vn 0.4813 -0.8765 -0.0000
vn 0.4374 -0.8993 -0.0000
vn 0.5254 -0.8508 -0.0000
vn 0.5693 -0.8221 -0.0000
vn 0.5254 -0.8509 -0.0000
vn 0.6126 -0.7904 -0.0000
vn 0.6549 -0.7557 -0.0000
vn 0.6956 -0.7184 -0.0000
vn 0.7344 -0.6787 -0.0000
vn 0.7710 -0.6369 -0.0000
vn 0.7345 -0.6786 -0.0000
vn 0.8033 -0.5956 -0.0000
vn 0.8265 -0.5630 -0.0000
vn 0.8032 -0.5957 -0.0000
vn 0.8435 -0.5371 -0.0000
vn 0.8599 -0.5105 -0.0000
vn 0.8755 -0.4833 -0.0000
vn 0.8902 -0.4555 -0.0000
vn 0.9041 -0.4272 -0.0000
vn 0.9171 -0.3986 -0.0000
vn 0.9042 -0.4272 -0.0000
vn 0.9292 -0.3696 -0.0000
vn 0.9172 -0.3985 -0.0000
vn 0.9403 -0.3403 -0.0000
vn 0.9292 -0.3695 -0.0000
vn 0.9504 -0.3109 -0.0000
vn 0.9403 -0.3402 -0.0000
vn 0.9505 -0.3108 -0.0000
vn 0.7959 0.6054 -0.0000
vn 0.9596 -0.2815 -0.0000
vn 0.7959 0.6055 -0.0000
vn 1.0000 -0.0029 -0.0000
vn -0.7071 -0.7071 -0.0000
vn -1.0000 0.0042 -0.0000
vn -0.9999 0.0172 -0.0000
vn -0.9994 0.0357 -0.0000
vn -0.9984 0.0559 -0.0000
vn -0.9994 0.0358 -0.0000
vn -0.9969 0.0780 -0.0000
vn -0.9984 0.0560 -0.0000
vn -0.9948 0.1023 -0.0000
vn -0.9969 0.0781 -0.0000
vn -0.9917 0.1289 -0.0000
vn -0.9874 0.1582 -0.0000
vn -0.9817 0.1906 -0.0000
vn -0.9740 0.2264 -0.0000
vn -0.9640 0.2661 -0.0000
vn -0.9740 0.2265 -0.0000
vn -0.9507 0.3100 -0.0000
vn -0.9639 0.2661 -0.0000
vn -0.9319 0.3628 -0.0000
vn -0.9056 0.4242 -0.0000
vn -0.8738 0.4862 -0.0000
vn -0.8382 0.5453 -0.0000
vn -0.8738 0.4863 -0.0000
vn -0.7995 0.6007 -0.0000
vn -0.7583 0.6519 -0.0000
vn -0.7155 0.6986 -0.0000
vn -0.6719 0.7406 -0.0000
vn -0.6282 0.7781 -0.0000
vn -0.5849 0.8111 -0.0000
vn -0.5425 0.8401 -0.0000
vn -0.5014 0.8652 -0.0000
vn 0.1474 0.9891 -0.0000
vn 0.9863 -0.1648 -0.0000
vn 0.4662 -0.8847 -0.0000
vn 0.4992 -0.8665 -0.0000
vn 0.5331 -0.8461 -0.0000
vn 0.5677 -0.8232 -0.0000
vn 0.6028 -0.7979 -0.0000
vn 0.5677 -0.8233 -0.0000
vn 0.6383 -0.7698 -0.0000
vn 0.6737 -0.7390 -0.0000
vn 0.7089 -0.7053 -0.0000
vn 0.7434 -0.6689 -0.0000
vn 0.7089 -0.7054 -0.0000
vn 0.7768 -0.6298 -0.0000
vn 0.7433 -0.6689 -0.0000
vn 0.8088 -0.5881 -0.0000
vn 0.8336 -0.5524 -0.0000
vn 0.8500 -0.5267 -0.0000
vn 0.8643 -0.5030 -0.0000
vn 0.8782 -0.4782 -0.0000
vn 0.8918 -0.4525 -0.0000
vn 0.8783 -0.4782 -0.0000
vn 0.9049 -0.4256 -0.0000
vn 0.8918 -0.4524 -0.0000
vn 0.9175 -0.3978 -0.0000
vn 0.9049 -0.4255 -0.0000
vn 0.9294 -0.3690 -0.0000
vn 0.9175 -0.3977 -0.0000
vn 0.9407 -0.3393 -0.0000
vn 0.9295 -0.3689 -0.0000
vn 0.9512 -0.3087 -0.0000
vn 0.9407 -0.3392 -0.0000
vn 0.9608 -0.2773 -0.0000
vn 0.9512 -0.3086 -0.0000
vn 0.9695 -0.2452 -0.0000
vn 0.9608 -0.2772 -0.0000
vn 0.9769 -0.2137 -0.0000
vn 0.9695 -0.2451 -0.0000
vn 0.9826 -0.1859 -0.0000
vn 0.9868 -0.1620 -0.0000
vn 0.9826 -0.1860 -0.0000
vn 0.9902 -0.1399 -0.0000
vn 0.9928 -0.1195 -0.0000
vn 0.9949 -0.1006 -0.0000
vn 0.9965 -0.0830 -0.0000
vn 0.9949 -0.1005 -0.0000
vn 0.9978 -0.0667 -0.0000
vn 0.9966 -0.0830 -0.0000
vn 0.9987 -0.0515 -0.0000
vn 0.9993 -0.0373 -0.0000
vn 0.9997 -0.0241 -0.0000
vn 0.9999 -0.0117 -0.0000
vn -0.3438 -0.9390 -0.0000
vn -0.8459 -0.5334 -0.0000
vn -0.9434 -0.3316 -0.0000
vn -0.3438 -0.9391 -0.0000
vn -0.9781 0.2084 -0.0000
vn -0.9434 -0.3317 -0.0000
vn -0.9701 0.2428 -0.0000
vn -0.9780 0.2084 -0.0000
vn -0.9602 0.2793 -0.0000
vn -0.9481 0.3178 -0.0000
vn -0.9336 0.3583 -0.0000
vn -0.9162 0.4007 -0.0000
vn -0.8956 0.4448 -0.0000
vn -0.8715 0.4904 -0.0000
vn -0.8435 0.5371 -0.0000
vn -0.8115 0.5843 -0.0000
vn -0.7752 0.6317 -0.0000
vn -0.7365 0.6764 -0.0000
vn -0.6975 0.7166 -0.0000
vn -0.6578 0.7532 -0.0000
vn -0.6178 0.7863 -0.0000
vn -0.5778 0.8162 -0.0000
vn -0.5383 0.8427 -0.0000
vn -0.5778 0.8161 -0.0000
vn -0.4996 0.8663 -0.0000
vn -0.4618 0.8870 -0.0000
vn -0.4253 0.9051 -0.0000
vn -0.3900 0.9208 -0.0000
vn -0.3562 0.9344 -0.0000
vn -0.3239 0.9461 -0.0000
vn 0.3332 0.9429 -0.0000
vn 0.9389 -0.3441 -0.0000
vn 0.3331 0.9429 -0.0000
vn 0.3035 -0.9528 -0.0000
vn 0.3394 -0.9406 -0.0000
vn 0.3769 -0.9262 -0.0000
vn 0.4159 -0.9094 -0.0000
vn 0.4561 -0.8899 -0.0000
vn 0.4975 -0.8675 -0.0000
vn 0.5396 -0.8419 -0.0000
vn 0.5822 -0.8131 -0.0000
vn 0.6248 -0.7808 -0.0000
vn 0.6670 -0.7451 -0.0000
vn 0.7082 -0.7060 -0.0000
vn 0.7477 -0.6640 -0.0000
vn 0.7834 -0.6215 -0.0000
vn 0.8151 -0.5793 -0.0000
vn 0.8439 -0.5365 -0.0000
vn 0.8696 -0.4937 -0.0000
vn 0.8439 -0.5366 -0.0000
vn 0.8924 -0.4512 -0.0000
vn 0.9124 -0.4094 -0.0000
vn 0.9297 -0.3684 -0.0000
vn 0.9124 -0.4093 -0.0000
vn 0.9445 -0.3285 -0.0000
vn 0.9570 -0.2900 -0.0000
vn 0.9675 -0.2529 -0.0000
vn 0.9761 -0.2173 -0.0000
vn 0.7745 0.6325 -0.0000
vn -0.4732 0.8809 -0.0000
vn 0.7746 0.6325 -0.0000
vn -0.8251 0.5649 -0.0000
vn -0.8071 0.5904 -0.0000
vn -0.7879 0.6158 -0.0000
vn -0.7676 0.6410 -0.0000
vn -0.7461 0.6658 -0.0000
vn -0.7235 0.6903 -0.0000
vn -0.7461 0.6659 -0.0000
vn -0.6999 0.7142 -0.0000
vn -0.6753 0.7376 -0.0000
vn -0.6999 0.7143 -0.0000
vn -0.6497 0.7602 -0.0000
vn -0.6233 0.7820 -0.0000
vn -0.5961 0.8029 -0.0000
vn -0.6232 0.7820 -0.0000
vn 0.0819 0.9966 -0.0000
vn -0.5960 0.8030 -0.0000
vn 0.9956 -0.0940 -0.0000
vn 0.5708 -0.8211 -0.0000
vn 0.5880 -0.8089 -0.0000
vn 0.6054 -0.7959 -0.0000
vn 0.5880 -0.8088 -0.0000
vn 0.6230 -0.7823 -0.0000
vn 0.6406 -0.7678 -0.0000
vn 0.6230 -0.7822 -0.0000
vn 0.6584 -0.7527 -0.0000
vn 0.6762 -0.7367 -0.0000
vn 0.6940 -0.7200 -0.0000
vn 0.7118 -0.7024 -0.0000
vn 0.7295 -0.6840 -0.0000
vn 0.7470 -0.6648 -0.0000
vn 0.7663 -0.6425 -0.0000
vn 0.7870 -0.6170 -0.0000
vn 0.7662 -0.6425 -0.0000
vn 0.8068 -0.5908 -0.0000
vn 0.7869 -0.6170 -0.0000
vn 0.8256 -0.5643 -0.0000
vn 0.8433 -0.5375 -0.0000
vn 0.8753 -0.4836 -0.0000
vn 0.8598 -0.5106 -0.0000
vn 0.8897 -0.4566 -0.0000
vn 0.9029 -0.4298 -0.0000
vn 0.9151 -0.4032 -0.0000
vn 0.9263 -0.3769 -0.0000
vn 0.9364 -0.3509 -0.0000
vn 0.4567 -0.8896 -0.0000
vn -0.8906 -0.4548 -0.0000
vn -0.9384 0.3456 -0.0000
vn -0.9357 0.3529 -0.0000
vn -0.9328 0.3603 -0.0000
vn -0.9357 0.3528 -0.0000
vn -0.9298 0.3680 -0.0000
vn -0.9329 0.3602 -0.0000
vn -0.9267 0.3757 -0.0000
vn -0.9299 0.3679 -0.0000
vn -0.9235 0.3837 -0.0000
vn -0.9268 0.3757 -0.0000
vn -0.9200 0.3919 -0.0000
vn -0.9164 0.4002 -0.0000
vn -0.9126 0.4087 -0.0000
vn -0.9087 0.4175 -0.0000
vn -0.9045 0.4265 -0.0000
vn -0.3915 0.9202 -0.0000
vn -0.9245 -0.3811 -0.0000
vn 0.4092 0.9124 -0.0000
vn 0.3963 0.9181 -0.0000
vn 0.3836 0.9235 -0.0000
vn 0.3710 0.9286 -0.0000
vn 0.3586 0.9335 -0.0000
vn 0.3465 0.9381 -0.0000
vn 0.3344 0.9424 -0.0000
vn 0.3226 0.9465 -0.0000
vn 0.3345 0.9424 -0.0000
vn 0.3110 0.9504 -0.0000
vn 0.2996 0.9541 -0.0000
vn 0.2883 0.9575 -0.0000
vn 0.8907 0.4545 -0.0000
vn 0.2884 0.9575 -0.0000
vn 0.4722 -0.8815 -0.0000
vn 0.8907 0.4546 -0.0000
vn -0.2521 -0.9677 -0.0000
vn -0.2678 -0.9635 -0.0000
vn -0.2840 -0.9588 -0.0000
vn -0.3006 -0.9538 -0.0000
vn -0.3175 -0.9483 -0.0000
vn -0.3005 -0.9538 -0.0000
vn -0.3348 -0.9423 -0.0000
vn -0.3524 -0.9358 -0.0000
vn -0.3704 -0.9289 -0.0000
vn -0.3888 -0.9213 -0.0000
vn -0.4075 -0.9132 -0.0000
vn -0.4265 -0.9045 -0.0000
vn -0.3776 0.9260 -0.0000
vn -0.9314 -0.3639 -0.0000
vn 0.3954 0.9185 -0.0000
vn 0.3849 0.9229 -0.0000
vn 0.3751 0.9270 -0.0000
vn 0.3658 0.9307 -0.0000
vn 0.3570 0.9341 -0.0000
vn 0.3487 0.9372 -0.0000
vn 0.3409 0.9401 -0.0000
vn 0.3335 0.9428 -0.0000
vn 0.3265 0.9452 -0.0000
vn 0.3198 0.9475 -0.0000
vn 0.3135 0.9496 -0.0000
vn 0.9071 0.4209 -0.0000
vn 0.4382 -0.8989 -0.0000
vn -0.2802 -0.9600 -0.0000
vn -0.2931 -0.9561 -0.0000
vn -0.2802 -0.9599 -0.0000
vn -0.3062 -0.9520 -0.0000
vn -0.3196 -0.9475 -0.0000
vn -0.3333 -0.9428 -0.0000
vn -0.3472 -0.9378 -0.0000
vn -0.3613 -0.9324 -0.0000
vn -0.3757 -0.9267 -0.0000
vn -0.3903 -0.9207 -0.0000
vn -0.4051 -0.9143 -0.0000
vn -0.4202 -0.9074 -0.0000
vn -0.4202 -0.9075 -0.0000
vn 0.8253 -0.5647 -0.0000
vn 0.5618 0.8273 -0.0000
vn 0.5618 0.8272 -0.0000
vn 0.0952 -0.9955 -0.0000
vn 0.1098 -0.9940 -0.0000
vn 0.1254 -0.9921 -0.0000
vn 0.1420 -0.9899 -0.0000
vn 0.1598 -0.9871 -0.0000
vn 0.1789 -0.9839 -0.0000
vn 0.1994 -0.9799 -0.0000
vn 0.2215 -0.9752 -0.0000
vn 0.2452 -0.9695 -0.0000
vn 0.2708 -0.9626 -0.0000
vn 0.2983 -0.9545 -0.0000
vn 0.3344 -0.9424 -0.0000
vn 0.3821 -0.9241 -0.0000
vn 0.4339 -0.9010 -0.0000
vn 0.4856 -0.8742 -0.0000
vn 0.5366 -0.8438 -0.0000
vn 0.5863 -0.8101 -0.0000
vn 0.6342 -0.7732 -0.0000
vn 0.6796 -0.7336 -0.0000
vn 0.7222 -0.6917 -0.0000
vn 0.7615 -0.6481 -0.0000
vn 0.7975 -0.6034 -0.0000
vn 0.8298 -0.5580 -0.0000
vn 0.8562 -0.5167 -0.0000
vn 0.8758 -0.4827 -0.0000
vn 0.8921 -0.4519 -0.0000
vn 0.9067 -0.4218 -0.0000
vn 0.9197 -0.3926 -0.0000
vn 0.9313 -0.3642 -0.0000
vn 0.9416 -0.3368 -0.0000
vn 0.9506 -0.3103 -0.0000
vn 0.9586 -0.2848 -0.0000
vn 0.9655 -0.2603 -0.0000
vn 0.9716 -0.2367 -0.0000
vn 0.9768 -0.2141 -0.0000
vn 0.4004 -0.9163 -0.0000
vn -0.9207 -0.3903 -0.0000
vn -0.9718 0.2357 -0.0000
vn -0.9660 0.2585 -0.0000
vn -0.9593 0.2824 -0.0000
vn -0.9515 0.3076 -0.0000
vn -0.9425 0.3341 -0.0000
vn -0.9322 0.3618 -0.0000
vn -0.9204 0.3909 -0.0000
vn -0.9069 0.4213 -0.0000
vn -0.8915 0.4530 -0.0000
vn -0.8740 0.4859 -0.0000
vn -0.8542 0.5199 -0.0000
vn -0.8305 0.5571 -0.0000
vn -0.8019 0.5974 -0.0000
vn -0.7702 0.6378 -0.0000
vn -0.7360 0.6770 -0.0000
vn -0.7702 0.6379 -0.0000
vn -0.6996 0.7146 -0.0000
vn -0.6612 0.7502 -0.0000
vn -0.6213 0.7835 -0.0000
vn -0.5802 0.8145 -0.0000
vn -0.6213 0.7836 -0.0000
vn -0.5382 0.8428 -0.0000
vn -0.4957 0.8685 -0.0000
vn -0.4531 0.8915 -0.0000
vn -0.4107 0.9118 -0.0000
vn -0.3695 0.9292 -0.0000
vn -0.3335 0.9427 -0.0000
vn -0.3031 0.9530 -0.0000
vn -0.2746 0.9615 -0.0000
vn -0.3031 0.9529 -0.0000
vn -0.2480 0.9688 -0.0000
vn -0.2747 0.9615 -0.0000
vn -0.2231 0.9748 -0.0000
vn -0.1997 0.9799 -0.0000
vn -0.1779 0.9841 -0.0000
vn -0.1574 0.9875 -0.0000
vn -0.1382 0.9904 -0.0000
vn -0.1202 0.9927 -0.0000
vn -0.1033 0.9947 -0.0000
vn -0.7071 0.7071 -0.0000
vn -0.3887 0.9214 -0.0000
vn -0.9279 -0.3729 -0.0000
vn 0.3988 0.9170 -0.0000
vn -0.3887 0.9213 -0.0000
vn 0.3837 0.9234 -0.0000
vn 0.3687 0.9296 -0.0000
vn 0.3537 0.9354 -0.0000
vn 0.3387 0.9409 -0.0000
vn 0.3237 0.9462 -0.0000
vn 0.3088 0.9511 -0.0000
vn 0.2940 0.9558 -0.0000
vn 0.2792 0.9602 -0.0000
vn 0.2645 0.9644 -0.0000
vn 0.2499 0.9683 -0.0000
vn 0.8780 0.4786 -0.0000
vn 0.4805 -0.8770 -0.0000
vn -0.2449 -0.9695 -0.0000
vn -0.2581 -0.9661 -0.0000
vn -0.2722 -0.9622 -0.0000
vn -0.2871 -0.9579 -0.0000
vn -0.3031 -0.9530 -0.0000
vn -0.3201 -0.9474 -0.0000
vn -0.3383 -0.9410 -0.0000
vn -0.3578 -0.9338 -0.0000
vn -0.3786 -0.9256 -0.0000
vn -0.4010 -0.9161 -0.0000
vn -0.4249 -0.9052 -0.0000
vn 0.8144 -0.5804 -0.0000
vn 0.5722 0.8201 -0.0000
vn 0.1029 -0.9947 -0.0000
vn 0.1179 -0.9930 -0.0000
vn 0.1340 -0.9910 -0.0000
vn 0.1513 -0.9885 -0.0000
vn 0.1700 -0.9855 -0.0000
vn 0.1901 -0.9818 -0.0000
vn 0.2119 -0.9773 -0.0000
vn 0.2354 -0.9719 -0.0000
vn 0.2610 -0.9653 -0.0000
vn 0.2887 -0.9574 -0.0000
vn 0.3188 -0.9478 -0.0000
vn 0.3642 -0.9313 -0.0000
vn 0.4372 -0.8994 -0.0000
vn 0.5225 -0.8526 -0.0000
vn 0.6044 -0.7967 -0.0000
vn 0.6803 -0.7330 -0.0000
vn 0.7483 -0.6634 -0.0000
vn 0.8071 -0.5905 -0.0000
vn 0.8562 -0.5166 -0.0000
vn 0.8070 -0.5905 -0.0000
vn 0.8961 -0.4438 -0.0000
vn 0.9275 -0.3739 -0.0000
vn 0.9514 -0.3078 -0.0000
vn 0.9692 -0.2463 -0.0000
vn 0.3564 -0.9344 -0.0000
vn -0.9349 -0.3550 -0.0000
vn 0.3564 -0.9343 -0.0000
vn -0.9725 0.2329 -0.0000
vn -0.9655 0.2603 -0.0000
vn -0.9573 0.2890 -0.0000
vn -0.9477 0.3192 -0.0000
vn -0.9364 0.3508 -0.0000
vn -0.9234 0.3839 -0.0000
vn -0.9083 0.4184 -0.0000
vn -0.8909 0.4542 -0.0000
vn -0.8711 0.4911 -0.0000
vn -0.8486 0.5291 -0.0000
vn -0.8231 0.5678 -0.0000
vn -0.7950 0.6067 -0.0000
vn -0.7634 0.6459 -0.0000
vn -0.7287 0.6849 -0.0000
vn -0.6918 0.7221 -0.0000
vn -0.6531 0.7573 -0.0000
vn -0.6129 0.7901 -0.0000
vn -0.5717 0.8205 -0.0000
vn -0.5298 0.8482 -0.0000
vn -0.4875 0.8731 -0.0000
vn -0.4452 0.8954 -0.0000
vn -0.4034 0.9150 -0.0000
vn -0.3621 0.9321 -0.0000
vn -0.3243 0.9459 -0.0000
vn -0.2947 0.9556 -0.0000
vn -0.2711 0.9625 -0.0000
vn -0.2493 0.9684 -0.0000
vn -0.2291 0.9734 -0.0000
vn -0.2103 0.9776 -0.0000
vn -0.1929 0.9812 -0.0000
vn -0.1766 0.9843 -0.0000
vn -0.1615 0.9869 -0.0000
vn -0.1473 0.9891 -0.0000
vn -0.1340 0.9910 -0.0000
vn -0.1216 0.9926 -0.0000
vn -0.6939 0.7201 -0.0000
vn -0.9990 0.0445 -0.0000
vn -0.9982 0.0598 -0.0000
vn -0.9971 0.0764 -0.0000
vn -0.9955 0.0944 -0.0000
vn -0.9935 0.1139 -0.0000
vn -0.9908 0.1352 -0.0000
vn -0.9874 0.1584 -0.0000
vn -0.9908 0.1351 -0.0000
vn -0.9830 0.1838 -0.0000
vn -0.9774 0.2116 -0.0000
vn -0.9702 0.2422 -0.0000
vn -0.9612 0.2758 -0.0000
vn -0.9497 0.3131 -0.0000
vn -0.9353 0.3539 -0.0000
vn -0.9181 0.3964 -0.0000
vn -0.8984 0.4392 -0.0000
vn -0.8762 0.4820 -0.0000
vn -0.8515 0.5244 -0.0000
vn -0.8243 0.5662 -0.0000
vn -0.7948 0.6069 -0.0000
vn -0.8243 0.5661 -0.0000
vn -0.7632 0.6462 -0.0000
vn -0.7297 0.6838 -0.0000
vn -0.6945 0.7195 -0.0000
vn -0.6580 0.7530 -0.0000
vn -0.6223 0.7828 -0.0000
vn -0.5919 0.8060 -0.0000
vn -0.5656 0.8247 -0.0000
vn -0.5401 0.8416 -0.0000
vn -0.5154 0.8570 -0.0000
vn -0.4915 0.8709 -0.0000
vn -0.4684 0.8835 -0.0000
vn -0.4461 0.8950 -0.0000
vn -0.4247 0.9053 -0.0000
vn -0.4041 0.9147 -0.0000
vn -0.3843 0.9232 -0.0000
vn -0.3654 0.9309 -0.0000
vn 0.2615 0.9652 -0.0000
vn -0.3653 0.9309 -0.0000
vn 0.9667 -0.2561 -0.0000
vn 0.2614 0.9652 -0.0000
vn 0.3767 -0.9263 -0.0000
vn 0.9667 -0.2560 -0.0000
vn 0.3977 -0.9175 -0.0000
vn 0.3768 -0.9263 -0.0000
vn 0.4197 -0.9077 -0.0000
vn 0.4427 -0.8967 -0.0000
vn 0.4669 -0.8843 -0.0000
vn 0.4921 -0.8705 -0.0000
vn 0.5184 -0.8551 -0.0000
vn 0.5458 -0.8379 -0.0000
vn 0.5743 -0.8187 -0.0000
vn 0.6037 -0.7972 -0.0000
vn 0.6339 -0.7734 -0.0000
vn 0.6671 -0.7450 -0.0000
vn 0.7063 -0.7079 -0.0000
vn 0.7475 -0.6643 -0.0000
vn 0.7856 -0.6187 -0.0000
vn 0.8205 -0.5717 -0.0000
vn 0.8518 -0.5239 -0.0000
vn 0.8796 -0.4758 -0.0000
vn 0.9038 -0.4279 -0.0000
vn 0.9247 -0.3808 -0.0000
vn 0.9423 -0.3347 -0.0000
vn 0.9570 -0.2901 -0.0000
vn 0.9690 -0.2470 -0.0000
vn 0.9777 -0.2099 -0.0000
vn 0.9831 -0.1831 -0.0000
vn 0.9867 -0.1624 -0.0000
vn 0.9897 -0.1433 -0.0000
vn 0.9921 -0.1257 -0.0000
vn 0.9940 -0.1094 -0.0000
vn 0.9955 -0.0943 -0.0000
vn 0.9968 -0.0803 -0.0000
vn 0.9977 -0.0672 -0.0000
vn 0.9985 -0.0550 -0.0000
vn 0.9990 -0.0437 -0.0000
vn 0.9995 -0.0330 -0.0000
vn 0.7169 0.6972 -0.0000
vn -0.5170 0.8560 -0.0000
vn -0.8575 0.5145 -0.0000
vn -0.8377 0.5461 -0.0000
vn -0.8170 0.5766 -0.0000
vn -0.7954 0.6061 -0.0000
vn -0.7730 0.6344 -0.0000
vn -0.7500 0.6614 -0.0000
vn -0.7266 0.6871 -0.0000
vn -0.7501 0.6614 -0.0000
vn -0.7027 0.7115 -0.0000
vn -0.6786 0.7345 -0.0000
vn -0.6544 0.7561 -0.0000
vn 0.0530 0.9986 -0.0000
vn 0.9989 -0.0473 -0.0000
vn 0.6747 -0.7381 -0.0000
vn 0.7204 -0.6935 -0.0000
vn 0.7635 -0.6458 -0.0000
vn 0.8034 -0.5954 -0.0000
vn 0.8396 -0.5432 -0.0000
vn 0.8719 -0.4897 -0.0000
vn 0.9001 -0.4357 -0.0000
vn 0.9242 -0.3819 -0.0000
vn 0.9444 -0.3289 -0.0000
vn 0.9739 -0.2272 -0.0000
vn 0.5281 -0.8492 -0.0000
vn 0.9738 -0.2272 -0.0000
vn -0.8493 -0.5280 -0.0000
vn 0.5282 -0.8491 -0.0000
vn -0.9779 0.2093 -0.0000
vn -0.9750 0.2223 -0.0000
vn -0.9778 0.2093 -0.0000
vn -0.9717 0.2361 -0.0000
vn -0.9680 0.2508 -0.0000
vn -0.9638 0.2666 -0.0000
vn -0.9680 0.2509 -0.0000
vn -0.9590 0.2834 -0.0000
vn -0.9535 0.3014 -0.0000
vn -0.9472 0.3206 -0.0000
vn -0.9399 0.3413 -0.0000
vn -0.9472 0.3207 -0.0000
vn -0.9316 0.3635 -0.0000
vn -0.9219 0.3874 -0.0000
vn -0.8366 -0.5478 -0.0000
vn 0.3956 0.9184 -0.0000
vn -0.9263 0.3767 -0.0000
vn 0.9277 0.3733 -0.0000
vn 0.3955 0.9185 -0.0000
vn 0.9183 0.3959 -0.0000
vn 0.9087 0.4175 -0.0000
vn 0.8989 0.4382 -0.0000
vn 0.8890 0.4580 -0.0000
vn 0.8790 0.4769 -0.0000
vn 0.8889 0.4580 -0.0000
vn 0.8689 0.4949 -0.0000
vn 0.8589 0.5121 -0.0000
vn 0.8489 0.5285 -0.0000
vn 0.8589 0.5122 -0.0000
vn 0.8389 0.5442 -0.0000
vn 0.8489 0.5286 -0.0000
vn 0.8291 0.5591 -0.0000
vn 0.9548 -0.2973 -0.0000
vn 0.8291 0.5592 -0.0000
vn -0.2989 -0.9543 -0.0000
vn 0.9548 -0.2972 -0.0000
vn -0.8306 -0.5569 -0.0000
vn -0.8396 -0.5432 -0.0000
vn -0.8485 -0.5293 -0.0000
vn -0.8572 -0.5150 -0.0000
vn -0.8658 -0.5005 -0.0000
vn -0.8742 -0.4856 -0.0000
vn -0.8658 -0.5004 -0.0000
vn -0.8824 -0.4705 -0.0000
vn -0.8904 -0.4552 -0.0000
vn -0.8982 -0.4396 -0.0000
vn -0.9058 -0.4237 -0.0000
vn -0.8982 -0.4395 -0.0000
vn -0.9132 -0.4076 -0.0000
vn 0.3789 0.9254 -0.0000
vn -0.9270 0.3751 -0.0000
vn 0.9235 0.3837 -0.0000
vn 0.9156 0.4022 -0.0000
vn 0.9071 0.4208 -0.0000
vn 0.9155 0.4022 -0.0000
vn 0.8983 0.4395 -0.0000
vn 0.8889 0.4582 -0.0000
vn 0.8982 0.4395 -0.0000
vn 0.8790 0.4768 -0.0000
vn 0.8686 0.4954 -0.0000
vn 0.8578 0.5140 -0.0000
vn 0.8465 0.5324 -0.0000
vn 0.8347 0.5508 -0.0000
vn 0.8224 0.5689 -0.0000
vn 0.9534 -0.3018 -0.0000
vn -0.2907 -0.9568 -0.0000
vn -0.8093 -0.5874 -0.0000
vn -0.8228 -0.5683 -0.0000
vn -0.8093 -0.5873 -0.0000
vn -0.8358 -0.5490 -0.0000
vn -0.8483 -0.5295 -0.0000
vn -0.8602 -0.5099 -0.0000
vn -0.8716 -0.4903 -0.0000
vn -0.8824 -0.4706 -0.0000
vn -0.8926 -0.4508 -0.0000
vn -0.9023 -0.4311 -0.0000
vn -0.9114 -0.4114 -0.0000
vn -0.9200 -0.3918 -0.0000
vn 0.7903 -0.6127 -0.0000
vn 0.5864 0.8100 -0.0000
vn 0.0367 -0.9993 -0.0000
vn 0.0422 -0.9991 -0.0000
vn 0.0472 -0.9989 -0.0000
vn 0.0518 -0.9987 -0.0000
vn 0.0561 -0.9984 -0.0000
vn 0.0601 -0.9982 -0.0000
vn 0.0638 -0.9980 -0.0000
vn 0.0672 -0.9977 -0.0000
vn 0.0705 -0.9975 -0.0000
vn 0.0735 -0.9973 -0.0000
vn 0.0763 -0.9971 -0.0000
vn 0.5745 -0.8185 -0.0000
vn 0.9140 -0.4058 -0.0000
vn 0.9192 -0.3937 -0.0000
vn 0.9288 -0.3705 -0.0000
vn 0.9332 -0.3593 -0.0000
vn 0.9373 -0.3484 -0.0000
vn 0.9412 -0.3379 -0.0000
vn 0.9448 -0.3276 -0.0000
vn 0.9483 -0.3175 -0.0000
vn 0.9448 -0.3275 -0.0000
vn 0.9515 -0.3077 -0.0000
vn 0.9545 -0.2982 -0.0000
vn 0.4717 -0.8817 -0.0000
vn -0.8843 -0.4670 -0.0000
vn 0.4718 -0.8817 -0.0000
vn -0.9513 0.3081 -0.0000
vn -0.9485 0.3169 -0.0000
vn -0.9513 0.3082 -0.0000
vn -0.9454 0.3260 -0.0000
vn -0.9386 0.3450 -0.0000
vn -0.9349 0.3550 -0.0000
vn -0.9309 0.3653 -0.0000
vn -0.9266 0.3760 -0.0000
vn -0.9220 0.3871 -0.0000
vn -0.9172 0.3985 -0.0000
vn -0.9119 0.4104 -0.0000
vn -0.8193 -0.5733 -0.0000
vn 0.0817 -0.9967 -0.0000
vn -0.8194 -0.5733 -0.0000
vn 0.0859 -0.9963 -0.0000
vn 0.0902 -0.9959 -0.0000
vn 0.0945 -0.9955 -0.0000
vn 0.0990 -0.9951 -0.0000
vn 0.1036 -0.9946 -0.0000
vn 0.1083 -0.9941 -0.0000
vn 0.1131 -0.9936 -0.0000
vn 0.1180 -0.9930 -0.0000
vn 0.1230 -0.9924 -0.0000
vn 0.1282 -0.9918 -0.0000
vn 0.8948 -0.4464 -0.0000
vn 0.8690 0.4949 -0.0000
vn 0.8948 -0.4465 -0.0000
vn 0.8653 0.5013 -0.0000
vn 0.8613 0.5081 -0.0000
vn 0.8571 0.5152 -0.0000
vn 0.8525 0.5227 -0.0000
vn 0.8477 0.5305 -0.0000
vn 0.8424 0.5388 -0.0000
vn 0.8368 0.5476 -0.0000
vn 0.8306 0.5568 -0.0000
vn 0.8368 0.5475 -0.0000
vn 0.8240 0.5665 -0.0000
vn 0.8307 0.5568 -0.0000
vn 0.8169 0.5768 -0.0000
vn 0.9801 -0.1984 -0.0000
vn 0.8168 0.5769 -0.0000
vn -0.1904 -0.9817 -0.0000
vn -0.8087 -0.5882 -0.0000
vn -0.8188 -0.5741 -0.0000
vn -0.8284 -0.5601 -0.0000
vn -0.8376 -0.5462 -0.0000
vn -0.8464 -0.5325 -0.0000
vn -0.8548 -0.5190 -0.0000
vn -0.8627 -0.5057 -0.0000
vn -0.8703 -0.4925 -0.0000
vn -0.8775 -0.4796 -0.0000
vn -0.8844 -0.4668 -0.0000
vn -0.8909 -0.4543 -0.0000
vn -0.9534 0.3018 -0.0000
vn 0.3022 0.9532 -0.0000
vn -0.9534 0.3017 -0.0000
vn 0.8997 0.4365 -0.0000
vn 0.9043 0.4269 -0.0000
vn 0.8997 0.4364 -0.0000
vn 0.9032 0.4292 -0.0000
vn 0.9043 0.4268 -0.0000
vn 0.9021 0.4315 -0.0000
vn 0.9010 0.4338 -0.0000
vn 0.8999 0.4361 -0.0000
vn 0.8978 0.4404 -0.0000
vn 0.8988 0.4383 -0.0000
vn 0.8968 0.4425 -0.0000
vn 0.8957 0.4446 -0.0000
vn 0.8947 0.4467 -0.0000
vn 0.8937 0.4487 -0.0000
vn 0.8947 0.4466 -0.0000
vn 0.8899 0.4561 -0.0000
vn 0.8937 0.4486 -0.0000
vn 0.4461 0.8950 -0.0000
vn -0.1596 0.9872 -0.0000
vn -0.1507 0.9886 -0.0000
vn -0.1427 0.9898 -0.0000
vn -0.1356 0.9908 -0.0000
vn -0.1292 0.9916 -0.0000
vn -0.1234 0.9924 -0.0000
vn -0.1181 0.9930 -0.0000
vn -0.1134 0.9936 -0.0000
vn -0.1090 0.9940 -0.0000
vn -0.1049 0.9945 -0.0000
vn -0.1012 0.9949 -0.0000
vt 0.237624 0.000000
vt 0.257426 0.000000
vt 0.247525 0.000000
vt 0.267327 0.000000
vt 0.227723 0.000000
vt 0.277228 0.000000
vt 0.217822 0.000000
vt 0.287129 0.000000
vt 0.207921 0.000000
vt 0.297030 0.000000
vt 0.198020 0.000000
vt 0.306931 0.000000
vt 0.188119 0.000000
vt 0.316832 0.000000
vt 0.613861 0.000000
vt 0.633663 0.000000
vt 0.623762 0.000000
vt 0.178218 0.000000
vt 0.326733 0.000000
vt 0.643564 0.000000
vt 0.603960 0.000000
vt 0.594059 0.000000
vt 0.653465 0.000000
vt 0.168317 0.000000
vt 0.584158 0.000000
vt 0.336634 0.000000
vt 0.574257 0.000000
vt 0.663366 0.000000
vt 0.564356 0.000000
vt 0.158416 0.000000
vt 0.673267 0.000000
vt 0.554455 0.000000
vt 0.346535 0.000000
vt 0.544554 0.000000
vt 0.683168 0.000000
vt 0.534653 0.000000
vt 0.148515 0.000000
vt 0.356436 0.000000
vt 0.524752 0.000000
vt 0.693069 0.000000
vt 0.514852 0.000000
vt 0.702970 0.000000
vt 0.504951 0.000000
vt 0.138614 0.000000
vt 0.366337 0.000000
vt 0.495050 0.000000
vt 0.712871 0.000000
vt 0.485149 0.000000
vt 0.376238 0.000000
vt 0.475248 0.000000
vt 0.128713 0.000000
vt 0.465347 0.000000
vt 0.455446 0.000000
vt 0.445545 0.000000
vt 0.722772 0.000000
vt 0.435644 0.000000
vt 0.425743 0.000000
vt 0.415842 0.000000
vt 0.405941 0.000000
vt 0.396040 0.000000
vt 0.386139 0.000000
vt 0.118812 0.000000
vt 0.108911 0.000000
vt 0.099010 0.000000
vt 0.891089 0.000000
vt 0.732673 0.000000
vt 0.089109 0.000000
vt 0.079208 0.000000
vt 0.069307 0.000000
vt 0.059406 0.000000
vt 0.049505 0.000000
vt 0.039604 0.000000
vt 0.029703 0.000000
vt 0.019802 0.000000
vt 0.009901 0.000000
vt 0.000000 0.000000
vt 0.900990 0.000000
vt 0.881188 0.000000
vt 0.910891 0.000000
vt 0.871287 0.000000
vt 0.920792 0.000000
vt 0.861386 0.000000
vt 0.930693 0.000000
vt 0.940594 0.000000
vt 0.851485 0.000000
vt 0.742574 0.000000
vt 0.950495 0.000000
vt 0.841584 0.000000
vt 0.960396 0.000000
vt 0.831683 0.000000
vt 0.970297 0.000000
vt 0.821782 0.000000
vt 0.980198 0.000000
vt 0.811881 0.000000
vt 0.990099 0.000000
vt 0.801980 0.000000
vt 1.000000 0.000000
vt 0.792079 0.000000
vt 0.782178 0.000000
vt 0.752475 0.000000
vt 0.772277 0.000000
vt 0.762376 0.000000
vt 0.666667 0.000000
vt 0.333333 0.000000
vt 0.927711 0.000000
vt 0.939759 0.000000
vt 0.933735 0.000000
vt 0.945783 0.000000
vt 0.921687 0.000000
vt 0.951807 0.000000
vt 0.771084 0.000000
vt 0.783133 0.000000
vt 0.777108 0.000000
vt 0.915663 0.000000
vt 0.957831 0.000000
vt 0.909639 0.000000
vt 0.789157 0.000000
vt 0.963855 0.000000
vt 0.765060 0.000000
vt 0.903614 0.000000
vt 0.795181 0.000000
vt 0.602410 0.000000
vt 0.614458 0.000000
vt 0.608434 0.000000
vt 0.969880 0.000000
vt 0.759036 0.000000
vt 0.897590 0.000000
vt 0.801205 0.000000
vt 0.975904 0.000000
vt 0.620482 0.000000
vt 0.753012 0.000000
vt 0.891566 0.000000
vt 0.807229 0.000000
vt 0.981928 0.000000
vt 0.626506 0.000000
vt 0.746988 0.000000
vt 0.885542 0.000000
vt 0.813253 0.000000
vt 0.987952 0.000000
vt 0.596386 0.000000
vt 0.740964 0.000000
vt 0.819277 0.000000
vt 0.879518 0.000000
vt 0.632530 0.000000
vt 0.993976 0.000000
vt 0.825301 0.000000
vt 0.734940 0.000000
vt 0.873494 0.000000
vt 0.638554 0.000000
vt 0.831325 0.000000
vt 0.728916 0.000000
vt 0.867470 0.000000
vt 0.849398 0.000000
vt 0.590361 0.000000
vt 0.644578 0.000000
vt 0.837349 0.000000
vt 0.722892 0.000000
vt 0.861446 0.000000
vt 0.855422 0.000000
vt 0.650602 0.000000
vt 0.716867 0.000000
vt 0.843373 0.000000
vt 0.656627 0.000000
vt 0.710843 0.000000
vt 0.692771 0.000000
vt 0.584337 0.000000
vt 0.662651 0.000000
vt 0.704819 0.000000
vt 0.698795 0.000000
vt 0.668675 0.000000
vt 0.674699 0.000000
vt 0.578313 0.000000
vt 0.680723 0.000000
vt 0.686747 0.000000
vt 0.006024 0.000000
vt 0.572289 0.000000
vt 0.566265 0.000000
vt 0.457831 0.000000
vt 0.463855 0.000000
vt 0.451807 0.000000
vt 0.445783 0.000000
vt 0.012048 0.000000
vt 0.018072 0.000000
vt 0.560241 0.000000
vt 0.469880 0.000000
vt 0.439759 0.000000
vt 0.024096 0.000000
vt 0.475904 0.000000
vt 0.433735 0.000000
vt 0.554217 0.000000
vt 0.481928 0.000000
vt 0.427711 0.000000
vt 0.030120 0.000000
vt 0.548193 0.000000
vt 0.487952 0.000000
vt 0.421687 0.000000
vt 0.036145 0.000000
vt 0.493976 0.000000
vt 0.415663 0.000000
vt 0.542169 0.000000
vt 0.500000 0.000000
vt 0.409639 0.000000
vt 0.042169 0.000000
vt 0.536145 0.000000
vt 0.506024 0.000000
vt 0.403614 0.000000
vt 0.512048 0.000000
vt 0.048193 0.000000
vt 0.397590 0.000000
vt 0.530120 0.000000
vt 0.518072 0.000000
vt 0.391566 0.000000
vt 0.054217 0.000000
vt 0.524096 0.000000
vt 0.385542 0.000000
vt 0.379518 0.000000
vt 0.060241 0.000000
vt 0.373494 0.000000
vt 0.066265 0.000000
vt 0.367470 0.000000
vt 0.072289 0.000000
vt 0.361446 0.000000
vt 0.078313 0.000000
vt 0.355422 0.000000
vt 0.084337 0.000000
vt 0.349398 0.000000
vt 0.090361 0.000000
vt 0.343374 0.000000
vt 0.096386 0.000000
vt 0.337349 0.000000
vt 0.102410 0.000000
vt 0.331325 0.000000
vt 0.108434 0.000000
vt 0.325301 0.000000
vt 0.114458 0.000000
vt 0.319277 0.000000
vt 0.120482 0.000000
vt 0.313253 0.000000
vt 0.126506 0.000000
vt 0.307229 0.000000
vt 0.132530 0.000000
vt 0.301205 0.000000
vt 0.295181 0.000000
vt 0.138554 0.000000
vt 0.289157 0.000000
vt 0.144578 0.000000
vt 0.283133 0.000000
vt 0.277108 0.000000
vt 0.150602 0.000000
vt 0.271084 0.000000
vt 0.265060 0.000000
vt 0.156627 0.000000
vt 0.259036 0.000000
vt 0.162651 0.000000
vt 0.253012 0.000000
vt 0.168675 0.000000
vt 0.246988 0.000000
vt 0.174699 0.000000
vt 0.240964 0.000000
vt 0.180723 0.000000
vt 0.234940 0.000000
vt 0.186747 0.000000
vt 0.228916 0.000000
vt 0.192771 0.000000
vt 0.198795 0.000000
vt 0.204819 0.000000
vt 0.210843 0.000000
vt 0.216867 0.000000
vt 0.222892 0.000000
vt 0.149425 0.000000
vt 0.172414 0.000000
vt 0.160920 0.000000
vt 0.183908 0.000000
vt 0.195402 0.000000
vt 0.206897 0.000000
vt 0.218391 0.000000
vt 0.229885 0.000000
vt 0.241379 0.000000
vt 0.252874 0.000000
vt 0.264368 0.000000
vt 0.275862 0.000000
vt 0.137931 0.000000
vt 0.287356 0.000000
vt 0.126437 0.000000
vt 0.114943 0.000000
vt 0.103448 0.000000
vt 0.091954 0.000000
vt 0.080460 0.000000
vt 0.068966 0.000000
vt 0.057471 0.000000
vt 0.045977 0.000000
vt 0.034483 0.000000
vt 0.022989 0.000000
vt 0.011494 0.000000
vt 0.574713 0.000000
vt 0.597701 0.000000
vt 0.586207 0.000000
vt 0.609195 0.000000
vt 0.563218 0.000000
vt 0.620690 0.000000
vt 0.632184 0.000000
vt 0.551724 0.000000
vt 0.643678 0.000000
vt 0.540230 0.000000
vt 0.655172 0.000000
vt 0.528736 0.000000
vt 0.678161 0.000000
vt 0.689655 0.000000
vt 0.517241 0.000000
vt 0.701149 0.000000
vt 0.712644 0.000000
vt 0.505747 0.000000
vt 0.724138 0.000000
vt 0.494253 0.000000
vt 0.735632 0.000000
vt 0.747126 0.000000
vt 0.482759 0.000000
vt 0.758621 0.000000
vt 0.471264 0.000000
vt 0.770115 0.000000
vt 0.781609 0.000000
vt 0.459770 0.000000
vt 0.793103 0.000000
vt 0.448276 0.000000
vt 0.804598 0.000000
vt 0.436782 0.000000
vt 0.816092 0.000000
vt 0.425287 0.000000
vt 0.413793 0.000000
vt 0.827586 0.000000
vt 0.402299 0.000000
vt 0.390805 0.000000
vt 0.379310 0.000000
vt 0.839080 0.000000
vt 0.367816 0.000000
vt 0.356322 0.000000
vt 0.344828 0.000000
vt 0.850575 0.000000
vt 0.321839 0.000000
vt 0.310345 0.000000
vt 0.298851 0.000000
vt 0.862069 0.000000
vt 0.873563 0.000000
vt 0.885057 0.000000
vt 0.896552 0.000000
vt 0.908046 0.000000
vt 0.919540 0.000000
vt 0.931035 0.000000
vt 0.942529 0.000000
vt 0.954023 0.000000
vt 0.965517 0.000000
vt 0.977012 0.000000
vt 0.988506 0.000000
vt 0.181818 0.000000
vt 0.090909 0.000000
vt 0.272727 0.000000
vt 0.909091 0.000000
vt 0.727273 0.000000
vt 0.818182 0.000000
vt 0.636364 0.000000
vt 0.545455 0.000000
vt 0.363636 0.000000
vt 0.454545 0.000000
vt 0.104000 0.000000
vt 0.120000 0.000000
vt 0.112000 0.000000
vt 0.128000 0.000000
vt 0.136000 0.000000
vt 0.144000 0.000000
vt 0.152000 0.000000
vt 0.160000 0.000000
vt 0.168000 0.000000
vt 0.176000 0.000000
vt 0.184000 0.000000
vt 0.192000 0.000000
vt 0.096000 0.000000
vt 0.200000 0.000000
vt 0.088000 0.000000
vt 0.080000 0.000000
vt 0.072000 0.000000
vt 0.064000 0.000000
vt 0.056000 0.000000
vt 0.048000 0.000000
vt 0.040000 0.000000
vt 0.032000 0.000000
vt 0.024000 0.000000
vt 0.016000 0.000000
vt 0.008000 0.000000
vt 0.704000 0.000000
vt 0.720000 0.000000
vt 0.712000 0.000000
vt 0.696000 0.000000
vt 0.728000 0.000000
vt 0.688000 0.000000
vt 0.736000 0.000000
vt 0.680000 0.000000
vt 0.312000 0.000000
vt 0.328000 0.000000
vt 0.320000 0.000000
vt 0.336000 0.000000
vt 0.344000 0.000000
vt 0.672000 0.000000
vt 0.744000 0.000000
vt 0.352000 0.000000
vt 0.360000 0.000000
vt 0.368000 0.000000
vt 0.664000 0.000000
vt 0.376000 0.000000
vt 0.752000 0.000000
vt 0.384000 0.000000
vt 0.392000 0.000000
vt 0.656000 0.000000
vt 0.400000 0.000000
vt 0.304000 0.000000
vt 0.760000 0.000000
vt 0.408000 0.000000
vt 0.296000 0.000000
vt 0.208000 0.000000
vt 0.648000 0.000000
vt 0.288000 0.000000
vt 0.280000 0.000000
vt 0.272000 0.000000
vt 0.264000 0.000000
vt 0.256000 0.000000
vt 0.248000 0.000000
vt 0.240000 0.000000
vt 0.232000 0.000000
vt 0.224000 0.000000
vt 0.216000 0.000000
vt 0.768000 0.000000
vt 0.640000 0.000000
vt 0.632000 0.000000
vt 0.776000 0.000000
vt 0.624000 0.000000
vt 0.784000 0.000000
vt 0.616000 0.000000
vt 0.792000 0.000000
vt 0.608000 0.000000
vt 0.800000 0.000000
vt 0.600000 0.000000
vt 0.808000 0.000000
vt 0.592000 0.000000
vt 0.816000 0.000000
vt 0.584000 0.000000
vt 0.824000 0.000000
vt 0.576000 0.000000
vt 0.832000 0.000000
vt 0.568000 0.000000
vt 0.840000 0.000000
vt 0.560000 0.000000
vt 0.848000 0.000000
vt 0.552000 0.000000
vt 0.856000 0.000000
vt 0.544000 0.000000
vt 0.864000 0.000000
vt 0.536000 0.000000
vt 0.528000 0.000000
vt 0.872000 0.000000
vt 0.520000 0.000000
vt 0.880000 0.000000
vt 0.512000 0.000000
vt 0.504000 0.000000
vt 0.888000 0.000000
vt 0.496000 0.000000
vt 0.488000 0.000000
vt 0.480000 0.000000
vt 0.896000 0.000000
vt 0.472000 0.000000
vt 0.464000 0.000000
vt 0.456000 0.000000
vt 0.448000 0.000000
vt 0.904000 0.000000
vt 0.440000 0.000000
vt 0.432000 0.000000
vt 0.424000 0.000000
vt 0.416000 0.000000
vt 0.912000 0.000000
vt 0.920000 0.000000
vt 0.928000 0.000000
vt 0.936000 0.000000
vt 0.944000 0.000000
vt 0.952000 0.000000
vt 0.960000 0.000000
vt 0.968000 0.000000
vt 0.976000 0.000000
vt 0.984000 0.000000
vt 0.992000 0.000000
vt 0.017241 0.000000
vt 0.008621 0.000000
vt 0.025862 0.000000
vt 0.439655 0.000000
vt 0.043103 0.000000
vt 0.431034 0.000000
vt 0.422414 0.000000
vt 0.051724 0.000000
vt 0.405172 0.000000
vt 0.396552 0.000000
vt 0.060345 0.000000
vt 0.387931 0.000000
vt 0.370690 0.000000
vt 0.362069 0.000000
vt 0.353448 0.000000
vt 0.077586 0.000000
vt 0.336207 0.000000
vt 0.456897 0.000000
vt 0.474138 0.000000
vt 0.465517 0.000000
vt 0.086207 0.000000
vt 0.327586 0.000000
vt 0.318966 0.000000
vt 0.094828 0.000000
vt 0.301724 0.000000
vt 0.112069 0.000000
vt 0.293103 0.000000
vt 0.491379 0.000000
vt 0.284483 0.000000
vt 0.120690 0.000000
vt 0.991379 0.000000
vt 0.129310 0.000000
vt 0.267241 0.000000
vt 0.258621 0.000000
vt 0.982759 0.000000
vt 0.146552 0.000000
vt 0.250000 0.000000
vt 0.155172 0.000000
vt 0.974138 0.000000
vt 0.163793 0.000000
vt 0.508621 0.000000
vt 0.232759 0.000000
vt 0.181034 0.000000
vt 0.189655 0.000000
vt 0.198276 0.000000
vt 0.956897 0.000000
vt 0.215517 0.000000
vt 0.224138 0.000000
vt 0.948276 0.000000
vt 0.525862 0.000000
vt 0.939655 0.000000
vt 0.534483 0.000000
vt 0.922414 0.000000
vt 0.543103 0.000000
vt 0.913793 0.000000
vt 0.905172 0.000000
vt 0.887931 0.000000
vt 0.560345 0.000000
vt 0.879310 0.000000
vt 0.870690 0.000000
vt 0.568965 0.000000
vt 0.853448 0.000000
vt 0.577586 0.000000
vt 0.844828 0.000000
vt 0.836207 0.000000
vt 0.818965 0.000000
vt 0.594828 0.000000
vt 0.810345 0.000000
vt 0.801724 0.000000
vt 0.603448 0.000000
vt 0.784483 0.000000
vt 0.612069 0.000000
vt 0.775862 0.000000
vt 0.767241 0.000000
vt 0.629310 0.000000
vt 0.750000 0.000000
vt 0.741379 0.000000
vt 0.637931 0.000000
vt 0.732759 0.000000
vt 0.646552 0.000000
vt 0.715517 0.000000
vt 0.706897 0.000000
vt 0.698276 0.000000
vt 0.663793 0.000000
vt 0.672414 0.000000
vt 0.681035 0.000000
vt 0.018868 1.000000
vt 0.000000 1.000000
vt 0.037736 1.000000
vt 0.018868 0.000000
vt 0.056604 1.000000
vt 0.037736 0.000000
vt 0.075472 1.000000
vt 0.056604 0.000000
vt 0.094340 1.000000
vt 0.075472 0.000000
vt 0.113208 1.000000
vt 0.094340 0.000000
vt 0.132075 1.000000
vt 0.113208 0.000000
vt 0.150943 1.000000
vt 0.132075 0.000000
vt 0.169811 1.000000
vt 0.150943 0.000000
vt 0.188679 1.000000
vt 0.169811 0.000000
vt 0.207547 1.000000
vt 0.188679 0.000000
vt 0.226415 1.000000
vt 0.207547 0.000000
vt 0.245283 1.000000
vt 0.226415 0.000000
vt 0.264151 1.000000
vt 0.245283 0.000000
vt 0.283019 1.000000
vt 0.264151 0.000000
vt 0.301887 1.000000
vt 0.283019 0.000000
vt 0.320755 1.000000
vt 0.301887 0.000000
vt 0.339623 1.000000
vt 0.320755 0.000000
vt 0.358491 1.000000
vt 0.339623 0.000000
vt 0.377358 1.000000
vt 0.358491 0.000000
vt 0.396226 1.000000
vt 0.377358 0.000000
vt 0.415094 1.000000
vt 0.396226 0.000000
vt 0.433962 1.000000
vt 0.415094 0.000000
vt 0.452830 1.000000
vt 0.433962 0.000000
vt 0.471698 1.000000
vt 0.452830 0.000000
vt 0.490566 1.000000
vt 0.471698 0.000000
vt 0.509434 1.000000
vt 0.490566 0.000000
vt 0.528302 1.000000
vt 0.509434 0.000000
vt 0.547170 1.000000
vt 0.528302 0.000000
vt 0.566038 1.000000
vt 0.547170 0.000000
vt 0.584906 1.000000
vt 0.566038 0.000000
vt 0.603774 1.000000
vt 0.584906 0.000000
vt 0.622642 1.000000
vt 0.603774 0.000000
vt 0.641509 1.000000
vt 0.622642 0.000000
vt 0.660377 1.000000
vt 0.641509 0.000000
vt 0.679245 1.000000
vt 0.660377 0.000000
vt 0.698113 1.000000
vt 0.679245 0.000000
vt 0.716981 1.000000
vt 0.698113 0.000000
vt 0.735849 1.000000
vt 0.716981 0.000000
vt 0.754717 1.000000
vt 0.735849 0.000000
vt 0.773585 1.000000
vt 0.754717 0.000000
vt 0.792453 1.000000
vt 0.773585 0.000000
vt 0.811321 1.000000
vt 0.792453 0.000000
vt 0.830189 1.000000
vt 0.811321 0.000000
vt 0.849057 1.000000
vt 0.830189 0.000000
vt 0.867925 1.000000
vt 0.849057 0.000000
vt 0.886792 1.000000
vt 0.867925 0.000000
vt 0.905660 1.000000
vt 0.886792 0.000000
vt 0.924528 1.000000
vt 0.905660 0.000000
vt 0.943396 1.000000
vt 0.924528 0.000000
vt 0.962264 1.000000
vt 0.943396 0.000000
vt 0.981132 1.000000
vt 0.962264 0.000000
vt 1.000000 1.000000
vt 0.981132 0.000000
vt 0.015625 1.000000
vt 0.031250 1.000000
vt 0.015625 0.000000
vt 0.046875 1.000000
vt 0.031250 0.000000
vt 0.062500 1.000000
vt 0.046875 0.000000
vt 0.078125 1.000000
vt 0.062500 0.000000
vt 0.093750 1.000000
vt 0.078125 0.000000
vt 0.109375 1.000000
vt 0.093750 0.000000
vt 0.125000 1.000000
vt 0.109375 0.000000
vt 0.140625 1.000000
vt 0.125000 0.000000
vt 0.156250 1.000000
vt 0.140625 0.000000
vt 0.171875 1.000000
vt 0.156250 0.000000
vt 0.187500 1.000000
vt 0.171875 0.000000
vt 0.203125 1.000000
vt 0.187500 0.000000
vt 0.218750 1.000000
vt 0.203125 0.000000
vt 0.234375 1.000000
vt 0.218750 0.000000
vt 0.250000 1.000000
vt 0.234375 0.000000
vt 0.265625 1.000000
vt 0.281250 1.000000
vt 0.265625 0.000000
vt 0.296875 1.000000
vt 0.281250 0.000000
vt 0.312500 1.000000
vt 0.296875 0.000000
vt 0.328125 1.000000
vt 0.312500 0.000000
vt 0.343750 1.000000
vt 0.328125 0.000000
vt 0.359375 1.000000
vt 0.343750 0.000000
vt 0.375000 1.000000
vt 0.359375 0.000000
vt 0.390625 1.000000
vt 0.375000 0.000000
vt 0.406250 1.000000
vt 0.390625 0.000000
vt 0.421875 1.000000
vt 0.406250 0.000000
vt 0.437500 1.000000
vt 0.421875 0.000000
vt 0.453125 1.000000
vt 0.437500 0.000000
vt 0.468750 1.000000
vt 0.453125 0.000000
vt 0.484375 1.000000
vt 0.468750 0.000000
vt 0.500000 1.000000
vt 0.484375 0.000000
vt 0.515625 1.000000
vt 0.531250 1.000000
vt 0.515625 0.000000
vt 0.546875 1.000000
vt 0.531250 0.000000
vt 0.562500 1.000000
vt 0.546875 0.000000
vt 0.578125 1.000000
vt 0.562500 0.000000
vt 0.593750 1.000000
vt 0.578125 0.000000
vt 0.609375 1.000000
vt 0.593750 0.000000
vt 0.625000 1.000000
vt 0.609375 0.000000
vt 0.640625 1.000000
vt 0.625000 0.000000
vt 0.656250 1.000000
vt 0.640625 0.000000
vt 0.671875 1.000000
vt 0.656250 0.000000
vt 0.687500 1.000000
vt 0.671875 0.000000
vt 0.703125 1.000000
vt 0.687500 0.000000
vt 0.718750 1.000000
vt 0.703125 0.000000
vt 0.734375 1.000000
vt 0.718750 0.000000
vt 0.750000 1.000000
vt 0.734375 0.000000
vt 0.765625 1.000000
vt 0.781250 1.000000
vt 0.765625 0.000000
vt 0.796875 1.000000
vt 0.781250 0.000000
vt 0.812500 1.000000
vt 0.796875 0.000000
vt 0.828125 1.000000
vt 0.812500 0.000000
vt 0.843750 1.000000
vt 0.828125 0.000000
vt 0.859375 1.000000
vt 0.843750 0.000000
vt 0.875000 1.000000
vt 0.859375 0.000000
vt 0.890625 1.000000
vt 0.875000 0.000000
vt 0.906250 1.000000
vt 0.890625 0.000000
vt 0.921875 1.000000
vt 0.906250 0.000000
vt 0.937500 1.000000
vt 0.921875 0.000000
vt 0.953125 1.000000
vt 0.937500 0.000000
vt 0.968750 1.000000
vt 0.953125 0.000000
vt 0.984375 1.000000
vt 0.968750 0.000000
vt 0.984375 0.000000
vt 0.009804 1.000000
vt 0.019608 1.000000
vt 0.009804 0.000000
vt 0.029412 1.000000
vt 0.019608 0.000000
vt 0.039216 1.000000
vt 0.029412 0.000000
vt 0.049020 1.000000
vt 0.039216 0.000000
vt 0.058824 1.000000
vt 0.049020 0.000000
vt 0.068627 1.000000
vt 0.058824 0.000000
vt 0.078431 1.000000
vt 0.068627 0.000000
vt 0.088235 1.000000
vt 0.078431 0.000000
vt 0.098039 1.000000
vt 0.088235 0.000000
vt 0.107843 1.000000
vt 0.098039 0.000000
vt 0.117647 1.000000
vt 0.107843 0.000000
vt 0.127451 1.000000
vt 0.117647 0.000000
vt 0.137255 1.000000
vt 0.127451 0.000000
vt 0.147059 1.000000
vt 0.137255 0.000000
vt 0.156863 1.000000
vt 0.147059 0.000000
vt 0.166667 1.000000
vt 0.156863 0.000000
vt 0.176471 1.000000
vt 0.166667 0.000000
vt 0.186275 1.000000
vt 0.176471 0.000000
vt 0.196078 1.000000
vt 0.186275 0.000000
vt 0.205882 1.000000
vt 0.196078 0.000000
vt 0.215686 1.000000
vt 0.205882 0.000000
vt 0.225490 1.000000
vt 0.215686 0.000000
vt 0.235294 1.000000
vt 0.225490 0.000000
vt 0.245098 1.000000
vt 0.235294 0.000000
vt 0.254902 1.000000
vt 0.245098 0.000000
vt 0.264706 1.000000
vt 0.254902 0.000000
vt 0.274510 1.000000
vt 0.264706 0.000000
vt 0.284314 1.000000
vt 0.274510 0.000000
vt 0.294118 1.000000
vt 0.284314 0.000000
vt 0.303922 1.000000
vt 0.294118 0.000000
vt 0.313726 1.000000
vt 0.303922 0.000000
vt 0.323529 1.000000
vt 0.313726 0.000000
vt 0.333333 1.000000
vt 0.323529 0.000000
vt 0.343137 1.000000
vt 0.352941 1.000000
vt 0.343137 0.000000
vt 0.362745 1.000000
vt 0.352941 0.000000
vt 0.372549 1.000000
vt 0.362745 0.000000
vt 0.382353 1.000000
vt 0.372549 0.000000
vt 0.392157 1.000000
vt 0.382353 0.000000
vt 0.401961 1.000000
vt 0.392157 0.000000
vt 0.411765 1.000000
vt 0.401961 0.000000
vt 0.421569 1.000000
vt 0.411765 0.000000
vt 0.431373 1.000000
vt 0.421569 0.000000
vt 0.441176 1.000000
vt 0.431373 0.000000
vt 0.450980 1.000000
vt 0.441176 0.000000
vt 0.460784 1.000000
vt 0.450980 0.000000
vt 0.470588 1.000000
vt 0.460784 0.000000
vt 0.480392 1.000000
vt 0.470588 0.000000
vt 0.490196 1.000000
vt 0.480392 0.000000
vt 0.490196 0.000000
vt 0.509804 1.000000
vt 0.519608 1.000000
vt 0.509804 0.000000
vt 0.529412 1.000000
vt 0.519608 0.000000
vt 0.539216 1.000000
vt 0.529412 0.000000
vt 0.549020 1.000000
vt 0.539216 0.000000
vt 0.558824 1.000000
vt 0.549020 0.000000
vt 0.568627 1.000000
vt 0.558824 0.000000
vt 0.578431 1.000000
vt 0.568627 0.000000
vt 0.588235 1.000000
vt 0.578431 0.000000
vt 0.598039 1.000000
vt 0.588235 0.000000
vt 0.607843 1.000000
vt 0.598039 0.000000
vt 0.617647 1.000000
vt 0.607843 0.000000
vt 0.627451 1.000000
vt 0.617647 0.000000
vt 0.637255 1.000000
vt 0.627451 0.000000
vt 0.647059 1.000000
vt 0.637255 0.000000
vt 0.656863 1.000000
vt 0.647059 0.000000
vt 0.666667 1.000000
vt 0.656863 0.000000
vt 0.676471 1.000000
vt 0.686275 1.000000
vt 0.676471 0.000000
vt 0.696078 1.000000
vt 0.686275 0.000000
vt 0.705882 1.000000
vt 0.696078 0.000000
vt 0.715686 1.000000
vt 0.705882 0.000000
vt 0.725490 1.000000
vt 0.715686 0.000000
vt 0.735294 1.000000
vt 0.725490 0.000000
vt 0.745098 1.000000
vt 0.735294 0.000000
vt 0.754902 1.000000
vt 0.745098 0.000000
vt 0.764706 1.000000
vt 0.754902 0.000000
vt 0.774510 1.000000
vt 0.764706 0.000000
vt 0.784314 1.000000
vt 0.774510 0.000000
vt 0.794118 1.000000
vt 0.784314 0.000000
vt 0.803922 1.000000
vt 0.794118 0.000000
vt 0.813725 1.000000
vt 0.803922 0.000000
vt 0.823529 1.000000
vt 0.813725 0.000000
vt 0.833333 1.000000
vt 0.823529 0.000000
vt 0.843137 1.000000
vt 0.833333 0.000000
vt 0.852941 1.000000
vt 0.843137 0.000000
vt 0.862745 1.000000
vt 0.852941 0.000000
vt 0.872549 1.000000
vt 0.862745 0.000000
vt 0.882353 1.000000
vt 0.872549 0.000000
vt 0.892157 1.000000
vt 0.882353 0.000000
vt 0.901961 1.000000
vt 0.892157 0.000000
vt 0.911765 1.000000
vt 0.901961 0.000000
vt 0.921569 1.000000
vt 0.911765 0.000000
vt 0.931373 1.000000
vt 0.921569 0.000000
vt 0.941176 1.000000
vt 0.931373 0.000000
vt 0.950980 1.000000
vt 0.941176 0.000000
vt 0.960784 1.000000
vt 0.950980 0.000000
vt 0.970588 1.000000
vt 0.960784 0.000000
vt 0.980392 1.000000
vt 0.970588 0.000000
vt 0.990196 1.000000
vt 0.980392 0.000000
vt 0.990196 0.000000
vt 0.038462 1.000000
vt 0.076923 1.000000
vt 0.038462 0.000000
vt 0.115385 1.000000
vt 0.076923 0.000000
vt 0.153846 1.000000
vt 0.115385 0.000000
vt 0.192308 1.000000
vt 0.153846 0.000000
vt 0.230769 1.000000
vt 0.192308 0.000000
vt 0.269231 1.000000
vt 0.230769 0.000000
vt 0.307692 1.000000
vt 0.269231 0.000000
vt 0.346154 1.000000
vt 0.307692 0.000000
vt 0.384615 1.000000
vt 0.346154 0.000000
vt 0.423077 1.000000
vt 0.384615 0.000000
vt 0.461538 1.000000
vt 0.423077 0.000000
vt 0.461538 0.000000
vt 0.538462 1.000000
vt 0.576923 1.000000
vt 0.538462 0.000000
vt 0.615385 1.000000
vt 0.576923 0.000000
vt 0.653846 1.000000
vt 0.615385 0.000000
vt 0.692308 1.000000
vt 0.653846 0.000000
vt 0.730769 1.000000
vt 0.692308 0.000000
vt 0.769231 1.000000
vt 0.730769 0.000000
vt 0.807692 1.000000
vt 0.769231 0.000000
vt 0.846154 1.000000
vt 0.807692 0.000000
vt 0.884615 1.000000
vt 0.846154 0.000000
vt 0.923077 1.000000
vt 0.884615 0.000000
vt 0.961538 1.000000
vt 0.923077 0.000000
vt 0.961538 0.000000
vt 0.013514 1.000000
vt 0.027027 1.000000
vt 0.013514 0.000000
vt 0.040541 1.000000
vt 0.027027 0.000000
vt 0.054054 1.000000
vt 0.040541 0.000000
vt 0.067568 1.000000
vt 0.054054 0.000000
vt 0.081081 1.000000
vt 0.067568 0.000000
vt 0.094595 1.000000
vt 0.081081 0.000000
vt 0.108108 1.000000
vt 0.094595 0.000000
vt 0.121622 1.000000
vt 0.108108 0.000000
vt 0.135135 1.000000
vt 0.121622 0.000000
vt 0.148649 1.000000
vt 0.135135 0.000000
vt 0.162162 1.000000
vt 0.148649 0.000000
vt 0.175676 1.000000
vt 0.162162 0.000000
vt 0.189189 1.000000
vt 0.175676 0.000000
vt 0.202703 1.000000
vt 0.189189 0.000000
vt 0.216216 1.000000
vt 0.202703 0.000000
vt 0.229730 1.000000
vt 0.216216 0.000000
vt 0.243243 1.000000
vt 0.229730 0.000000
vt 0.256757 1.000000
vt 0.243243 0.000000
vt 0.270270 1.000000
vt 0.256757 0.000000
vt 0.283784 1.000000
vt 0.270270 0.000000
vt 0.297297 1.000000
vt 0.283784 0.000000
vt 0.310811 1.000000
vt 0.297297 0.000000
vt 0.324324 1.000000
vt 0.310811 0.000000
vt 0.337838 1.000000
vt 0.324324 0.000000
vt 0.351351 1.000000
vt 0.337838 0.000000
vt 0.364865 1.000000
vt 0.351351 0.000000
vt 0.378378 1.000000
vt 0.364865 0.000000
vt 0.391892 1.000000
vt 0.378378 0.000000
vt 0.405405 1.000000
vt 0.391892 0.000000
vt 0.418919 1.000000
vt 0.405405 0.000000
vt 0.432432 1.000000
vt 0.418919 0.000000
vt 0.445946 1.000000
vt 0.432432 0.000000
vt 0.459459 1.000000
vt 0.445946 0.000000
vt 0.472973 1.000000
vt 0.459459 0.000000
vt 0.486486 1.000000
vt 0.472973 0.000000
vt 0.486486 0.000000
vt 0.513514 1.000000
vt 0.527027 1.000000
vt 0.513514 0.000000
vt 0.540541 1.000000
vt 0.527027 0.000000
vt 0.554054 1.000000
vt 0.540541 0.000000
vt 0.567568 1.000000
vt 0.554054 0.000000
vt 0.581081 1.000000
vt 0.567568 0.000000
vt 0.594595 1.000000
vt 0.581081 0.000000
vt 0.608108 1.000000
vt 0.594595 0.000000
vt 0.621622 1.000000
vt 0.608108 0.000000
vt 0.635135 1.000000
vt 0.621622 0.000000
vt 0.648649 1.000000
vt 0.635135 0.000000
vt 0.662162 1.000000
vt 0.648649 0.000000
vt 0.675676 1.000000
vt 0.662162 0.000000
vt 0.689189 1.000000
vt 0.675676 0.000000
vt 0.702703 1.000000
vt 0.689189 0.000000
vt 0.716216 1.000000
vt 0.702703 0.000000
vt 0.729730 1.000000
vt 0.716216 0.000000
vt 0.743243 1.000000
vt 0.729730 0.000000
vt 0.756757 1.000000
vt 0.743243 0.000000
vt 0.770270 1.000000
vt 0.756757 0.000000
vt 0.783784 1.000000
vt 0.770270 0.000000
vt 0.797297 1.000000
vt 0.783784 0.000000
vt 0.810811 1.000000
vt 0.797297 0.000000
vt 0.824324 1.000000
vt 0.810811 0.000000
vt 0.837838 1.000000
vt 0.824324 0.000000
vt 0.851351 1.000000
vt 0.837838 0.000000
vt 0.864865 1.000000
vt 0.851351 0.000000
vt 0.878378 1.000000
vt 0.864865 0.000000
vt 0.891892 1.000000
vt 0.878378 0.000000
vt 0.905405 1.000000
vt 0.891892 0.000000
vt 0.918919 1.000000
vt 0.905405 0.000000
vt 0.932432 1.000000
vt 0.918919 0.000000
vt 0.945946 1.000000
vt 0.932432 0.000000
vt 0.959459 1.000000
vt 0.945946 0.000000
vt 0.972973 1.000000
vt 0.959459 0.000000
vt 0.986486 1.000000
vt 0.972973 0.000000
vt 0.986486 0.000000
vt 0.083333 1.000000
vt 0.083333 0.000000
vt 0.416667 1.000000
vt 0.416667 0.000000
vt 0.583333 1.000000
vt 0.583333 0.000000
vt 0.916667 1.000000
vt 0.916667 0.000000
vt 0.016129 1.000000
vt 0.032258 1.000000
vt 0.016129 0.000000
vt 0.048387 1.000000
vt 0.032258 0.000000
vt 0.064516 1.000000
vt 0.048387 0.000000
vt 0.080645 1.000000
vt 0.064516 0.000000
vt 0.096774 1.000000
vt 0.080645 0.000000
vt 0.112903 1.000000
vt 0.096774 0.000000
vt 0.129032 1.000000
vt 0.112903 0.000000
vt 0.145161 1.000000
vt 0.129032 0.000000
vt 0.161290 1.000000
vt 0.145161 0.000000
vt 0.177419 1.000000
vt 0.161290 0.000000
vt 0.193548 1.000000
vt 0.177419 0.000000
vt 0.209677 1.000000
vt 0.193548 0.000000
vt 0.225806 1.000000
vt 0.209677 0.000000
vt 0.241935 1.000000
vt 0.225806 0.000000
vt 0.258065 1.000000
vt 0.241935 0.000000
vt 0.274194 1.000000
vt 0.258065 0.000000
vt 0.290323 1.000000
vt 0.274194 0.000000
vt 0.306452 1.000000
vt 0.290323 0.000000
vt 0.322581 1.000000
vt 0.306452 0.000000
vt 0.338710 1.000000
vt 0.322581 0.000000
vt 0.354839 1.000000
vt 0.338710 0.000000
vt 0.370968 1.000000
vt 0.354839 0.000000
vt 0.387097 1.000000
vt 0.370968 0.000000
vt 0.403226 1.000000
vt 0.387097 0.000000
vt 0.419355 1.000000
vt 0.403226 0.000000
vt 0.435484 1.000000
vt 0.419355 0.000000
vt 0.451613 1.000000
vt 0.435484 0.000000
vt 0.467742 1.000000
vt 0.451613 0.000000
vt 0.483871 1.000000
vt 0.467742 0.000000
vt 0.483871 0.000000
vt 0.516129 1.000000
vt 0.532258 1.000000
vt 0.516129 0.000000
vt 0.548387 1.000000
vt 0.532258 0.000000
vt 0.564516 1.000000
vt 0.548387 0.000000
vt 0.580645 1.000000
vt 0.564516 0.000000
vt 0.596774 1.000000
vt 0.580645 0.000000
vt 0.612903 1.000000
vt 0.596774 0.000000
vt 0.629032 1.000000
vt 0.612903 0.000000
vt 0.645161 1.000000
vt 0.629032 0.000000
vt 0.661290 1.000000
vt 0.645161 0.000000
vt 0.677419 1.000000
vt 0.661290 0.000000
vt 0.693548 1.000000
vt 0.677419 0.000000
vt 0.709677 1.000000
vt 0.693548 0.000000
vt 0.725806 1.000000
vt 0.709677 0.000000
vt 0.741935 1.000000
vt 0.725806 0.000000
vt 0.758065 1.000000
vt 0.741935 0.000000
vt 0.774194 1.000000
vt 0.758065 0.000000
vt 0.790323 1.000000
vt 0.774194 0.000000
vt 0.806452 1.000000
vt 0.790323 0.000000
vt 0.822581 1.000000
vt 0.806452 0.000000
vt 0.838710 1.000000
vt 0.822581 0.000000
vt 0.854839 1.000000
vt 0.838710 0.000000
vt 0.870968 1.000000
vt 0.854839 0.000000
vt 0.887097 1.000000
vt 0.870968 0.000000
vt 0.903226 1.000000
vt 0.887097 0.000000
vt 0.919355 1.000000
vt 0.903226 0.000000
vt 0.935484 1.000000
vt 0.919355 0.000000
vt 0.951613 1.000000
vt 0.935484 0.000000
vt 0.967742 1.000000
vt 0.951613 0.000000
vt 0.983871 1.000000
vt 0.967742 0.000000
vt 0.983871 0.000000
vt 0.008696 1.000000
vt 0.017391 1.000000
vt 0.008696 0.000000
vt 0.026087 1.000000
vt 0.017391 0.000000
vt 0.034783 1.000000
vt 0.026087 0.000000
vt 0.043478 1.000000
vt 0.034783 0.000000
vt 0.052174 1.000000
vt 0.043478 0.000000
vt 0.060870 1.000000
vt 0.052174 0.000000
vt 0.069565 1.000000
vt 0.060870 0.000000
vt 0.078261 1.000000
vt 0.069565 0.000000
vt 0.086957 1.000000
vt 0.078261 0.000000
vt 0.095652 1.000000
vt 0.086957 0.000000
vt 0.104348 1.000000
vt 0.095652 0.000000
vt 0.113043 1.000000
vt 0.104348 0.000000
vt 0.121739 1.000000
vt 0.113043 0.000000
vt 0.130435 1.000000
vt 0.121739 0.000000
vt 0.139130 1.000000
vt 0.130435 0.000000
vt 0.147826 1.000000
vt 0.139130 0.000000
vt 0.156522 1.000000
vt 0.147826 0.000000
vt 0.165217 1.000000
vt 0.156522 0.000000
vt 0.173913 1.000000
vt 0.165217 0.000000
vt 0.182609 1.000000
vt 0.173913 0.000000
vt 0.191304 1.000000
vt 0.182609 0.000000
vt 0.200000 1.000000
vt 0.191304 0.000000
vt 0.208696 1.000000
vt 0.217391 1.000000
vt 0.208696 0.000000
vt 0.226087 1.000000
vt 0.217391 0.000000
vt 0.234783 1.000000
vt 0.226087 0.000000
vt 0.243478 1.000000
vt 0.234783 0.000000
vt 0.252174 1.000000
vt 0.243478 0.000000
vt 0.260870 1.000000
vt 0.252174 0.000000
vt 0.269565 1.000000
vt 0.260870 0.000000
vt 0.278261 1.000000
vt 0.269565 0.000000
vt 0.286957 1.000000
vt 0.278261 0.000000
vt 0.295652 1.000000
vt 0.286957 0.000000
vt 0.304348 1.000000
vt 0.295652 0.000000
vt 0.313043 1.000000
vt 0.304348 0.000000
vt 0.321739 1.000000
vt 0.313043 0.000000
vt 0.330435 1.000000
vt 0.321739 0.000000
vt 0.339130 1.000000
vt 0.330435 0.000000
vt 0.347826 1.000000
vt 0.339130 0.000000
vt 0.356522 1.000000
vt 0.347826 0.000000
vt 0.365217 1.000000
vt 0.356522 0.000000
vt 0.373913 1.000000
vt 0.365217 0.000000
vt 0.382609 1.000000
vt 0.373913 0.000000
vt 0.391304 1.000000
vt 0.382609 0.000000
vt 0.400000 1.000000
vt 0.391304 0.000000
vt 0.408696 1.000000
vt 0.417391 1.000000
vt 0.408696 0.000000
vt 0.426087 1.000000
vt 0.417391 0.000000
vt 0.434783 1.000000
vt 0.426087 0.000000
vt 0.443478 1.000000
vt 0.434783 0.000000
vt 0.452174 1.000000
vt 0.443478 0.000000
vt 0.460870 1.000000
vt 0.452174 0.000000
vt 0.469565 1.000000
vt 0.460870 0.000000
vt 0.478261 1.000000
vt 0.469565 0.000000
vt 0.486957 1.000000
vt 0.478261 0.000000
vt 0.495652 1.000000
vt 0.486957 0.000000
vt 0.504348 1.000000
vt 0.495652 0.000000
vt 0.513043 1.000000
vt 0.504348 0.000000
vt 0.521739 1.000000
vt 0.513043 0.000000
vt 0.530435 1.000000
vt 0.521739 0.000000
vt 0.539130 1.000000
vt 0.530435 0.000000
vt 0.547826 1.000000
vt 0.539130 0.000000
vt 0.556522 1.000000
vt 0.547826 0.000000
vt 0.565217 1.000000
vt 0.556522 0.000000
vt 0.573913 1.000000
vt 0.565217 0.000000
vt 0.582609 1.000000
vt 0.573913 0.000000
vt 0.591304 1.000000
vt 0.582609 0.000000
vt 0.600000 1.000000
vt 0.591304 0.000000
vt 0.608696 1.000000
vt 0.617391 1.000000
vt 0.608696 0.000000
vt 0.626087 1.000000
vt 0.617391 0.000000
vt 0.634783 1.000000
vt 0.626087 0.000000
vt 0.643478 1.000000
vt 0.634783 0.000000
vt 0.652174 1.000000
vt 0.643478 0.000000
vt 0.660870 1.000000
vt 0.652174 0.000000
vt 0.669565 1.000000
vt 0.660870 0.000000
vt 0.678261 1.000000
vt 0.669565 0.000000
vt 0.686957 1.000000
vt 0.678261 0.000000
vt 0.695652 1.000000
vt 0.686957 0.000000
vt 0.704348 1.000000
vt 0.695652 0.000000
vt 0.713043 1.000000
vt 0.704348 0.000000
vt 0.721739 1.000000
vt 0.713043 0.000000
vt 0.730435 1.000000
vt 0.721739 0.000000
vt 0.739130 1.000000
vt 0.730435 0.000000
vt 0.747826 1.000000
vt 0.739130 0.000000
vt 0.756522 1.000000
vt 0.747826 0.000000
vt 0.765217 1.000000
vt 0.756522 0.000000
vt 0.773913 1.000000
vt 0.765217 0.000000
vt 0.782609 1.000000
vt 0.773913 0.000000
vt 0.791304 1.000000
vt 0.782609 0.000000
vt 0.800000 1.000000
vt 0.791304 0.000000
vt 0.808696 1.000000
vt 0.817391 1.000000
vt 0.808696 0.000000
vt 0.826087 1.000000
vt 0.817391 0.000000
vt 0.834783 1.000000
vt 0.826087 0.000000
vt 0.843478 1.000000
vt 0.834783 0.000000
vt 0.852174 1.000000
vt 0.843478 0.000000
vt 0.860870 1.000000
vt 0.852174 0.000000
vt 0.869565 1.000000
vt 0.860870 0.000000
vt 0.878261 1.000000
vt 0.869565 0.000000
vt 0.886957 1.000000
vt 0.878261 0.000000
vt 0.895652 1.000000
vt 0.886957 0.000000
vt 0.904348 1.000000
vt 0.895652 0.000000
vt 0.913043 1.000000
vt 0.904348 0.000000
vt 0.921739 1.000000
vt 0.913043 0.000000
vt 0.930435 1.000000
vt 0.921739 0.000000
vt 0.939130 1.000000
vt 0.930435 0.000000
vt 0.947826 1.000000
vt 0.939130 0.000000
vt 0.956522 1.000000
vt 0.947826 0.000000
vt 0.965217 1.000000
vt 0.956522 0.000000
vt 0.973913 1.000000
vt 0.965217 0.000000
vt 0.982609 1.000000
vt 0.973913 0.000000
vt 0.991304 1.000000
vt 0.982609 0.000000
vt 0.991304 0.000000
s 0
usemtl マテリアル
f 25/1/1 27/2/1 26/3/1
f 25/1/1 28/4/1 27/2/1
f 24/5/1 28/4/1 25/1/1
f 24/5/1 29/6/1 28/4/1
f 23/7/1 29/6/1 24/5/1
f 23/7/1 30/8/1 29/6/1
f 22/9/1 30/8/1 23/7/1
f 22/9/1 31/10/1 30/8/1
f 21/11/1 31/10/1 22/9/1
f 21/11/1 32/12/1 31/10/1
f 20/13/1 32/12/1 21/11/1
f 20/13/1 33/14/1 32/12/1
f 63/15/1 65/16/1 64/17/1
f 19/18/1 33/14/1 20/13/1
f 19/18/1 34/19/1 33/14/1
f 63/15/1 66/20/1 65/16/1
f 62/21/1 66/20/1 63/15/1
f 61/22/1 66/20/1 62/21/1
f 61/22/1 67/23/1 66/20/1
f 18/24/1 34/19/1 19/18/1
f 60/25/1 67/23/1 61/22/1
f 18/24/1 35/26/1 34/19/1
f 59/27/1 67/23/1 60/25/1
f 59/27/1 68/28/1 67/23/1
f 58/29/1 68/28/1 59/27/1
f 17/30/1 35/26/1 18/24/1
f 58/29/1 69/31/1 68/28/1
f 57/32/1 69/31/1 58/29/1
f 17/30/1 36/33/1 35/26/1
f 56/34/1 69/31/1 57/32/1
f 56/34/1 70/35/1 69/31/1
f 55/36/1 70/35/1 56/34/1
f 16/37/1 36/33/1 17/30/1
f 16/37/1 37/38/1 36/33/1
f 54/39/1 70/35/1 55/36/1
f 54/39/1 71/40/1 70/35/1
f 53/41/1 71/40/1 54/39/1
f 53/41/1 72/42/1 71/40/1
f 52/43/1 72/42/1 53/41/1
f 15/44/1 37/38/1 16/37/1
f 15/44/1 38/45/1 37/38/1
f 51/46/1 72/42/1 52/43/1
f 51/46/1 73/47/1 72/42/1
f 50/48/1 73/47/1 51/46/1
f 15/44/1 39/49/1 38/45/1
f 49/50/1 73/47/1 50/48/1
f 14/51/1 39/49/1 15/44/1
f 48/52/1 73/47/1 49/50/1
f 47/53/1 73/47/1 48/52/1
f 46/54/1 73/47/1 47/53/1
f 46/54/1 74/55/1 73/47/1
f 45/56/1 74/55/1 46/54/1
f 44/57/1 74/55/1 45/56/1
f 43/58/1 74/55/1 44/57/1
f 42/59/1 74/55/1 43/58/1
f 41/60/1 74/55/1 42/59/1
f 40/61/1 74/55/1 41/60/1
f 39/49/1 74/55/1 40/61/1
f 14/51/1 74/55/1 39/49/1
f 13/62/1 74/55/1 14/51/1
f 12/63/1 74/55/1 13/62/1
f 11/64/1 74/55/1 12/63/1
f 11/64/1 91/65/1 74/55/1
f 91/65/1 75/66/1 74/55/1
f 10/67/1 91/65/1 11/64/1
f 9/68/1 91/65/1 10/67/1
f 8/69/1 91/65/1 9/68/1
f 7/70/1 91/65/1 8/69/1
f 6/71/1 91/65/1 7/70/1
f 5/72/1 91/65/1 6/71/1
f 4/73/1 91/65/1 5/72/1
f 3/74/1 91/65/1 4/73/1
f 2/75/1 91/65/1 3/74/1
f 1/76/1 91/65/1 2/75/1
f 1/76/1 92/77/1 91/65/1
f 90/78/1 75/66/1 91/65/1
f 1/76/1 93/79/1 92/77/1
f 89/80/1 75/66/1 90/78/1
f 1/76/1 94/81/1 93/79/1
f 88/82/1 75/66/1 89/80/1
f 1/76/1 95/83/1 94/81/1
f 1/76/1 96/84/1 95/83/1
f 87/85/1 75/66/1 88/82/1
f 87/85/1 76/86/1 75/66/1
f 1/76/1 97/87/1 96/84/1
f 86/88/1 76/86/1 87/85/1
f 1/76/1 98/89/1 97/87/1
f 85/90/1 76/86/1 86/88/1
f 1/76/1 99/91/1 98/89/1
f 84/92/1 76/86/1 85/90/1
f 1/76/1 100/93/1 99/91/1
f 83/94/1 76/86/1 84/92/1
f 1/76/1 101/95/1 100/93/1
f 82/96/1 76/86/1 83/94/1
f 1/76/1 102/97/1 101/95/1
f 82/96/1 81/98/1 76/86/1
f 81/98/1 80/99/1 76/86/1
f 80/99/1 77/100/1 76/86/1
f 79/101/1 77/100/1 80/99/1
f 78/102/2 77/100/2 79/101/2
f 103/76/1 105/103/1 104/104/1
f 103/76/1 106/97/1 105/103/1
f 261/105/1 263/106/1 262/107/1
f 261/105/1 264/108/1 263/106/1
f 260/109/1 264/108/1 261/105/1
f 260/109/1 265/110/1 264/108/1
f 235/111/1 237/112/1 236/113/1
f 259/114/1 265/110/1 260/109/1
f 259/114/1 266/115/1 265/110/1
f 258/116/1 266/115/1 259/114/1
f 235/111/1 238/117/1 237/112/1
f 258/116/1 267/118/1 266/115/1
f 234/119/1 238/117/1 235/111/1
f 257/120/1 267/118/1 258/116/1
f 234/119/1 239/121/1 238/117/1
f 207/122/1 209/123/1 208/124/1
f 257/120/1 268/125/1 267/118/1
f 233/126/1 239/121/1 234/119/1
f 256/127/1 268/125/1 257/120/1
f 233/126/1 240/128/1 239/121/1
f 256/127/1 269/129/1 268/125/1
f 207/122/1 210/130/1 209/123/1
f 232/131/1 240/128/1 233/126/1
f 255/132/1 269/129/1 256/127/1
f 232/131/1 241/133/1 240/128/1
f 255/132/1 270/134/1 269/129/1
f 207/122/1 211/135/1 210/130/1
f 231/136/1 241/133/1 232/131/1
f 254/137/1 270/134/1 255/132/1
f 231/136/1 242/138/1 241/133/1
f 254/137/1 271/139/1 270/134/1
f 206/140/1 211/135/1 207/122/1
f 230/141/1 242/138/1 231/136/1
f 230/141/1 243/142/1 242/138/1
f 253/143/1 271/139/1 254/137/1
f 206/140/1 212/144/1 211/135/1
f 253/143/1 272/145/1 271/139/1
f 230/141/1 244/146/1 243/142/1
f 229/147/1 244/146/1 230/141/1
f 252/148/1 272/145/1 253/143/1
f 252/148/1 273/97/1 272/145/1
f 206/140/1 213/149/1 212/144/1
f 229/147/1 245/150/1 244/146/1
f 228/151/1 245/150/1 229/147/1
f 251/152/1 273/97/1 252/148/1
f 251/152/1 248/153/1 273/97/1
f 205/154/1 213/149/1 206/140/1
f 205/154/1 214/155/1 213/149/1
f 228/151/1 246/156/1 245/150/1
f 227/157/1 246/156/1 228/151/1
f 250/158/1 248/153/1 251/152/1
f 250/158/1 249/159/1 248/153/1
f 205/154/1 215/160/1 214/155/1
f 226/161/1 246/156/1 227/157/1
f 226/161/1 247/162/1 246/156/1
f 205/154/1 216/163/1 215/160/1
f 225/164/1 247/162/1 226/161/1
f 225/164/1 222/165/1 247/162/1
f 204/166/1 216/163/1 205/154/1
f 204/166/1 217/167/1 216/163/1
f 224/168/1 222/165/1 225/164/1
f 224/168/1 223/169/1 222/165/1
f 204/166/1 218/170/1 217/167/1
f 204/166/1 219/171/1 218/170/1
f 203/172/1 219/171/1 204/166/1
f 203/172/1 220/173/1 219/171/1
f 203/172/1 221/174/1 220/173/1
f 203/172/1 107/76/1 221/174/1
f 203/172/1 108/175/1 107/76/1
f 202/176/1 108/175/1 203/172/1
f 201/177/1 183/178/1 202/176/1
f 183/178/1 108/175/1 202/176/1
f 201/177/1 184/179/1 183/178/1
f 182/180/1 108/175/1 183/178/1
f 181/181/1 109/182/1 182/180/1
f 109/182/1 108/175/1 182/180/1
f 181/181/1 110/183/1 109/182/1
f 200/184/1 184/179/1 201/177/1
f 200/184/1 185/185/1 184/179/1
f 180/186/1 110/183/1 181/181/1
f 180/186/1 111/187/1 110/183/1
f 200/184/1 186/188/1 185/185/1
f 179/189/1 111/187/1 180/186/1
f 199/190/1 186/188/1 200/184/1
f 199/190/1 187/191/1 186/188/1
f 178/192/1 111/187/1 179/189/1
f 178/192/1 112/193/1 111/187/1
f 198/194/1 187/191/1 199/190/1
f 198/194/1 188/195/1 187/191/1
f 177/196/1 112/193/1 178/192/1
f 177/196/1 113/197/1 112/193/1
f 198/194/1 189/198/1 188/195/1
f 176/199/1 113/197/1 177/196/1
f 197/200/1 189/198/1 198/194/1
f 197/200/1 190/201/1 189/198/1
f 175/202/1 113/197/1 176/199/1
f 175/202/1 114/203/1 113/197/1
f 196/204/1 190/201/1 197/200/1
f 196/204/1 191/205/1 190/201/1
f 174/206/1 114/203/1 175/202/1
f 196/204/1 192/207/1 191/205/1
f 174/206/1 115/208/1 114/203/1
f 173/209/1 115/208/1 174/206/1
f 195/210/1 192/207/1 196/204/1
f 195/210/1 193/211/1 192/207/1
f 172/212/1 115/208/1 173/209/1
f 172/212/1 116/213/1 115/208/1
f 195/210/1 194/214/1 193/211/1
f 171/215/1 116/213/1 172/212/1
f 170/216/1 116/213/1 171/215/1
f 170/216/1 117/217/1 116/213/1
f 169/218/1 117/217/1 170/216/1
f 169/218/1 118/219/1 117/217/1
f 168/220/1 118/219/1 169/218/1
f 168/220/1 119/221/1 118/219/1
f 167/222/1 119/221/1 168/220/1
f 167/222/1 120/223/1 119/221/1
f 166/224/1 120/223/1 167/222/1
f 166/224/1 121/225/1 120/223/1
f 165/226/1 121/225/1 166/224/1
f 165/226/1 122/227/1 121/225/1
f 164/228/1 122/227/1 165/226/1
f 164/228/1 123/229/1 122/227/1
f 163/230/1 123/229/1 164/228/1
f 163/230/1 124/231/1 123/229/1
f 162/232/1 124/231/1 163/230/1
f 162/232/1 125/233/1 124/231/1
f 161/234/1 125/233/1 162/232/1
f 161/234/1 126/235/1 125/233/1
f 160/236/1 126/235/1 161/234/1
f 160/236/1 127/237/1 126/235/1
f 159/238/1 127/237/1 160/236/1
f 159/238/1 128/239/1 127/237/1
f 158/240/1 128/239/1 159/238/1
f 158/240/1 129/241/1 128/239/1
f 157/242/1 129/241/1 158/240/1
f 156/243/1 129/241/1 157/242/1
f 156/243/1 130/244/1 129/241/1
f 155/245/1 130/244/1 156/243/1
f 155/245/1 131/246/1 130/244/1
f 154/247/1 131/246/1 155/245/1
f 153/248/1 131/246/1 154/247/1
f 153/248/1 132/249/1 131/246/1
f 152/250/1 132/249/1 153/248/1
f 151/251/1 132/249/1 152/250/1
f 151/251/1 133/252/1 132/249/1
f 150/253/1 133/252/1 151/251/1
f 150/253/1 134/254/1 133/252/1
f 149/255/1 134/254/1 150/253/1
f 149/255/1 135/256/1 134/254/1
f 148/257/1 135/256/1 149/255/1
f 148/257/1 136/258/1 135/256/1
f 147/259/1 136/258/1 148/257/1
f 147/259/1 137/260/1 136/258/1
f 146/261/1 137/260/1 147/259/1
f 146/261/1 138/262/1 137/260/1
f 145/263/1 138/262/1 146/261/1
f 145/263/1 139/264/1 138/262/1
f 145/263/1 140/265/1 139/264/1
f 145/263/1 141/266/1 140/265/1
f 145/263/1 142/267/1 141/266/1
f 145/263/1 143/268/1 142/267/1
f 145/263/1 144/269/1 143/268/1
f 287/270/1 289/271/1 288/272/1
f 287/270/1 290/273/1 289/271/1
f 287/270/1 291/274/1 290/273/1
f 287/270/1 292/275/1 291/274/1
f 287/270/1 293/276/1 292/275/1
f 287/270/1 294/277/1 293/276/1
f 287/270/1 295/278/1 294/277/1
f 287/270/1 296/279/1 295/278/1
f 287/270/1 297/280/1 296/279/1
f 287/270/1 298/281/1 297/280/1
f 286/282/1 298/281/1 287/270/1
f 286/282/1 299/283/1 298/281/1
f 285/284/1 299/283/1 286/282/1
f 284/285/1 299/283/1 285/284/1
f 284/285/1 274/76/1 299/283/1
f 283/286/1 274/76/1 284/285/1
f 283/286/1 282/287/1 274/76/1
f 282/287/1 281/288/1 274/76/1
f 281/288/1 280/289/1 274/76/1
f 280/289/1 279/290/1 274/76/1
f 279/290/1 278/291/1 274/76/1
f 278/291/1 277/292/1 274/76/1
f 277/292/1 276/293/1 274/76/1
f 276/293/1 275/294/1 274/76/1
f 324/295/1 326/296/1 325/297/1
f 324/295/1 327/298/1 326/296/1
f 323/299/1 327/298/1 324/295/1
f 323/299/1 328/300/1 327/298/1
f 323/299/1 329/301/1 328/300/1
f 322/302/1 329/301/1 323/299/1
f 322/302/1 330/303/1 329/301/1
f 321/304/1 330/303/1 322/302/1
f 321/304/1 331/305/1 330/303/1
f 321/304/1 332/103/1 331/305/1
f 320/306/1 332/103/1 321/304/1
f 320/306/1 333/307/1 332/103/1
f 320/306/1 334/308/1 333/307/1
f 319/309/1 334/308/1 320/306/1
f 319/309/1 335/310/1 334/308/1
f 319/309/1 336/311/1 335/310/1
f 318/312/1 336/311/1 319/309/1
f 318/312/1 337/313/1 336/311/1
f 317/314/1 337/313/1 318/312/1
f 317/314/1 338/315/1 337/313/1
f 317/314/1 339/316/1 338/315/1
f 316/317/1 339/316/1 317/314/1
f 316/317/1 340/318/1 339/316/1
f 315/319/1 340/318/1 316/317/1
f 315/319/1 341/320/1 340/318/1
f 315/319/1 342/321/1 341/320/1
f 314/322/1 342/321/1 315/319/1
f 314/322/1 343/323/1 342/321/1
f 313/324/1 343/323/1 314/322/1
f 313/324/1 344/325/1 343/323/1
f 312/326/1 344/325/1 313/324/1
f 312/326/1 345/327/1 344/325/1
f 311/328/1 345/327/1 312/326/1
f 310/329/1 345/327/1 311/328/1
f 310/329/1 346/330/1 345/327/1
f 309/331/1 346/330/1 310/329/1
f 308/332/1 346/330/1 309/331/1
f 307/333/1 346/330/1 308/332/1
f 307/333/1 347/334/1 346/330/1
f 306/335/1 347/334/1 307/333/1
f 305/336/1 347/334/1 306/335/1
f 304/337/1 347/334/1 305/336/1
f 304/337/1 348/338/1 347/334/1
f 303/104/1 348/338/1 304/337/1
f 302/339/1 348/338/1 303/104/1
f 301/340/1 348/338/1 302/339/1
f 300/341/1 348/338/1 301/340/1
f 300/341/1 349/342/1 348/338/1
f 300/341/1 350/343/1 349/342/1
f 300/341/1 351/344/1 350/343/1
f 300/341/1 352/345/1 351/344/1
f 300/341/1 353/346/1 352/345/1
f 300/341/1 354/347/1 353/346/1
f 300/341/1 355/348/1 354/347/1
f 300/341/1 356/349/1 355/348/1
f 300/341/1 357/350/1 356/349/1
f 300/341/1 358/351/1 357/350/1
f 300/341/1 359/352/1 358/351/1
f 300/341/1 360/353/1 359/352/1
f 300/341/1 361/97/1 360/353/1
f 362/76/1 364/354/1 363/355/1
f 362/76/1 373/97/1 364/354/1
f 373/97/1 365/356/1 364/354/1
f 372/357/1 365/356/1 373/97/1
f 370/358/1 372/357/1 371/359/1
f 370/358/1 369/360/1 372/357/1
f 369/360/1 365/356/1 372/357/1
f 368/361/1 365/356/1 369/360/1
f 366/362/1 368/361/1 367/363/1
f 366/362/1 365/356/1 368/361/1
f 387/364/1 389/365/1 388/366/1
f 387/364/1 390/367/1 389/365/1
f 387/364/1 391/368/1 390/367/1
f 387/364/1 392/369/1 391/368/1
f 387/364/1 393/370/1 392/369/1
f 387/364/1 394/371/1 393/370/1
f 387/364/1 395/372/1 394/371/1
f 387/364/1 396/373/1 395/372/1
f 387/364/1 397/374/1 396/373/1
f 387/364/1 398/375/1 397/374/1
f 386/376/1 398/375/1 387/364/1
f 386/376/1 399/377/1 398/375/1
f 385/378/1 399/377/1 386/376/1
f 384/379/1 399/377/1 385/378/1
f 384/379/1 374/76/1 399/377/1
f 383/380/1 374/76/1 384/379/1
f 383/380/1 382/381/1 374/76/1
f 382/381/1 381/382/1 374/76/1
f 381/382/1 380/383/1 374/76/1
f 380/383/1 379/384/1 374/76/1
f 379/384/1 378/385/1 374/76/1
f 378/385/1 377/386/1 374/76/1
f 377/386/1 376/387/1 374/76/1
f 376/387/1 375/388/1 374/76/1
f 462/389/1 464/390/1 463/391/1
f 461/392/1 464/390/1 462/389/1
f 461/392/1 465/393/1 464/390/1
f 460/394/1 465/393/1 461/392/1
f 460/394/1 466/395/1 465/393/1
f 459/396/1 466/395/1 460/394/1
f 413/397/1 415/398/1 414/399/1
f 413/397/1 416/400/1 415/398/1
f 413/397/1 417/401/1 416/400/1
f 458/402/1 466/395/1 459/396/1
f 458/402/1 467/403/1 466/395/1
f 413/397/1 418/404/1 417/401/1
f 413/397/1 419/405/1 418/404/1
f 413/397/1 420/406/1 419/405/1
f 457/407/1 467/403/1 458/402/1
f 413/397/1 421/408/1 420/406/1
f 457/407/1 468/409/1 467/403/1
f 413/397/1 422/410/1 421/408/1
f 413/397/1 423/411/1 422/410/1
f 456/412/1 468/409/1 457/407/1
f 413/397/1 424/413/1 423/411/1
f 412/414/1 424/413/1 413/397/1
f 456/412/1 469/415/1 468/409/1
f 412/414/1 425/416/1 424/413/1
f 411/417/1 425/416/1 412/414/1
f 411/417/1 400/418/1 425/416/1
f 455/419/1 469/415/1 456/412/1
f 410/420/1 400/418/1 411/417/1
f 410/420/1 409/421/1 400/418/1
f 409/421/1 408/422/1 400/418/1
f 408/422/1 407/423/1 400/418/1
f 407/423/1 406/424/1 400/418/1
f 406/424/1 405/425/1 400/418/1
f 405/425/1 404/426/1 400/418/1
f 404/426/1 403/427/1 400/418/1
f 403/427/1 402/428/1 400/418/1
f 402/428/1 401/429/1 400/418/1
f 455/419/1 470/430/1 469/415/1
f 454/431/1 470/430/1 455/419/1
f 453/432/1 470/430/1 454/431/1
f 453/432/1 471/433/1 470/430/1
f 452/434/1 471/433/1 453/432/1
f 452/434/1 472/435/1 471/433/1
f 451/436/1 472/435/1 452/434/1
f 451/436/1 473/437/1 472/435/1
f 450/438/1 473/437/1 451/436/1
f 450/438/1 474/439/1 473/437/1
f 449/440/1 474/439/1 450/438/1
f 449/440/1 475/441/1 474/439/1
f 448/442/1 475/441/1 449/440/1
f 448/442/1 476/443/1 475/441/1
f 447/444/1 476/443/1 448/442/1
f 447/444/1 477/445/1 476/443/1
f 446/446/1 477/445/1 447/444/1
f 446/446/1 478/447/1 477/445/1
f 445/448/1 478/447/1 446/446/1
f 445/448/1 479/449/1 478/447/1
f 444/450/1 479/449/1 445/448/1
f 444/450/1 480/451/1 479/449/1
f 443/452/1 480/451/1 444/450/1
f 443/452/1 481/453/1 480/451/1
f 442/454/1 481/453/1 443/452/1
f 442/454/1 482/455/1 481/453/1
f 441/456/1 482/455/1 442/454/1
f 440/457/1 482/455/1 441/456/1
f 440/457/1 483/458/1 482/455/1
f 439/459/1 483/458/1 440/457/1
f 439/459/1 484/460/1 483/458/1
f 438/461/1 484/460/1 439/459/1
f 437/462/1 484/460/1 438/461/1
f 437/462/1 485/463/1 484/460/1
f 436/464/1 485/463/1 437/462/1
f 435/465/1 485/463/1 436/464/1
f 434/466/1 485/463/1 435/465/1
f 434/466/1 486/467/1 485/463/1
f 433/468/1 486/467/1 434/466/1
f 432/469/1 486/467/1 433/468/1
f 431/470/1 486/467/1 432/469/1
f 430/471/1 486/467/1 431/470/1
f 430/471/1 487/472/1 486/467/1
f 429/473/1 487/472/1 430/471/1
f 428/474/1 487/472/1 429/473/1
f 427/475/1 487/472/1 428/474/1
f 426/476/1 487/472/1 427/475/1
f 426/476/1 488/477/1 487/472/1
f 426/476/1 489/478/1 488/477/1
f 426/476/1 490/479/1 489/478/1
f 426/476/1 491/480/1 490/479/1
f 426/476/1 492/481/1 491/480/1
f 426/476/1 493/482/1 492/481/1
f 426/476/1 494/483/1 493/482/1
f 426/476/1 495/484/1 494/483/1
f 426/476/1 496/485/1 495/484/1
f 426/476/1 497/486/1 496/485/1
f 426/476/1 498/487/1 497/486/1
f 426/476/1 499/97/1 498/487/1
f 588/80/1 590/65/1 589/78/1
f 588/80/1 591/77/1 590/65/1
f 587/82/1 591/77/1 588/80/1
f 587/82/1 592/79/1 591/77/1
f 587/82/1 593/81/1 592/79/1
f 586/85/1 593/81/1 587/82/1
f 586/85/1 594/83/1 593/81/1
f 586/85/1 595/84/1 594/83/1
f 585/88/1 595/84/1 586/85/1
f 585/88/1 596/87/1 595/84/1
f 585/88/1 597/89/1 596/87/1
f 585/88/1 598/91/1 597/89/1
f 584/90/1 598/91/1 585/88/1
f 584/90/1 599/93/1 598/91/1
f 584/90/1 600/95/1 599/93/1
f 584/90/1 601/97/1 600/95/1
f 583/92/1 601/97/1 584/90/1
f 583/92/1 500/76/1 601/97/1
f 583/92/1 501/75/1 500/76/1
f 583/92/1 502/74/1 501/75/1
f 582/94/1 502/74/1 583/92/1
f 581/96/1 502/74/1 582/94/1
f 580/98/1 502/74/1 581/96/1
f 580/98/1 551/43/1 502/74/1
f 551/43/1 503/73/1 502/74/1
f 579/99/1 552/41/1 580/98/1
f 552/41/1 551/43/1 580/98/1
f 579/99/1 553/39/1 552/41/1
f 550/46/1 503/73/1 551/43/1
f 578/101/1 553/39/1 579/99/1
f 578/101/1 554/36/1 553/39/1
f 577/102/1 554/36/1 578/101/1
f 550/46/1 504/72/1 503/73/1
f 549/48/1 504/72/1 550/46/1
f 576/100/1 554/36/1 577/102/1
f 576/100/1 555/34/1 554/36/1
f 575/86/1 555/34/1 576/100/1
f 574/66/1 555/34/1 575/86/1
f 574/66/1 556/32/1 555/34/1
f 548/50/1 504/72/1 549/48/1
f 548/50/1 505/71/1 504/72/1
f 573/55/1 556/32/1 574/66/1
f 573/55/1 557/29/1 556/32/1
f 572/47/1 557/29/1 573/55/1
f 571/42/1 557/29/1 572/47/1
f 547/52/1 505/71/1 548/50/1
f 571/42/1 558/27/1 557/29/1
f 570/40/1 558/27/1 571/42/1
f 547/52/1 506/70/1 505/71/1
f 569/35/1 558/27/1 570/40/1
f 569/35/1 559/25/1 558/27/1
f 568/31/1 559/25/1 569/35/1
f 546/53/1 506/70/1 547/52/1
f 567/28/1 559/25/1 568/31/1
f 567/28/1 560/22/1 559/25/1
f 546/53/1 507/69/1 506/70/1
f 566/23/1 560/22/1 567/28/1
f 566/23/1 561/21/1 560/22/1
f 565/20/1 561/21/1 566/23/1
f 545/54/1 507/69/1 546/53/1
f 564/16/1 561/21/1 565/20/1
f 564/16/1 562/15/1 561/21/1
f 545/54/1 508/68/1 507/69/1
f 544/56/1 508/68/1 545/54/1
f 564/16/1 563/17/1 562/15/1
f 543/57/1 508/68/1 544/56/1
f 543/57/1 509/67/1 508/68/1
f 542/58/1 509/67/1 543/57/1
f 542/58/1 510/64/1 509/67/1
f 541/59/1 510/64/1 542/58/1
f 541/59/1 511/63/1 510/64/1
f 540/60/1 511/63/1 541/59/1
f 540/60/1 512/62/1 511/63/1
f 539/61/1 512/62/1 540/60/1
f 538/49/1 512/62/1 539/61/1
f 538/49/1 513/51/1 512/62/1
f 537/45/1 513/51/1 538/49/1
f 537/45/1 514/44/1 513/51/1
f 536/38/1 514/44/1 537/45/1
f 536/38/1 515/37/1 514/44/1
f 535/33/1 515/37/1 536/38/1
f 535/33/1 516/30/1 515/37/1
f 534/26/1 516/30/1 535/33/1
f 533/19/1 516/30/1 534/26/1
f 533/19/1 517/24/1 516/30/1
f 532/14/1 517/24/1 533/19/1
f 532/14/1 518/18/1 517/24/1
f 531/12/1 518/18/1 532/14/1
f 531/12/1 519/13/1 518/18/1
f 530/10/1 519/13/1 531/12/1
f 530/10/1 520/11/1 519/13/1
f 529/8/1 520/11/1 530/10/1
f 528/6/1 520/11/1 529/8/1
f 528/6/1 521/9/1 520/11/1
f 527/4/1 521/9/1 528/6/1
f 527/4/1 522/7/1 521/9/1
f 526/2/1 522/7/1 527/4/1
f 526/2/1 523/5/1 522/7/1
f 526/2/1 524/1/1 523/5/1
f 526/2/1 525/3/1 524/1/1
f 602/76/1 604/488/1 603/489/1
f 602/76/1 605/490/1 604/488/1
f 602/76/1 654/324/1 605/490/1
f 654/324/1 606/292/1 605/490/1
f 653/491/1 606/292/1 654/324/1
f 653/491/1 607/492/1 606/292/1
f 652/493/1 607/492/1 653/491/1
f 651/494/1 607/492/1 652/493/1
f 651/494/1 608/495/1 607/492/1
f 650/329/1 608/495/1 651/494/1
f 649/496/1 608/495/1 650/329/1
f 648/497/1 608/495/1 649/496/1
f 648/497/1 609/498/1 608/495/1
f 647/499/1 609/498/1 648/497/1
f 646/333/1 609/498/1 647/499/1
f 645/500/1 609/498/1 646/333/1
f 645/500/1 610/289/1 609/498/1
f 644/501/1 610/289/1 645/500/1
f 643/502/1 610/289/1 644/501/1
f 643/502/1 611/503/1 610/289/1
f 642/337/1 611/503/1 643/502/1
f 641/504/1 611/503/1 642/337/1
f 655/505/1 657/506/1 656/507/1
f 655/505/1 658/317/1 657/506/1
f 641/504/1 612/508/1 611/503/1
f 640/509/1 612/508/1 641/504/1
f 639/510/1 612/508/1 640/509/1
f 639/510/1 613/511/1 612/508/1
f 638/340/1 613/511/1 639/510/1
f 638/340/1 614/286/1 613/511/1
f 637/512/1 614/286/1 638/340/1
f 637/512/1 615/513/1 614/286/1
f 636/514/1 615/513/1 637/512/1
f 718/97/1 658/317/1 655/505/1
f 718/97/1 659/515/1 658/317/1
f 635/516/1 615/513/1 636/514/1
f 635/516/1 616/517/1 615/513/1
f 634/281/1 616/517/1 635/516/1
f 717/518/1 659/515/1 718/97/1
f 634/281/1 617/519/1 616/517/1
f 633/520/1 617/519/1 634/281/1
f 717/518/1 660/201/1 659/515/1
f 632/521/1 617/519/1 633/520/1
f 632/521/1 618/282/1 617/519/1
f 716/522/1 660/201/1 717/518/1
f 632/521/1 619/523/1 618/282/1
f 631/524/1 619/523/1 632/521/1
f 631/524/1 620/525/1 619/523/1
f 630/278/1 620/525/1 631/524/1
f 715/526/1 660/201/1 716/522/1
f 630/278/1 621/527/1 620/525/1
f 715/526/1 661/528/1 660/201/1
f 629/529/1 621/527/1 630/278/1
f 629/529/1 622/271/1 621/527/1
f 629/529/1 623/530/1 622/271/1
f 714/351/1 661/528/1 715/526/1
f 629/529/1 624/531/1 623/530/1
f 714/351/1 662/309/1 661/528/1
f 629/529/1 625/532/1 624/531/1
f 713/533/1 662/309/1 714/351/1
f 629/529/1 626/275/1 625/532/1
f 629/529/1 627/534/1 626/275/1
f 629/529/1 628/535/1 627/534/1
f 712/536/1 662/309/1 713/533/1
f 712/536/1 663/537/1 662/309/1
f 711/538/1 663/537/1 712/536/1
f 710/348/1 663/537/1 711/538/1
f 710/348/1 664/539/1 663/537/1
f 709/540/1 664/539/1 710/348/1
f 709/540/1 665/541/1 664/539/1
f 708/542/1 665/541/1 709/540/1
f 707/543/1 665/541/1 708/542/1
f 707/543/1 666/302/1 665/541/1
f 706/345/1 666/302/1 707/543/1
f 705/544/1 666/302/1 706/345/1
f 705/544/1 667/545/1 666/302/1
f 704/546/1 667/545/1 705/544/1
f 703/547/1 667/545/1 704/546/1
f 703/547/1 668/548/1 667/545/1
f 702/342/1 668/548/1 703/547/1
f 701/549/1 668/548/1 702/342/1
f 701/549/1 669/550/1 668/548/1
f 700/551/1 669/550/1 701/549/1
f 699/552/1 669/550/1 700/551/1
f 699/552/1 670/297/1 669/550/1
f 698/330/1 670/297/1 699/552/1
f 697/553/1 670/297/1 698/330/1
f 697/553/1 671/554/1 670/297/1
f 696/555/1 671/554/1 697/553/1
f 695/556/1 671/554/1 696/555/1
f 694/323/1 671/554/1 695/556/1
f 694/323/1 672/557/1 671/554/1
f 693/558/1 672/557/1 694/323/1
f 693/558/1 673/559/1 672/557/1
f 692/560/1 673/559/1 693/558/1
f 691/561/1 673/559/1 692/560/1
f 691/561/1 674/300/1 673/559/1
f 690/318/1 674/300/1 691/561/1
f 690/318/1 675/562/1 674/300/1
f 689/563/1 675/562/1 690/318/1
f 688/564/1 675/562/1 689/563/1
f 688/564/1 676/565/1 675/562/1
f 687/566/1 676/565/1 688/564/1
f 686/313/1 676/565/1 687/566/1
f 686/313/1 677/567/1 676/565/1
f 685/568/1 677/567/1 686/313/1
f 684/569/1 677/567/1 685/568/1
f 684/569/1 678/305/1 677/567/1
f 683/570/1 678/305/1 684/569/1
f 683/570/1 679/571/1 678/305/1
f 682/308/1 679/571/1 683/570/1
f 682/308/1 680/572/1 679/571/1
f 682/308/1 681/573/1 680/572/1
f 743/1/3 744/3/3 745/2/3
f 743/1/3 745/2/3 746/4/3
f 742/5/3 743/1/3 746/4/3
f 742/5/3 746/4/3 747/6/3
f 741/7/3 742/5/3 747/6/3
f 741/7/3 747/6/3 748/8/3
f 740/9/3 741/7/3 748/8/3
f 740/9/3 748/8/3 749/10/3
f 739/11/3 740/9/3 749/10/3
f 739/11/3 749/10/3 750/12/3
f 738/13/3 739/11/3 750/12/3
f 738/13/3 750/12/3 751/14/3
f 781/15/3 782/17/3 783/16/3
f 737/18/3 738/13/3 751/14/3
f 737/18/3 751/14/3 752/19/3
f 781/15/3 783/16/3 784/20/3
f 780/21/3 781/15/3 784/20/3
f 779/22/3 780/21/3 784/20/3
f 779/22/3 784/20/3 785/23/3
f 736/24/3 737/18/3 752/19/3
f 778/25/3 779/22/3 785/23/3
f 736/24/3 752/19/3 753/26/3
f 777/27/3 778/25/3 785/23/3
f 777/27/3 785/23/3 786/28/3
f 776/29/3 777/27/3 786/28/3
f 735/30/3 736/24/3 753/26/3
f 776/29/3 786/28/3 787/31/3
f 775/32/3 776/29/3 787/31/3
f 735/30/3 753/26/3 754/33/3
f 774/34/3 775/32/3 787/31/3
f 774/34/3 787/31/3 788/35/3
f 773/36/3 774/34/3 788/35/3
f 734/37/3 735/30/3 754/33/3
f 734/37/3 754/33/3 755/38/3
f 772/39/3 773/36/3 788/35/3
f 772/39/3 788/35/3 789/40/3
f 771/41/3 772/39/3 789/40/3
f 771/41/3 789/40/3 790/42/3
f 770/43/3 771/41/3 790/42/3
f 733/44/3 734/37/3 755/38/3
f 733/44/3 755/38/3 756/45/3
f 769/46/3 770/43/3 790/42/3
f 769/46/3 790/42/3 791/47/3
f 768/48/3 769/46/3 791/47/3
f 733/44/3 756/45/3 757/49/3
f 767/50/3 768/48/3 791/47/3
f 732/51/3 733/44/3 757/49/3
f 766/52/3 767/50/3 791/47/3
f 765/53/3 766/52/3 791/47/3
f 764/54/3 765/53/3 791/47/3
f 764/54/3 791/47/3 792/55/3
f 763/56/3 764/54/3 792/55/3
f 762/57/3 763/56/3 792/55/3
f 761/58/3 762/57/3 792/55/3
f 760/59/3 761/58/3 792/55/3
f 759/60/3 760/59/3 792/55/3
f 758/61/3 759/60/3 792/55/3
f 757/49/3 758/61/3 792/55/3
f 732/51/3 757/49/3 792/55/3
f 731/62/3 732/51/3 792/55/3
f 730/63/3 731/62/3 792/55/3
f 729/64/3 730/63/3 792/55/3
f 729/64/3 792/55/3 809/65/3
f 809/65/3 792/55/3 793/66/3
f 728/67/3 729/64/3 809/65/3
f 727/68/3 728/67/3 809/65/3
f 726/69/3 727/68/3 809/65/3
f 725/70/3 726/69/3 809/65/3
f 724/71/3 725/70/3 809/65/3
f 723/72/3 724/71/3 809/65/3
f 722/73/3 723/72/3 809/65/3
f 721/74/3 722/73/3 809/65/3
f 720/75/3 721/74/3 809/65/3
f 719/76/3 720/75/3 809/65/3
f 719/76/3 809/65/3 810/77/3
f 808/78/3 809/65/3 793/66/3
f 719/76/3 810/77/3 811/79/3
f 807/80/3 808/78/3 793/66/3
f 719/76/3 811/79/3 812/81/3
f 806/82/3 807/80/3 793/66/3
f 719/76/3 812/81/3 813/83/3
f 719/76/3 813/83/3 814/84/3
f 805/85/3 806/82/3 793/66/3
f 805/85/3 793/66/3 794/86/3
f 719/76/3 814/84/3 815/87/3
f 804/88/3 805/85/3 794/86/3
f 719/76/3 815/87/3 816/89/3
f 803/90/3 804/88/3 794/86/3
f 719/76/3 816/89/3 817/91/3
f 802/92/3 803/90/3 794/86/3
f 719/76/3 817/91/3 818/93/3
f 801/94/3 802/92/3 794/86/3
f 719/76/3 818/93/3 819/95/3
f 800/96/3 801/94/3 794/86/3
f 719/76/3 819/95/3 820/97/3
f 800/96/3 794/86/3 799/98/3
f 799/98/3 794/86/3 798/99/3
f 798/99/3 794/86/3 795/100/3
f 797/101/3 798/99/3 795/100/3
f 796/102/4 797/101/4 795/100/4
f 821/76/3 822/104/3 823/103/3
f 821/76/3 823/103/3 824/97/3
f 979/105/3 980/107/3 981/106/3
f 979/105/3 981/106/3 982/108/3
f 978/109/3 979/105/3 982/108/3
f 978/109/3 982/108/3 983/110/3
f 953/111/3 954/113/3 955/112/3
f 977/114/3 978/109/3 983/110/3
f 977/114/3 983/110/3 984/115/3
f 976/116/3 977/114/3 984/115/3
f 953/111/3 955/112/3 956/117/3
f 976/116/3 984/115/3 985/118/3
f 952/119/3 953/111/3 956/117/3
f 975/120/3 976/116/3 985/118/3
f 952/119/3 956/117/3 957/121/3
f 925/122/3 926/124/3 927/123/3
f 975/120/3 985/118/3 986/125/3
f 951/126/3 952/119/3 957/121/3
f 974/127/3 975/120/3 986/125/3
f 951/126/3 957/121/3 958/128/3
f 974/127/3 986/125/3 987/129/3
f 925/122/3 927/123/3 928/130/3
f 950/131/3 951/126/3 958/128/3
f 973/132/3 974/127/3 987/129/3
f 950/131/3 958/128/3 959/133/3
f 973/132/3 987/129/3 988/134/3
f 925/122/3 928/130/3 929/135/3
f 949/136/3 950/131/3 959/133/3
f 972/137/3 973/132/3 988/134/3
f 949/136/3 959/133/3 960/138/3
f 972/137/3 988/134/3 989/139/3
f 924/140/3 925/122/3 929/135/3
f 948/141/3 949/136/3 960/138/3
f 948/141/3 960/138/3 961/142/3
f 971/143/3 972/137/3 989/139/3
f 924/140/3 929/135/3 930/144/3
f 971/143/3 989/139/3 990/145/3
f 948/141/3 961/142/3 962/146/3
f 947/147/3 948/141/3 962/146/3
f 970/148/3 971/143/3 990/145/3
f 970/148/3 990/145/3 991/97/3
f 924/140/3 930/144/3 931/149/3
f 947/147/3 962/146/3 963/150/3
f 946/151/3 947/147/3 963/150/3
f 969/152/3 970/148/3 991/97/3
f 969/152/3 991/97/3 966/153/3
f 923/154/3 924/140/3 931/149/3
f 923/154/3 931/149/3 932/155/3
f 946/151/3 963/150/3 964/156/3
f 945/157/3 946/151/3 964/156/3
f 968/158/3 969/152/3 966/153/3
f 968/158/3 966/153/3 967/159/3
f 923/154/3 932/155/3 933/160/3
f 944/161/3 945/157/3 964/156/3
f 944/161/3 964/156/3 965/162/3
f 923/154/3 933/160/3 934/163/3
f 943/164/3 944/161/3 965/162/3
f 943/164/3 965/162/3 940/165/3
f 922/166/3 923/154/3 934/163/3
f 922/166/3 934/163/3 935/167/3
f 942/168/3 943/164/3 940/165/3
f 942/168/3 940/165/3 941/169/3
f 922/166/3 935/167/3 936/170/3
f 922/166/3 936/170/3 937/171/3
f 921/172/3 922/166/3 937/171/3
f 921/172/3 937/171/3 938/173/3
f 921/172/3 938/173/3 939/174/3
f 921/172/3 939/174/3 825/76/3
f 921/172/3 825/76/3 826/175/3
f 920/176/3 921/172/3 826/175/3
f 919/177/3 920/176/3 901/178/3
f 901/178/3 920/176/3 826/175/3
f 919/177/3 901/178/3 902/179/3
f 900/180/1 901/178/1 826/175/1
f 899/181/3 900/180/3 827/182/3
f 827/182/1 900/180/1 826/175/1
f 899/181/3 827/182/3 828/183/3
f 918/184/3 919/177/3 902/179/3
f 918/184/3 902/179/3 903/185/3
f 898/186/3 899/181/3 828/183/3
f 898/186/3 828/183/3 829/187/3
f 918/184/3 903/185/3 904/188/3
f 897/189/3 898/186/3 829/187/3
f 917/190/3 918/184/3 904/188/3
f 917/190/3 904/188/3 905/191/3
f 896/192/3 897/189/3 829/187/3
f 896/192/3 829/187/3 830/193/3
f 916/194/3 917/190/3 905/191/3
f 916/194/3 905/191/3 906/195/3
f 895/196/3 896/192/3 830/193/3
f 895/196/3 830/193/3 831/197/3
f 916/194/3 906/195/3 907/198/3
f 894/199/3 895/196/3 831/197/3
f 915/200/3 916/194/3 907/198/3
f 915/200/3 907/198/3 908/201/3
f 893/202/3 894/199/3 831/197/3
f 893/202/3 831/197/3 832/203/3
f 914/204/3 915/200/3 908/201/3
f 914/204/3 908/201/3 909/205/3
f 892/206/3 893/202/3 832/203/3
f 914/204/3 909/205/3 910/207/3
f 892/206/3 832/203/3 833/208/3
f 891/209/3 892/206/3 833/208/3
f 913/210/3 914/204/3 910/207/3
f 913/210/3 910/207/3 911/211/3
f 890/212/3 891/209/3 833/208/3
f 890/212/3 833/208/3 834/213/3
f 913/210/3 911/211/3 912/214/3
f 889/215/3 890/212/3 834/213/3
f 888/216/3 889/215/3 834/213/3
f 888/216/3 834/213/3 835/217/3
f 887/218/3 888/216/3 835/217/3
f 887/218/3 835/217/3 836/219/3
f 886/220/3 887/218/3 836/219/3
f 886/220/3 836/219/3 837/221/3
f 885/222/3 886/220/3 837/221/3
f 885/222/3 837/221/3 838/223/3
f 884/224/3 885/222/3 838/223/3
f 884/224/3 838/223/3 839/225/3
f 883/226/3 884/224/3 839/225/3
f 883/226/3 839/225/3 840/227/3
f 882/228/3 883/226/3 840/227/3
f 882/228/3 840/227/3 841/229/3
f 881/230/3 882/228/3 841/229/3
f 881/230/3 841/229/3 842/231/3
f 880/232/3 881/230/3 842/231/3
f 880/232/3 842/231/3 843/233/3
f 879/234/3 880/232/3 843/233/3
f 879/234/3 843/233/3 844/235/3
f 878/236/3 879/234/3 844/235/3
f 878/236/3 844/235/3 845/237/3
f 877/238/3 878/236/3 845/237/3
f 877/238/3 845/237/3 846/239/3
f 876/240/3 877/238/3 846/239/3
f 876/240/3 846/239/3 847/241/3
f 875/242/3 876/240/3 847/241/3
f 874/243/3 875/242/3 847/241/3
f 874/243/3 847/241/3 848/244/3
f 873/245/3 874/243/3 848/244/3
f 873/245/3 848/244/3 849/246/3
f 872/247/3 873/245/3 849/246/3
f 871/248/3 872/247/3 849/246/3
f 871/248/3 849/246/3 850/249/3
f 870/250/3 871/248/3 850/249/3
f 869/251/3 870/250/3 850/249/3
f 869/251/3 850/249/3 851/252/3
f 868/253/3 869/251/3 851/252/3
f 868/253/3 851/252/3 852/254/3
f 867/255/3 868/253/3 852/254/3
f 867/255/3 852/254/3 853/256/3
f 866/257/3 867/255/3 853/256/3
f 866/257/3 853/256/3 854/258/3
f 865/259/3 866/257/3 854/258/3
f 865/259/3 854/258/3 855/260/3
f 864/261/3 865/259/3 855/260/3
f 864/261/3 855/260/3 856/262/3
f 863/263/3 864/261/3 856/262/3
f 863/263/3 856/262/3 857/264/3
f 863/263/3 857/264/3 858/265/3
f 863/263/3 858/265/3 859/266/3
f 863/263/3 859/266/3 860/267/3
f 863/263/3 860/267/3 861/268/3
f 863/263/3 861/268/3 862/269/3
f 1005/270/3 1006/272/3 1007/271/3
f 1005/270/3 1007/271/3 1008/273/3
f 1005/270/3 1008/273/3 1009/274/3
f 1005/270/3 1009/274/3 1010/275/3
f 1005/270/3 1010/275/3 1011/276/3
f 1005/270/3 1011/276/3 1012/277/3
f 1005/270/3 1012/277/3 1013/278/3
f 1005/270/3 1013/278/3 1014/279/3
f 1005/270/3 1014/279/3 1015/280/3
f 1005/270/3 1015/280/3 1016/281/3
f 1004/282/3 1005/270/3 1016/281/3
f 1004/282/3 1016/281/3 1017/283/3
f 1003/284/3 1004/282/3 1017/283/3
f 1002/285/3 1003/284/3 1017/283/3
f 1002/285/3 1017/283/3 992/76/3
f 1001/286/3 1002/285/3 992/76/3
f 1001/286/3 992/76/3 1000/287/3
f 1000/287/3 992/76/3 999/288/3
f 999/288/3 992/76/3 998/289/3
f 998/289/3 992/76/3 997/290/3
f 997/290/3 992/76/3 996/291/3
f 996/291/3 992/76/3 995/292/3
f 995/292/3 992/76/3 994/293/3
f 994/293/3 992/76/3 993/294/3
f 1042/295/3 1043/297/3 1044/296/3
f 1042/295/3 1044/296/3 1045/298/3
f 1041/299/3 1042/295/3 1045/298/3
f 1041/299/3 1045/298/3 1046/300/3
f 1041/299/3 1046/300/3 1047/301/3
f 1040/302/3 1041/299/3 1047/301/3
f 1040/302/3 1047/301/3 1048/303/3
f 1039/304/3 1040/302/3 1048/303/3
f 1039/304/3 1048/303/3 1049/305/3
f 1039/304/3 1049/305/3 1050/103/3
f 1038/306/3 1039/304/3 1050/103/3
f 1038/306/3 1050/103/3 1051/307/3
f 1038/306/3 1051/307/3 1052/308/3
f 1037/309/3 1038/306/3 1052/308/3
f 1037/309/3 1052/308/3 1053/310/3
f 1037/309/3 1053/310/3 1054/311/3
f 1036/312/3 1037/309/3 1054/311/3
f 1036/312/3 1054/311/3 1055/313/3
f 1035/314/3 1036/312/3 1055/313/3
f 1035/314/3 1055/313/3 1056/315/3
f 1035/314/3 1056/315/3 1057/316/3
f 1034/317/3 1035/314/3 1057/316/3
f 1034/317/3 1057/316/3 1058/318/3
f 1033/319/3 1034/317/3 1058/318/3
f 1033/319/3 1058/318/3 1059/320/3
f 1033/319/3 1059/320/3 1060/321/3
f 1032/322/3 1033/319/3 1060/321/3
f 1032/322/3 1060/321/3 1061/323/3
f 1031/324/3 1032/322/3 1061/323/3
f 1031/324/3 1061/323/3 1062/325/3
f 1030/326/3 1031/324/3 1062/325/3
f 1030/326/3 1062/325/3 1063/327/3
f 1029/328/3 1030/326/3 1063/327/3
f 1028/329/3 1029/328/3 1063/327/3
f 1028/329/3 1063/327/3 1064/330/3
f 1027/331/3 1028/329/3 1064/330/3
f 1026/332/3 1027/331/3 1064/330/3
f 1025/333/3 1026/332/3 1064/330/3
f 1025/333/3 1064/330/3 1065/334/3
f 1024/335/3 1025/333/3 1065/334/3
f 1023/336/3 1024/335/3 1065/334/3
f 1022/337/3 1023/336/3 1065/334/3
f 1022/337/3 1065/334/3 1066/338/3
f 1021/104/3 1022/337/3 1066/338/3
f 1020/339/3 1021/104/3 1066/338/3
f 1019/340/3 1020/339/3 1066/338/3
f 1018/341/3 1019/340/3 1066/338/3
f 1018/341/3 1066/338/3 1067/342/3
f 1018/341/3 1067/342/3 1068/343/3
f 1018/341/3 1068/343/3 1069/344/3
f 1018/341/3 1069/344/3 1070/345/3
f 1018/341/3 1070/345/3 1071/346/3
f 1018/341/3 1071/346/3 1072/347/3
f 1018/341/3 1072/347/3 1073/348/3
f 1018/341/3 1073/348/3 1074/349/3
f 1018/341/3 1074/349/3 1075/350/3
f 1018/341/3 1075/350/3 1076/351/3
f 1018/341/3 1076/351/3 1077/352/3
f 1018/341/3 1077/352/3 1078/353/3
f 1018/341/3 1078/353/3 1079/97/3
f 1080/76/3 1081/355/3 1082/354/3
f 1080/76/3 1082/354/3 1091/97/3
f 1091/97/3 1082/354/3 1083/356/3
f 1090/357/3 1091/97/3 1083/356/3
f 1088/358/3 1089/359/3 1090/357/3
f 1088/358/3 1090/357/3 1087/360/3
f 1087/360/3 1090/357/3 1083/356/3
f 1086/361/3 1087/360/3 1083/356/3
f 1084/362/3 1085/363/3 1086/361/3
f 1084/362/3 1086/361/3 1083/356/3
f 1105/364/3 1106/366/3 1107/365/3
f 1105/364/3 1107/365/3 1108/367/3
f 1105/364/3 1108/367/3 1109/368/3
f 1105/364/3 1109/368/3 1110/369/3
f 1105/364/3 1110/369/3 1111/370/3
f 1105/364/3 1111/370/3 1112/371/3
f 1105/364/3 1112/371/3 1113/372/3
f 1105/364/3 1113/372/3 1114/373/3
f 1105/364/3 1114/373/3 1115/374/3
f 1105/364/3 1115/374/3 1116/375/3
f 1104/376/3 1105/364/3 1116/375/3
f 1104/376/3 1116/375/3 1117/377/3
f 1103/378/3 1104/376/3 1117/377/3
f 1102/379/3 1103/378/3 1117/377/3
f 1102/379/3 1117/377/3 1092/76/3
f 1101/380/3 1102/379/3 1092/76/3
f 1101/380/3 1092/76/3 1100/381/3
f 1100/381/3 1092/76/3 1099/382/3
f 1099/382/3 1092/76/3 1098/383/3
f 1098/383/3 1092/76/3 1097/384/3
f 1097/384/3 1092/76/3 1096/385/3
f 1096/385/3 1092/76/3 1095/386/3
f 1095/386/3 1092/76/3 1094/387/3
f 1094/387/3 1092/76/3 1093/388/3
f 1180/389/3 1181/391/3 1182/390/3
f 1179/392/3 1180/389/3 1182/390/3
f 1179/392/3 1182/390/3 1183/393/3
f 1178/394/3 1179/392/3 1183/393/3
f 1178/394/3 1183/393/3 1184/395/3
f 1177/396/3 1178/394/3 1184/395/3
f 1131/397/3 1132/399/3 1133/398/3
f 1131/397/3 1133/398/3 1134/400/3
f 1131/397/3 1134/400/3 1135/401/3
f 1176/402/3 1177/396/3 1184/395/3
f 1176/402/3 1184/395/3 1185/403/3
f 1131/397/3 1135/401/3 1136/404/3
f 1131/397/3 1136/404/3 1137/405/3
f 1131/397/3 1137/405/3 1138/406/3
f 1175/407/3 1176/402/3 1185/403/3
f 1131/397/3 1138/406/3 1139/408/3
f 1175/407/3 1185/403/3 1186/409/3
f 1131/397/3 1139/408/3 1140/410/3
f 1131/397/3 1140/410/3 1141/411/3
f 1174/412/3 1175/407/3 1186/409/3
f 1131/397/3 1141/411/3 1142/413/3
f 1130/414/3 1131/397/3 1142/413/3
f 1174/412/3 1186/409/3 1187/415/3
f 1130/414/3 1142/413/3 1143/416/3
f 1129/417/3 1130/414/3 1143/416/3
f 1129/417/3 1143/416/3 1118/418/3
f 1173/419/3 1174/412/3 1187/415/3
f 1128/420/3 1129/417/3 1118/418/3
f 1128/420/3 1118/418/3 1127/421/3
f 1127/421/3 1118/418/3 1126/422/3
f 1126/422/3 1118/418/3 1125/423/3
f 1125/423/3 1118/418/3 1124/424/3
f 1124/424/3 1118/418/3 1123/425/3
f 1123/425/3 1118/418/3 1122/426/3
f 1122/426/3 1118/418/3 1121/427/3
f 1121/427/3 1118/418/3 1120/428/3
f 1120/428/3 1118/418/3 1119/429/3
f 1173/419/3 1187/415/3 1188/430/3
f 1172/431/3 1173/419/3 1188/430/3
f 1171/432/3 1172/431/3 1188/430/3
f 1171/432/3 1188/430/3 1189/433/3
f 1170/434/3 1171/432/3 1189/433/3
f 1170/434/3 1189/433/3 1190/435/3
f 1169/436/3 1170/434/3 1190/435/3
f 1169/436/3 1190/435/3 1191/437/3
f 1168/438/3 1169/436/3 1191/437/3
f 1168/438/3 1191/437/3 1192/439/3
f 1167/440/3 1168/438/3 1192/439/3
f 1167/440/3 1192/439/3 1193/441/3
f 1166/442/3 1167/440/3 1193/441/3
f 1166/442/3 1193/441/3 1194/443/3
f 1165/444/3 1166/442/3 1194/443/3
f 1165/444/3 1194/443/3 1195/445/3
f 1164/446/3 1165/444/3 1195/445/3
f 1164/446/3 1195/445/3 1196/447/3
f 1163/448/3 1164/446/3 1196/447/3
f 1163/448/3 1196/447/3 1197/449/3
f 1162/450/3 1163/448/3 1197/449/3
f 1162/450/3 1197/449/3 1198/451/3
f 1161/452/3 1162/450/3 1198/451/3
f 1161/452/3 1198/451/3 1199/453/3
f 1160/454/3 1161/452/3 1199/453/3
f 1160/454/3 1199/453/3 1200/455/3
f 1159/456/3 1160/454/3 1200/455/3
f 1158/457/3 1159/456/3 1200/455/3
f 1158/457/3 1200/455/3 1201/458/3
f 1157/459/3 1158/457/3 1201/458/3
f 1157/459/3 1201/458/3 1202/460/3
f 1156/461/3 1157/459/3 1202/460/3
f 1155/462/3 1156/461/3 1202/460/3
f 1155/462/3 1202/460/3 1203/463/3
f 1154/464/3 1155/462/3 1203/463/3
f 1153/465/3 1154/464/3 1203/463/3
f 1152/466/3 1153/465/3 1203/463/3
f 1152/466/3 1203/463/3 1204/467/3
f 1151/468/3 1152/466/3 1204/467/3
f 1150/469/3 1151/468/3 1204/467/3
f 1149/470/3 1150/469/3 1204/467/3
f 1148/471/3 1149/470/3 1204/467/3
f 1148/471/3 1204/467/3 1205/472/3
f 1147/473/3 1148/471/3 1205/472/3
f 1146/474/3 1147/473/3 1205/472/3
f 1145/475/3 1146/474/3 1205/472/3
f 1144/476/3 1145/475/3 1205/472/3
f 1144/476/3 1205/472/3 1206/477/3
f 1144/476/3 1206/477/3 1207/478/3
f 1144/476/3 1207/478/3 1208/479/3
f 1144/476/3 1208/479/3 1209/480/3
f 1144/476/3 1209/480/3 1210/481/3
f 1144/476/3 1210/481/3 1211/482/3
f 1144/476/3 1211/482/3 1212/483/3
f 1144/476/3 1212/483/3 1213/484/3
f 1144/476/3 1213/484/3 1214/485/3
f 1144/476/3 1214/485/3 1215/486/3
f 1144/476/3 1215/486/3 1216/487/3
f 1144/476/3 1216/487/3 1217/97/3
f 1306/80/3 1307/78/3 1308/65/3
f 1306/80/3 1308/65/3 1309/77/3
f 1305/82/3 1306/80/3 1309/77/3
f 1305/82/3 1309/77/3 1310/79/3
f 1305/82/3 1310/79/3 1311/81/3
f 1304/85/3 1305/82/3 1311/81/3
f 1304/85/3 1311/81/3 1312/83/3
f 1304/85/3 1312/83/3 1313/84/3
f 1303/88/3 1304/85/3 1313/84/3
f 1303/88/3 1313/84/3 1314/87/3
f 1303/88/3 1314/87/3 1315/89/3
f 1303/88/3 1315/89/3 1316/91/3
f 1302/90/3 1303/88/3 1316/91/3
f 1302/90/3 1316/91/3 1317/93/3
f 1302/90/3 1317/93/3 1318/95/3
f 1302/90/3 1318/95/3 1319/97/3
f 1301/92/3 1302/90/3 1319/97/3
f 1301/92/3 1319/97/3 1218/76/3
f 1301/92/3 1218/76/3 1219/75/3
f 1301/92/3 1219/75/3 1220/74/3
f 1300/94/3 1301/92/3 1220/74/3
f 1299/96/3 1300/94/3 1220/74/3
f 1298/98/3 1299/96/3 1220/74/3
f 1298/98/3 1220/74/3 1269/43/3
f 1269/43/3 1220/74/3 1221/73/3
f 1297/99/3 1298/98/3 1270/41/3
f 1270/41/3 1298/98/3 1269/43/3
f 1297/99/3 1270/41/3 1271/39/3
f 1268/46/3 1269/43/3 1221/73/3
f 1296/101/3 1297/99/3 1271/39/3
f 1296/101/3 1271/39/3 1272/36/3
f 1295/102/3 1296/101/3 1272/36/3
f 1268/46/3 1221/73/3 1222/72/3
f 1267/48/3 1268/46/3 1222/72/3
f 1294/100/3 1295/102/3 1272/36/3
f 1294/100/3 1272/36/3 1273/34/3
f 1293/86/3 1294/100/3 1273/34/3
f 1292/66/3 1293/86/3 1273/34/3
f 1292/66/3 1273/34/3 1274/32/3
f 1266/50/3 1267/48/3 1222/72/3
f 1266/50/3 1222/72/3 1223/71/3
f 1291/55/3 1292/66/3 1274/32/3
f 1291/55/3 1274/32/3 1275/29/3
f 1290/47/3 1291/55/3 1275/29/3
f 1289/42/3 1290/47/3 1275/29/3
f 1265/52/3 1266/50/3 1223/71/3
f 1289/42/3 1275/29/3 1276/27/3
f 1288/40/3 1289/42/3 1276/27/3
f 1265/52/3 1223/71/3 1224/70/3
f 1287/35/3 1288/40/3 1276/27/3
f 1287/35/3 1276/27/3 1277/25/3
f 1286/31/3 1287/35/3 1277/25/3
f 1264/53/3 1265/52/3 1224/70/3
f 1285/28/3 1286/31/3 1277/25/3
f 1285/28/3 1277/25/3 1278/22/3
f 1264/53/3 1224/70/3 1225/69/3
f 1284/23/3 1285/28/3 1278/22/3
f 1284/23/3 1278/22/3 1279/21/3
f 1283/20/3 1284/23/3 1279/21/3
f 1263/54/3 1264/53/3 1225/69/3
f 1282/16/3 1283/20/3 1279/21/3
f 1282/16/3 1279/21/3 1280/15/3
f 1263/54/3 1225/69/3 1226/68/3
f 1262/56/3 1263/54/3 1226/68/3
f 1282/16/3 1280/15/3 1281/17/3
f 1261/57/3 1262/56/3 1226/68/3
f 1261/57/3 1226/68/3 1227/67/3
f 1260/58/3 1261/57/3 1227/67/3
f 1260/58/3 1227/67/3 1228/64/3
f 1259/59/3 1260/58/3 1228/64/3
f 1259/59/3 1228/64/3 1229/63/3
f 1258/60/3 1259/59/3 1229/63/3
f 1258/60/3 1229/63/3 1230/62/3
f 1257/61/3 1258/60/3 1230/62/3
f 1256/49/3 1257/61/3 1230/62/3
f 1256/49/3 1230/62/3 1231/51/3
f 1255/45/3 1256/49/3 1231/51/3
f 1255/45/3 1231/51/3 1232/44/3
f 1254/38/3 1255/45/3 1232/44/3
f 1254/38/3 1232/44/3 1233/37/3
f 1253/33/3 1254/38/3 1233/37/3
f 1253/33/3 1233/37/3 1234/30/3
f 1252/26/3 1253/33/3 1234/30/3
f 1251/19/3 1252/26/3 1234/30/3
f 1251/19/3 1234/30/3 1235/24/3
f 1250/14/3 1251/19/3 1235/24/3
f 1250/14/3 1235/24/3 1236/18/3
f 1249/12/3 1250/14/3 1236/18/3
f 1249/12/3 1236/18/3 1237/13/3
f 1248/10/3 1249/12/3 1237/13/3
f 1248/10/3 1237/13/3 1238/11/3
f 1247/8/3 1248/10/3 1238/11/3
f 1246/6/3 1247/8/3 1238/11/3
f 1246/6/3 1238/11/3 1239/9/3
f 1245/4/3 1246/6/3 1239/9/3
f 1245/4/3 1239/9/3 1240/7/3
f 1244/2/3 1245/4/3 1240/7/3
f 1244/2/3 1240/7/3 1241/5/3
f 1244/2/3 1241/5/3 1242/1/3
f 1244/2/3 1242/1/3 1243/3/3
f 1320/76/3 1321/489/3 1322/488/3
f 1320/76/3 1322/488/3 1323/490/3
f 1320/76/3 1323/490/3 1372/324/3
f 1372/324/3 1323/490/3 1324/292/3
f 1371/491/3 1372/324/3 1324/292/3
f 1371/491/3 1324/292/3 1325/492/3
f 1370/493/3 1371/491/3 1325/492/3
f 1369/494/3 1370/493/3 1325/492/3
f 1369/494/3 1325/492/3 1326/495/3
f 1368/329/3 1369/494/3 1326/495/3
f 1367/496/3 1368/329/3 1326/495/3
f 1366/497/3 1367/496/3 1326/495/3
f 1366/497/3 1326/495/3 1327/498/3
f 1365/499/3 1366/497/3 1327/498/3
f 1364/333/3 1365/499/3 1327/498/3
f 1363/500/3 1364/333/3 1327/498/3
f 1363/500/3 1327/498/3 1328/289/3
f 1362/501/3 1363/500/3 1328/289/3
f 1361/502/3 1362/501/3 1328/289/3
f 1361/502/3 1328/289/3 1329/503/3
f 1360/337/3 1361/502/3 1329/503/3
f 1359/504/3 1360/337/3 1329/503/3
f 1373/505/3 1374/507/3 1375/506/3
f 1373/505/3 1375/506/3 1376/317/3
f 1359/504/3 1329/503/3 1330/508/3
f 1358/509/3 1359/504/3 1330/508/3
f 1357/510/3 1358/509/3 1330/508/3
f 1357/510/3 1330/508/3 1331/511/3
f 1356/340/3 1357/510/3 1331/511/3
f 1356/340/3 1331/511/3 1332/286/3
f 1355/512/3 1356/340/3 1332/286/3
f 1355/512/3 1332/286/3 1333/513/3
f 1354/514/3 1355/512/3 1333/513/3
f 1436/97/3 1373/505/3 1376/317/3
f 1436/97/3 1376/317/3 1377/515/3
f 1353/516/3 1354/514/3 1333/513/3
f 1353/516/3 1333/513/3 1334/517/3
f 1352/281/3 1353/516/3 1334/517/3
f 1435/518/3 1436/97/3 1377/515/3
f 1352/281/3 1334/517/3 1335/519/3
f 1351/520/3 1352/281/3 1335/519/3
f 1435/518/3 1377/515/3 1378/201/3
f 1350/521/3 1351/520/3 1335/519/3
f 1350/521/3 1335/519/3 1336/282/3
f 1434/522/3 1435/518/3 1378/201/3
f 1350/521/3 1336/282/3 1337/523/3
f 1349/524/3 1350/521/3 1337/523/3
f 1349/524/3 1337/523/3 1338/525/3
f 1348/278/3 1349/524/3 1338/525/3
f 1433/526/3 1434/522/3 1378/201/3
f 1348/278/3 1338/525/3 1339/527/3
f 1433/526/3 1378/201/3 1379/528/3
f 1347/529/3 1348/278/3 1339/527/3
f 1347/529/3 1339/527/3 1340/271/3
f 1347/529/3 1340/271/3 1341/530/3
f 1432/351/3 1433/526/3 1379/528/3
f 1347/529/3 1341/530/3 1342/531/3
f 1432/351/3 1379/528/3 1380/309/3
f 1347/529/3 1342/531/3 1343/532/3
f 1431/533/3 1432/351/3 1380/309/3
f 1347/529/3 1343/532/3 1344/275/3
f 1347/529/3 1344/275/3 1345/534/3
f 1347/529/3 1345/534/3 1346/535/3
f 1430/536/3 1431/533/3 1380/309/3
f 1430/536/3 1380/309/3 1381/537/3
f 1429/538/3 1430/536/3 1381/537/3
f 1428/348/3 1429/538/3 1381/537/3
f 1428/348/3 1381/537/3 1382/539/3
f 1427/540/3 1428/348/3 1382/539/3
f 1427/540/3 1382/539/3 1383/541/3
f 1426/542/3 1427/540/3 1383/541/3
f 1425/543/3 1426/542/3 1383/541/3
f 1425/543/3 1383/541/3 1384/302/3
f 1424/345/3 1425/543/3 1384/302/3
f 1423/544/3 1424/345/3 1384/302/3
f 1423/544/3 1384/302/3 1385/545/3
f 1422/546/3 1423/544/3 1385/545/3
f 1421/547/3 1422/546/3 1385/545/3
f 1421/547/3 1385/545/3 1386/548/3
f 1420/342/3 1421/547/3 1386/548/3
f 1419/549/3 1420/342/3 1386/548/3
f 1419/549/3 1386/548/3 1387/550/3
f 1418/551/3 1419/549/3 1387/550/3
f 1417/552/3 1418/551/3 1387/550/3
f 1417/552/3 1387/550/3 1388/297/3
f 1416/330/3 1417/552/3 1388/297/3
f 1415/553/3 1416/330/3 1388/297/3
f 1415/553/3 1388/297/3 1389/554/3
f 1414/555/3 1415/553/3 1389/554/3
f 1413/556/3 1414/555/3 1389/554/3
f 1412/323/3 1413/556/3 1389/554/3
f 1412/323/3 1389/554/3 1390/557/3
f 1411/558/3 1412/323/3 1390/557/3
f 1411/558/3 1390/557/3 1391/559/3
f 1410/560/3 1411/558/3 1391/559/3
f 1409/561/3 1410/560/3 1391/559/3
f 1409/561/3 1391/559/3 1392/300/3
f 1408/318/3 1409/561/3 1392/300/3
f 1408/318/3 1392/300/3 1393/562/3
f 1407/563/3 1408/318/3 1393/562/3
f 1406/564/3 1407/563/3 1393/562/3
f 1406/564/3 1393/562/3 1394/565/3
f 1405/566/3 1406/564/3 1394/565/3
f 1404/313/3 1405/566/3 1394/565/3
f 1404/313/3 1394/565/3 1395/567/3
f 1403/568/3 1404/313/3 1395/567/3
f 1402/569/3 1403/568/3 1395/567/3
f 1402/569/3 1395/567/3 1396/305/3
f 1401/570/3 1402/569/3 1396/305/3
f 1401/570/3 1396/305/3 1397/571/3
f 1400/308/3 1401/570/3 1397/571/3
f 1400/308/3 1397/571/3 1398/572/3
f 1400/308/3 1398/572/3 1399/573/3
s 1
f 1440/574/5 1437/76/6 1438/575/6
f 1442/576/7 1439/577/5 1440/574/5
f 1444/578/8 1441/579/7 1442/576/7
f 1446/580/9 1443/581/8 1444/578/8
f 1448/582/10 1445/583/9 1446/580/9
f 1450/584/11 1447/585/10 1448/582/10
f 1452/586/12 1449/587/13 1450/584/11
f 1454/588/14 1451/589/15 1452/586/12
f 1456/590/16 1453/591/17 1454/588/14
f 1458/592/18 1455/593/16 1456/590/16
f 1460/594/19 1457/595/20 1458/592/18
f 1462/596/21 1459/597/19 1460/594/19
f 1464/598/22 1461/599/21 1462/596/21
f 1466/600/23 1463/601/22 1464/598/22
f 1468/602/24 1465/603/25 1466/600/23
f 1470/604/26 1467/605/27 1468/602/24
f 1472/606/28 1469/607/26 1470/604/26
f 1474/608/29 1471/609/28 1472/606/28
f 1476/610/30 1473/611/29 1474/608/29
f 1478/612/31 1475/613/30 1476/610/30
f 1480/614/32 1477/615/31 1478/612/31
f 1482/616/33 1479/617/34 1480/614/32
f 1484/618/35 1481/619/33 1482/616/33
f 1486/620/36 1483/621/35 1484/618/35
f 1488/622/37 1485/623/38 1486/620/36
f 1490/624/39 1487/625/37 1488/622/37
f 1492/626/40 1489/627/39 1490/624/39
f 1494/628/41 1491/629/40 1492/626/40
f 1496/630/42 1493/631/43 1494/628/41
f 1498/632/44 1495/633/42 1496/630/42
f 1500/634/45 1497/635/46 1498/632/44
f 1502/636/47 1499/637/48 1500/634/45
f 1504/638/49 1501/639/47 1502/636/47
f 1506/640/50 1503/641/51 1504/638/49
f 1508/642/52 1505/643/50 1506/640/50
f 1510/644/53 1507/645/52 1508/642/52
f 1512/646/54 1509/647/53 1510/644/53
f 1514/648/55 1511/649/54 1512/646/54
f 1516/650/56 1513/651/57 1514/648/55
f 1518/652/58 1515/653/56 1516/650/56
f 1520/654/59 1517/655/60 1518/652/58
f 1522/656/61 1519/657/59 1520/654/59
f 1524/658/62 1521/659/61 1522/656/61
f 1526/660/63 1523/661/62 1524/658/62
f 1528/662/64 1525/663/63 1526/660/63
f 1530/664/65 1527/665/64 1528/662/64
f 1532/666/66 1529/667/67 1530/664/65
f 1534/668/68 1531/669/69 1532/666/66
f 1536/670/70 1533/671/71 1534/668/68
f 1538/672/72 1535/673/73 1536/670/70
f 1540/674/43 1537/675/74 1538/672/72
f 1542/676/75 1539/677/76 1540/674/43
f 1438/678/6 1541/679/77 1542/676/75
f 1546/680/5 1543/76/78 1544/575/78
f 1548/681/79 1545/682/5 1546/680/5
f 1550/683/80 1547/684/79 1548/681/79
f 1552/685/81 1549/686/80 1550/683/80
f 1554/687/82 1551/688/81 1552/685/81
f 1556/689/83 1553/690/84 1554/687/82
f 1558/691/85 1555/692/86 1556/689/83
f 1560/693/87 1557/694/88 1558/691/85
f 1562/695/89 1559/696/87 1560/693/87
f 1564/697/90 1561/698/89 1562/695/89
f 1566/699/91 1563/700/90 1564/697/90
f 1568/701/92 1565/702/91 1566/699/91
f 1570/703/93 1567/704/94 1568/701/92
f 1572/705/95 1569/706/96 1570/703/93
f 1574/707/97 1571/708/95 1572/705/95
f 1576/709/98 1573/710/97 1574/707/97
f 1578/711/99 1575/524/98 1576/709/98
f 1580/712/100 1577/713/101 1578/711/99
f 1582/714/102 1579/715/100 1580/712/100
f 1584/716/103 1581/717/102 1582/714/102
f 1586/718/104 1583/719/103 1584/716/103
f 1588/720/105 1585/721/104 1586/718/104
f 1590/722/106 1587/723/105 1588/720/105
f 1592/724/107 1589/725/106 1590/722/106
f 1594/726/108 1591/727/107 1592/724/107
f 1596/728/109 1593/729/108 1594/726/108
f 1598/730/110 1595/731/109 1596/728/109
f 1600/732/111 1597/733/110 1598/730/110
f 1602/734/112 1599/735/111 1600/732/111
f 1604/736/113 1601/737/112 1602/734/112
f 1606/738/114 1603/739/113 1604/736/113
f 1608/740/115 1605/741/114 1606/738/114
f 1610/742/116 1607/201/117 1608/740/115
f 1612/743/118 1609/744/116 1610/742/116
f 1614/745/119 1611/746/118 1612/743/118
f 1616/747/120 1613/748/119 1614/745/119
f 1618/749/121 1615/750/122 1616/747/120
f 1620/751/123 1617/752/124 1618/749/121
f 1622/753/125 1619/754/123 1620/751/123
f 1624/755/126 1621/756/125 1622/753/125
f 1626/757/127 1623/758/126 1624/755/126
f 1628/759/128 1625/760/127 1626/757/127
f 1630/761/129 1627/762/128 1628/759/128
f 1632/763/130 1629/764/131 1630/761/129
f 1634/765/132 1631/766/133 1632/763/130
f 1636/767/134 1633/768/135 1634/765/132
f 1638/769/136 1635/770/137 1636/767/134
f 1640/771/138 1637/772/139 1638/769/136
f 1642/773/140 1639/563/141 1640/771/138
f 1644/774/142 1641/775/143 1642/773/140
f 1646/776/144 1643/777/145 1644/774/142
f 1648/778/146 1645/779/147 1646/776/144
f 1650/780/148 1647/781/146 1648/778/146
f 1652/782/149 1649/783/150 1650/780/148
f 1654/784/151 1651/785/149 1652/782/149
f 1656/786/152 1653/787/151 1654/784/151
f 1658/788/153 1655/789/152 1656/786/152
f 1660/790/154 1657/791/155 1658/788/153
f 1662/792/156 1659/793/157 1660/790/154
f 1664/794/158 1661/795/156 1662/792/156
f 1666/796/159 1663/797/158 1664/794/158
f 1668/798/160 1665/799/159 1666/796/159
f 1670/800/161 1667/801/160 1668/798/160
f 1544/678/78 1669/802/161 1670/800/161
f 1674/803/162 1671/76/163 1672/575/163
f 1676/804/164 1673/805/165 1674/803/162
f 1678/806/166 1675/807/167 1676/804/164
f 1680/808/168 1677/809/169 1678/806/166
f 1682/810/170 1679/811/168 1680/808/168
f 1684/812/171 1681/813/170 1682/810/170
f 1686/814/172 1683/815/171 1684/812/171
f 1688/816/173 1685/817/172 1686/814/172
f 1690/818/174 1687/819/173 1688/816/173
f 1692/820/175 1689/821/174 1690/818/174
f 1694/822/176 1691/823/175 1692/820/175
f 1696/824/177 1693/825/176 1694/822/176
f 1698/826/178 1695/827/177 1696/824/177
f 1700/828/179 1697/829/178 1698/826/178
f 1702/830/180 1699/831/179 1700/828/179
f 1704/832/181 1701/833/180 1702/830/180
f 1706/834/182 1703/835/181 1704/832/181
f 1708/836/183 1705/837/182 1706/834/182
f 1710/838/184 1707/839/185 1708/836/183
f 1712/840/186 1709/841/184 1710/838/184
f 1714/842/187 1711/843/186 1712/840/186
f 1716/844/188 1713/845/187 1714/842/187
f 1718/846/189 1715/847/188 1716/844/188
f 1720/848/190 1717/849/189 1718/846/189
f 1722/850/191 1719/851/190 1720/848/190
f 1724/852/192 1721/853/191 1722/850/191
f 1726/854/193 1723/855/194 1724/852/192
f 1728/856/195 1725/857/193 1726/854/193
f 1730/858/196 1727/859/195 1728/856/195
f 1732/860/197 1729/861/196 1730/858/196
f 1734/862/198 1731/863/197 1732/860/197
f 1736/864/199 1733/865/198 1734/862/198
f 1738/866/200 1735/867/199 1736/864/199
f 1740/868/201 1737/869/200 1738/866/200
f 1742/870/202 1739/104/201 1740/868/201
f 1744/871/203 1741/872/202 1742/870/202
f 1746/873/204 1743/874/203 1744/871/203
f 1748/875/205 1745/876/204 1746/873/204
f 1750/877/206 1747/878/205 1748/875/205
f 1752/879/207 1749/880/206 1750/877/206
f 1754/881/208 1751/882/207 1752/879/207
f 1756/883/209 1753/884/208 1754/881/208
f 1758/885/210 1755/886/211 1756/883/209
f 1760/887/212 1757/888/210 1758/885/210
f 1762/889/213 1759/890/212 1760/887/212
f 1764/891/214 1761/892/215 1762/889/213
f 1766/893/216 1763/894/214 1764/891/214
f 1768/895/217 1765/896/216 1766/893/216
f 1770/897/218 1767/898/217 1768/895/217
f 1772/899/219 1769/900/218 1770/897/218
f 1774/740/220 1771/901/219 1772/899/219
f 1776/902/221 1773/201/222 1774/740/220
f 1778/903/223 1775/904/221 1776/902/221
f 1780/905/224 1777/906/223 1778/903/223
f 1782/907/225 1779/908/224 1780/905/224
f 1784/909/226 1781/910/225 1782/907/225
f 1786/911/227 1783/912/226 1784/909/226
f 1788/913/228 1785/914/229 1786/911/227
f 1790/915/230 1787/916/228 1788/913/228
f 1792/917/231 1789/918/232 1790/915/230
f 1794/919/233 1791/920/231 1792/917/231
f 1796/921/234 1793/922/233 1794/919/233
f 1798/923/235 1795/924/236 1796/921/234
f 1800/925/237 1797/926/238 1798/923/235
f 1802/927/239 1799/928/237 1800/925/237
f 1804/929/240 1801/930/239 1802/927/239
f 1806/931/241 1803/932/240 1804/929/240
f 1808/933/242 1805/934/243 1806/931/241
f 1810/935/244 1807/103/242 1808/933/242
f 1812/936/245 1809/937/246 1810/935/244
f 1814/938/247 1811/939/245 1812/936/245
f 1816/940/248 1813/941/247 1814/938/247
f 1818/942/249 1815/943/248 1816/940/248
f 1820/944/250 1817/945/249 1818/942/249
f 1822/946/251 1819/947/250 1820/944/250
f 1824/948/252 1821/949/251 1822/946/251
f 1826/950/253 1823/951/252 1824/948/252
f 1828/952/254 1825/953/255 1826/950/253
f 1830/954/256 1827/955/257 1828/952/254
f 1832/956/258 1829/957/256 1830/954/256
f 1834/958/259 1831/959/258 1832/956/258
f 1836/960/62 1833/961/259 1834/958/259
f 1838/962/260 1835/963/261 1836/960/62
f 1840/964/262 1837/965/260 1838/962/260
f 1842/966/263 1839/967/262 1840/964/262
f 1844/968/264 1841/969/263 1842/966/263
f 1846/970/265 1843/971/264 1844/968/264
f 1848/972/266 1845/973/265 1846/970/265
f 1850/974/267 1847/975/266 1848/972/266
f 1852/976/268 1849/977/267 1850/974/267
f 1854/978/269 1851/979/268 1852/976/268
f 1856/980/270 1853/981/269 1854/978/269
f 1858/982/271 1855/983/272 1856/980/270
f 1860/984/273 1857/985/274 1858/982/271
f 1862/986/275 1859/987/276 1860/984/273
f 1864/988/277 1861/989/278 1862/986/275
f 1866/990/279 1863/991/277 1864/988/277
f 1868/992/280 1865/993/279 1866/990/279
f 1870/994/281 1867/995/280 1868/992/280
f 1872/996/282 1869/997/281 1870/994/281
f 1874/998/283 1871/999/282 1872/996/282
f 1672/678/163 1873/1000/283 1874/998/283
f 1878/1001/284 1875/76/285 1876/575/285
f 1880/1002/286 1877/1003/284 1878/1001/284
f 1882/1004/287 1879/1005/286 1880/1002/286
f 1884/1006/288 1881/1007/287 1882/1004/287
f 1886/1008/289 1883/1009/288 1884/1006/288
f 1888/1010/290 1885/1011/289 1886/1008/289
f 1890/1012/291 1887/1013/290 1888/1010/290
f 1892/1014/292 1889/1015/291 1890/1012/291
f 1894/1016/293 1891/1017/294 1892/1014/292
f 1896/1018/295 1893/1019/293 1894/1016/293
f 1898/1020/296 1895/1021/295 1896/1018/295
f 1900/1022/297 1897/1023/296 1898/1020/296
f 1902/740/298 1899/1024/299 1900/1022/297
f 1904/1025/300 1901/201/301 1902/740/298
f 1906/1026/302 1903/1027/300 1904/1025/300
f 1908/1028/303 1905/1029/302 1906/1026/302
f 1910/1030/304 1907/1031/303 1908/1028/303
f 1912/1032/305 1909/1033/304 1910/1030/304
f 1914/1034/306 1911/1035/307 1912/1032/305
f 1916/1036/308 1913/1037/306 1914/1034/306
f 1918/1038/309 1915/1039/308 1916/1036/308
f 1920/1040/310 1917/1041/309 1918/1038/309
f 1922/1042/311 1919/1043/310 1920/1040/310
f 1924/1044/312 1921/1045/311 1922/1042/311
f 1926/1046/313 1923/1047/312 1924/1044/312
f 1876/678/285 1925/1048/313 1926/1046/313
f 1930/1001/314 1927/76/315 1928/575/315
f 1932/1002/316 1929/1003/314 1930/1001/314
f 1934/1004/317 1931/1005/316 1932/1002/316
f 1936/1006/318 1933/1007/317 1934/1004/317
f 1938/1008/319 1935/1009/318 1936/1006/318
f 1940/1010/320 1937/1011/319 1938/1008/319
f 1942/1012/321 1939/1013/320 1940/1010/320
f 1944/1014/322 1941/1015/321 1942/1012/321
f 1946/1016/323 1943/1017/322 1944/1014/322
f 1948/1018/324 1945/1019/323 1946/1016/323
f 1950/1020/325 1947/1021/324 1948/1018/324
f 1952/1022/326 1949/1023/325 1950/1020/325
f 1954/740/327 1951/1024/326 1952/1022/326
f 1956/1025/328 1953/201/327 1954/740/327
f 1958/1026/329 1955/1027/328 1956/1025/328
f 1960/1028/330 1957/1029/331 1958/1026/329
f 1962/1030/332 1959/1031/330 1960/1028/330
f 1964/1032/333 1961/1033/332 1962/1030/332
f 1966/1034/334 1963/1035/333 1964/1032/333
f 1968/1036/335 1965/1037/334 1966/1034/334
f 1970/1038/336 1967/1039/335 1968/1036/335
f 1972/1040/337 1969/1041/336 1970/1038/336
f 1974/1042/338 1971/1043/337 1972/1040/337
f 1976/1044/339 1973/1045/338 1974/1042/338
f 1978/1046/340 1975/1047/339 1976/1044/339
f 1928/678/315 1977/1048/341 1978/1046/340
f 1982/1049/342 1979/76/343 1980/575/344
f 1984/1050/345 1981/1051/342 1982/1049/342
f 1986/1052/346 1983/1053/345 1984/1050/345
f 1988/1054/347 1985/1055/346 1986/1052/346
f 1990/1056/348 1987/1057/347 1988/1054/347
f 1992/1058/349 1989/1059/348 1990/1056/348
f 1994/1060/350 1991/1061/349 1992/1058/349
f 1996/1062/351 1993/1063/350 1994/1060/350
f 1998/1064/352 1995/1065/351 1996/1062/351
f 2000/1066/353 1997/1067/352 1998/1064/352
f 2002/1068/354 1999/1069/353 2000/1066/353
f 2004/1070/355 2001/1071/354 2002/1068/354
f 2006/1072/356 2003/1073/355 2004/1070/355
f 2008/1074/357 2005/1075/356 2006/1072/356
f 2010/1076/358 2007/1077/357 2008/1074/357
f 2012/1078/359 2009/1079/358 2010/1076/358
f 2014/1080/360 2011/1081/359 2012/1078/359
f 2016/1082/361 2013/1083/360 2014/1080/360
f 2018/1084/362 2015/1085/361 2016/1082/361
f 2020/1086/363 2017/1087/362 2018/1084/362
f 2022/1088/364 2019/1089/363 2020/1086/363
f 2024/1090/365 2021/1091/364 2022/1088/364
f 2026/1092/366 2023/1093/365 2024/1090/365
f 2028/1094/367 2025/1095/366 2026/1092/366
f 2030/1096/368 2027/1097/367 2028/1094/367
f 2032/1098/369 2029/1099/368 2030/1096/368
f 2034/1100/370 2031/1101/369 2032/1098/369
f 2036/1102/371 2033/1103/370 2034/1100/370
f 2038/1104/372 2035/1105/371 2036/1102/371
f 2040/1106/373 2037/1107/372 2038/1104/372
f 2042/1108/374 2039/1109/373 2040/1106/373
f 2044/1110/375 2041/1111/374 2042/1108/374
f 2046/1112/376 2043/1113/375 2044/1110/375
f 2048/1114/377 2045/1115/376 2046/1112/376
f 2050/1116/378 2047/1117/377 2048/1114/377
f 2052/1118/379 2049/1119/378 2050/1116/378
f 2054/740/380 2051/1120/379 2052/1118/379
f 2056/1121/381 2053/201/380 2054/740/380
f 2058/1122/382 2055/1123/381 2056/1121/381
f 2060/1124/383 2057/1125/382 2058/1122/382
f 2062/1126/384 2059/1127/383 2060/1124/383
f 2064/1128/385 2061/1129/384 2062/1126/384
f 2066/1130/386 2063/1131/385 2064/1128/385
f 2068/1132/387 2065/1133/386 2066/1130/386
f 2070/1134/388 2067/1135/387 2068/1132/387
f 2072/1136/389 2069/1137/388 2070/1134/388
f 2074/1138/390 2071/1139/389 2072/1136/389
f 2076/1140/391 2073/1141/390 2074/1138/390
f 2078/1142/392 2075/1143/391 2076/1140/391
f 2080/1144/393 2077/1145/392 2078/1142/392
f 2082/1146/394 2079/1147/393 2080/1144/393
f 2084/1148/395 2081/1149/394 2082/1146/394
f 2086/1150/396 2083/1151/397 2084/1148/395
f 2088/1152/398 2085/1153/396 2086/1150/396
f 2090/1154/399 2087/1155/398 2088/1152/398
f 2092/1156/400 2089/1157/399 2090/1154/399
f 2094/1158/401 2091/1159/402 2092/1156/400
f 2096/1160/403 2093/1161/401 2094/1158/401
f 2098/1162/404 2095/1163/403 2096/1160/403
f 2100/1164/405 2097/1165/404 2098/1162/404
f 2102/1166/406 2099/1167/405 2100/1164/405
f 2104/1168/407 2101/1169/406 2102/1166/406
f 2106/1170/408 2103/1171/407 2104/1168/407
f 2108/1172/409 2105/1173/408 2106/1170/408
f 2110/1174/410 2107/1175/411 2108/1172/409
f 2112/1176/412 2109/1177/413 2110/1174/410
f 2114/1178/414 2111/1179/412 2112/1176/412
f 2116/1180/415 2113/1181/414 2114/1178/414
f 2118/1182/416 2115/1183/415 2116/1180/415
f 2120/1184/417 2117/1185/416 2118/1182/416
f 2122/1186/418 2119/1187/417 2120/1184/417
f 2124/1188/419 2121/1189/418 2122/1186/418
f 2126/1190/420 2123/1191/419 2124/1188/419
f 1980/678/344 2125/1192/420 2126/1190/420
f 2130/1193/5 2127/76/6 2128/575/6
f 2132/834/79 2129/1194/5 2130/1193/5
f 2134/709/421 2131/837/79 2132/834/79
f 2136/868/6 2133/524/421 2134/709/421
f 2138/1195/5 2135/104/6 2136/868/6
f 2140/740/5 2137/1196/5 2138/1195/5
f 2142/1197/6 2139/201/5 2140/740/5
f 2144/933/6 2141/1198/6 2142/1197/6
f 2146/771/5 2143/103/6 2144/933/6
f 2148/966/5 2145/563/5 2146/771/5
f 2150/1199/6 2147/969/5 2148/966/5
f 2128/678/6 2149/1200/6 2150/1199/6
f 2154/1001/422 2151/76/423 2152/575/423
f 2156/1002/424 2153/1003/425 2154/1001/422
f 2158/1004/426 2155/1005/424 2156/1002/424
f 2160/1006/427 2157/1007/426 2158/1004/426
f 2162/1008/428 2159/1009/427 2160/1006/427
f 2164/1010/429 2161/1011/428 2162/1008/428
f 2166/1012/430 2163/1013/429 2164/1010/429
f 2168/1014/431 2165/1015/430 2166/1012/430
f 2170/1016/432 2167/1017/431 2168/1014/431
f 2172/1018/433 2169/1019/432 2170/1016/432
f 2174/1020/434 2171/1021/433 2172/1018/433
f 2176/1022/435 2173/1023/434 2174/1020/434
f 2178/740/436 2175/1024/435 2176/1022/435
f 2180/1025/437 2177/201/436 2178/740/436
f 2182/1026/438 2179/1027/437 2180/1025/437
f 2184/1028/439 2181/1029/438 2182/1026/438
f 2186/1030/440 2183/1031/439 2184/1028/439
f 2188/1032/441 2185/1033/440 2186/1030/440
f 2190/1034/442 2187/1035/441 2188/1032/441
f 2192/1036/443 2189/1037/442 2190/1034/442
f 2194/1038/444 2191/1039/443 2192/1036/443
f 2196/1040/445 2193/1041/444 2194/1038/444
f 2198/1042/446 2195/1043/445 2196/1040/445
f 2200/1044/447 2197/1045/446 2198/1042/446
f 2202/1046/448 2199/1047/447 2200/1044/447
f 2152/678/423 2201/1048/448 2202/1046/448
f 2206/1201/449 2203/76/450 2204/575/450
f 2208/1202/451 2205/1203/449 2206/1201/449
f 2210/1204/452 2207/1205/451 2208/1202/451
f 2212/1206/453 2209/1207/452 2210/1204/452
f 2214/1208/454 2211/1209/453 2212/1206/453
f 2216/1210/455 2213/1211/454 2214/1208/454
f 2218/1212/456 2215/1213/455 2216/1210/455
f 2220/1214/457 2217/1215/456 2218/1212/456
f 2222/1216/458 2219/1217/457 2220/1214/457
f 2224/1218/459 2221/1219/458 2222/1216/458
f 2226/1220/460 2223/1221/459 2224/1218/459
f 2228/1222/461 2225/1223/460 2226/1220/460
f 2230/1224/462 2227/1225/461 2228/1222/461
f 2232/1226/463 2229/1227/462 2230/1224/462
f 2234/1228/464 2231/1229/463 2232/1226/463
f 2236/1230/465 2233/1231/464 2234/1228/464
f 2238/1232/466 2235/1233/465 2236/1230/465
f 2240/1234/467 2237/1235/466 2238/1232/466
f 2242/1236/468 2239/1237/467 2240/1234/467
f 2244/1238/469 2241/1239/470 2242/1236/468
f 2246/1240/471 2243/1241/469 2244/1238/469
f 2248/1242/472 2245/1243/471 2246/1240/471
f 2250/1244/473 2247/1245/472 2248/1242/472
f 2252/1246/474 2249/1247/473 2250/1244/473
f 2254/1248/475 2251/1249/474 2252/1246/474
f 2256/1250/476 2253/1251/477 2254/1248/475
f 2258/1252/478 2255/1253/476 2256/1250/476
f 2260/1254/479 2257/1255/478 2258/1252/478
f 2262/1256/480 2259/1257/479 2260/1254/479
f 2264/1258/481 2261/1259/480 2262/1256/480
f 2266/740/482 2263/1260/481 2264/1258/481
f 2268/1261/483 2265/201/482 2266/740/482
f 2270/1262/484 2267/1263/483 2268/1261/483
f 2272/1264/485 2269/1265/484 2270/1262/484
f 2274/1266/486 2271/1267/485 2272/1264/485
f 2276/1268/487 2273/1269/486 2274/1266/486
f 2278/1270/488 2275/1271/487 2276/1268/487
f 2280/1272/489 2277/1273/488 2278/1270/488
f 2282/1274/490 2279/1275/489 2280/1272/489
f 2284/1276/491 2281/1277/490 2282/1274/490
f 2286/1278/492 2283/1279/491 2284/1276/491
f 2288/1280/493 2285/1281/492 2286/1278/492
f 2290/1282/494 2287/1283/493 2288/1280/493
f 2292/1284/495 2289/1285/494 2290/1282/494
f 2294/1286/496 2291/1287/495 2292/1284/495
f 2296/1288/497 2293/1289/496 2294/1286/496
f 2298/1290/498 2295/1291/497 2296/1288/497
f 2300/1292/499 2297/1293/498 2298/1290/498
f 2302/1294/500 2299/1295/499 2300/1292/499
f 2304/1296/501 2301/1297/500 2302/1294/500
f 2306/1298/502 2303/1299/501 2304/1296/501
f 2308/1300/503 2305/1301/502 2306/1298/502
f 2310/1302/504 2307/1303/503 2308/1300/503
f 2312/1304/505 2309/1305/504 2310/1302/504
f 2314/1306/506 2311/1307/505 2312/1304/505
f 2316/1308/507 2313/1309/506 2314/1306/506
f 2318/1310/508 2315/1311/507 2316/1308/507
f 2320/1312/509 2317/1313/508 2318/1310/508
f 2322/1314/510 2319/1315/509 2320/1312/509
f 2324/1316/511 2321/1317/510 2322/1314/510
f 2326/1318/512 2323/1319/511 2324/1316/511
f 2204/678/450 2325/1320/512 2326/1318/512
f 2330/1321/421 2327/76/79 2328/575/79
f 2332/1322/513 2329/1323/421 2330/1321/421
f 2334/1324/514 2331/1325/513 2332/1322/513
f 2336/1326/515 2333/1327/514 2334/1324/514
f 2338/1328/516 2335/1329/515 2336/1326/515
f 2340/1330/517 2337/1331/516 2338/1328/516
f 2342/1332/518 2339/1333/517 2340/1330/517
f 2344/1334/519 2341/1335/518 2342/1332/518
f 2346/1336/520 2343/1337/521 2344/1334/519
f 2348/1338/522 2345/1339/520 2346/1336/520
f 2350/1340/523 2347/1341/522 2348/1338/522
f 2352/1342/524 2349/1343/523 2350/1340/523
f 2354/1344/525 2351/1345/524 2352/1342/524
f 2356/1346/526 2353/1347/525 2354/1344/525
f 2358/1348/527 2355/1349/526 2356/1346/526
f 2360/1350/528 2357/1351/527 2358/1348/527
f 2362/1352/529 2359/1353/528 2360/1350/528
f 2364/1354/530 2361/1355/529 2362/1352/529
f 2366/1356/531 2363/1357/530 2364/1354/530
f 2368/1358/532 2365/1359/531 2366/1356/531
f 2370/1360/533 2367/1361/534 2368/1358/532
f 2372/1362/535 2369/1363/533 2370/1360/533
f 2374/1364/536 2371/1365/535 2372/1362/535
f 2376/1366/537 2373/377/536 2374/1364/536
f 2378/1367/538 2375/1368/537 2376/1366/537
f 2380/1369/539 2377/1370/538 2378/1367/538
f 2382/1371/540 2379/1372/539 2380/1369/539
f 2384/1373/541 2381/1374/540 2382/1371/540
f 2386/1375/542 2383/1376/541 2384/1373/541
f 2388/1377/543 2385/1378/542 2386/1375/542
f 2390/1379/544 2387/1380/543 2388/1377/543
f 2392/1381/545 2389/1382/544 2390/1379/544
f 2394/1383/546 2391/1384/545 2392/1381/545
f 2396/1385/547 2393/1386/546 2394/1383/546
f 2398/1387/548 2395/1388/547 2396/1385/547
f 2400/1389/549 2397/1390/548 2398/1387/548
f 2402/1391/550 2399/1392/549 2400/1389/549
f 2404/1393/551 2401/1394/552 2402/1391/550
f 2406/1395/553 2403/1396/554 2404/1393/551
f 2408/1397/555 2405/1398/556 2406/1395/553
f 2410/1399/557 2407/1400/558 2408/1397/555
f 2412/1401/559 2409/1402/557 2410/1399/557
f 2414/1403/560 2411/1404/559 2412/1401/559
f 2416/1405/561 2413/1406/560 2414/1403/560
f 2418/1407/562 2415/1408/561 2416/1405/561
f 2420/1409/563 2417/1410/562 2418/1407/562
f 2422/1411/564 2419/413/563 2420/1409/563
f 2424/1412/565 2421/1413/564 2422/1411/564
f 2426/1414/566 2423/1415/565 2424/1412/565
f 2428/1416/567 2425/1417/566 2426/1414/566
f 2430/1418/568 2427/1419/567 2428/1416/567
f 2432/1420/569 2429/1421/568 2430/1418/568
f 2434/1422/570 2431/1423/569 2432/1420/569
f 2436/1424/571 2433/1425/570 2434/1422/570
f 2438/1426/572 2435/1427/571 2436/1424/571
f 2440/1428/573 2437/1429/572 2438/1426/572
f 2442/1430/574 2439/1431/573 2440/1428/573
f 2444/1432/575 2441/1433/574 2442/1430/574
f 2446/1434/576 2443/1435/575 2444/1432/575
f 2448/1436/577 2445/1437/576 2446/1434/576
f 2450/1438/578 2447/1439/577 2448/1436/577
f 2452/1440/579 2449/1441/217 2450/1438/578
f 2454/1442/580 2451/1443/579 2452/1440/579
f 2456/1444/581 2453/1445/580 2454/1442/580
f 2458/1446/582 2455/1447/581 2456/1444/581
f 2460/1448/583 2457/1449/582 2458/1446/582
f 2462/1450/584 2459/1451/583 2460/1448/583
f 2464/1452/585 2461/1453/584 2462/1450/584
f 2466/1454/586 2463/1455/585 2464/1452/585
f 2468/1456/587 2465/440/586 2466/1454/586
f 2470/1457/588 2467/1458/587 2468/1456/587
f 2472/1459/589 2469/1460/588 2470/1457/588
f 2474/1461/590 2471/1462/589 2472/1459/589
f 2476/1463/591 2473/1464/590 2474/1461/590
f 2478/1465/592 2475/1466/591 2476/1463/591
f 2480/1467/593 2477/1468/592 2478/1465/592
f 2482/1469/530 2479/1470/593 2480/1467/593
f 2484/1471/594 2481/1472/530 2482/1469/530
f 2486/1473/595 2483/1474/594 2484/1471/594
f 2488/1475/596 2485/1476/595 2486/1473/595
f 2490/1477/597 2487/1478/596 2488/1475/596
f 2492/1479/598 2489/1480/597 2490/1477/597
f 2494/1481/599 2491/1482/598 2492/1479/598
f 2496/1483/600 2493/1484/601 2494/1481/599
f 2498/1485/602 2495/1486/600 2496/1483/600
f 2500/1487/603 2497/1488/602 2498/1485/602
f 2502/1489/604 2499/1490/603 2500/1487/603
f 2504/1491/605 2501/1492/604 2502/1489/604
f 2506/1493/606 2503/1494/605 2504/1491/605
f 2508/1495/607 2505/1496/606 2506/1493/606
f 2510/1497/608 2507/1498/607 2508/1495/607
f 2512/1499/609 2509/1500/608 2510/1497/608
f 2514/1501/610 2511/439/609 2512/1499/609
f 2516/1502/611 2513/1503/610 2514/1501/610
f 2518/1504/612 2515/1505/611 2516/1502/611
f 2520/1506/613 2517/1507/612 2518/1504/612
f 2522/1508/614 2519/1509/613 2520/1506/613
f 2524/1510/615 2521/1511/614 2522/1508/614
f 2526/1512/145 2523/1513/615 2524/1510/615
f 2528/1514/616 2525/1515/145 2526/1512/145
f 2530/1516/617 2527/1517/618 2528/1514/616
f 2532/1518/619 2529/1519/620 2530/1516/617
f 2534/1520/621 2531/1521/619 2532/1518/619
f 2536/1522/622 2533/1523/623 2534/1520/621
f 2538/1524/624 2535/1525/622 2536/1522/622
f 2540/1526/625 2537/1527/624 2538/1524/624
f 2542/1528/626 2539/1529/627 2540/1526/625
f 2544/1530/628 2541/1531/626 2542/1528/626
f 2546/1532/629 2543/1533/628 2544/1530/628
f 2548/1534/630 2545/1535/629 2546/1532/629
f 2550/1536/631 2547/1537/632 2548/1534/630
f 2552/1538/633 2549/1539/631 2550/1536/631
f 2554/1540/634 2551/1541/633 2552/1538/633
f 2556/1542/635 2553/1543/634 2554/1540/634
f 2328/678/79 2555/1544/635 2556/1542/635
f 2560/1001/636 2557/76/637 2558/575/637
f 2562/1002/638 2559/1003/639 2560/1001/636
f 2564/1004/640 2561/1005/638 2562/1002/638
f 2566/1006/641 2563/1007/640 2564/1004/640
f 2568/1008/642 2565/1009/641 2566/1006/641
f 2570/1010/643 2567/1011/642 2568/1008/642
f 2572/1012/644 2569/1013/645 2570/1010/643
f 2574/1014/646 2571/1015/644 2572/1012/644
f 2576/1016/647 2573/1017/646 2574/1014/646
f 2578/1018/648 2575/1019/649 2576/1016/647
f 2580/1020/650 2577/1021/651 2578/1018/648
f 2582/1022/652 2579/1023/650 2580/1020/650
f 2584/740/653 2581/1024/654 2582/1022/652
f 2586/1025/655 2583/201/656 2584/740/653
f 2588/1026/657 2585/1027/655 2586/1025/655
f 2590/1028/658 2587/1029/657 2588/1026/657
f 2592/1030/659 2589/1031/658 2590/1028/658
f 2594/1032/660 2591/1033/659 2592/1030/659
f 2596/1034/661 2593/1035/660 2594/1032/660
f 2598/1036/662 2595/1037/663 2596/1034/661
f 2600/1038/664 2597/1039/662 2598/1036/662
f 2602/1040/665 2599/1041/664 2600/1038/664
f 2604/1042/666 2601/1043/665 2602/1040/665
f 2606/1044/667 2603/1045/668 2604/1042/666
f 2608/1046/669 2605/1047/667 2606/1044/667
f 2558/678/637 2607/1048/669 2608/1046/669
f 2612/1001/670 2609/76/671 2610/575/671
f 2614/1002/672 2611/1003/670 2612/1001/670
f 2616/1004/673 2613/1005/672 2614/1002/672
f 2618/1006/674 2615/1007/675 2616/1004/673
f 2620/1008/676 2617/1009/674 2618/1006/674
f 2622/1010/677 2619/1011/678 2620/1008/676
f 2624/1012/679 2621/1013/677 2622/1010/677
f 2626/1014/680 2623/1015/679 2624/1012/679
f 2628/1016/681 2625/1017/680 2626/1014/680
f 2630/1018/682 2627/1019/681 2628/1016/681
f 2632/1020/683 2629/1021/682 2630/1018/682
f 2634/1022/684 2631/1023/683 2632/1020/683
f 2636/740/685 2633/1024/684 2634/1022/684
f 2638/1025/686 2635/201/685 2636/740/685
f 2640/1026/687 2637/1027/686 2638/1025/686
f 2642/1028/688 2639/1029/689 2640/1026/687
f 2644/1030/690 2641/1031/688 2642/1028/688
f 2646/1032/691 2643/1033/690 2644/1030/690
f 2648/1034/692 2645/1035/691 2646/1032/691
f 2650/1036/693 2647/1037/692 2648/1034/692
f 2652/1038/694 2649/1039/693 2650/1036/693
f 2654/1040/695 2651/1041/694 2652/1038/694
f 2656/1042/696 2653/1043/695 2654/1040/695
f 2658/1044/697 2655/1045/696 2656/1042/696
f 2660/1046/698 2657/1047/697 2658/1044/697
f 2610/678/671 2659/1048/698 2660/1046/698
f 2664/709/5 2661/76/6 2662/575/6
f 2666/740/79 2663/524/5 2664/709/5
f 2668/771/421 2665/201/79 2666/740/79
f 2662/678/6 2667/563/421 2668/771/421
f 2672/803/699 2669/76/700 2670/575/700
f 2674/804/701 2671/805/699 2672/803/699
f 2676/806/702 2673/807/701 2674/804/701
f 2678/808/703 2675/809/702 2676/806/702
f 2680/810/704 2677/811/703 2678/808/703
f 2682/812/705 2679/813/704 2680/810/704
f 2684/814/706 2681/815/705 2682/812/705
f 2686/816/707 2683/817/706 2684/814/706
f 2688/818/708 2685/819/707 2686/816/707
f 2690/820/709 2687/821/708 2688/818/708
f 2692/822/710 2689/823/709 2690/820/709
f 2694/824/711 2691/825/710 2692/822/710
f 2696/826/712 2693/827/711 2694/824/711
f 2698/828/713 2695/829/712 2696/826/712
f 2700/830/714 2697/831/713 2698/828/713
f 2702/832/614 2699/833/714 2700/830/714
f 2704/834/715 2701/835/614 2702/832/614
f 2706/836/716 2703/837/715 2704/834/715
f 2708/838/717 2705/839/716 2706/836/716
f 2710/840/718 2707/841/717 2708/838/717
f 2712/842/719 2709/843/718 2710/840/718
f 2714/844/720 2711/845/721 2712/842/719
f 2716/846/722 2713/847/720 2714/844/720
f 2718/848/723 2715/849/722 2716/846/722
f 2720/850/724 2717/851/723 2718/848/723
f 2722/852/725 2719/853/726 2720/850/724
f 2724/854/727 2721/855/725 2722/852/725
f 2726/856/728 2723/857/729 2724/854/727
f 2728/858/730 2725/859/728 2726/856/728
f 2730/860/10 2727/861/730 2728/858/730
f 2732/862/731 2729/863/10 2730/860/10
f 2734/864/732 2731/865/731 2732/862/731
f 2736/866/733 2733/867/732 2734/864/732
f 2738/868/734 2735/869/733 2736/866/733
f 2740/870/735 2737/104/734 2738/868/734
f 2742/871/736 2739/872/735 2740/870/735
f 2744/873/737 2741/874/736 2742/871/736
f 2746/875/738 2743/876/737 2744/873/737
f 2748/877/739 2745/878/740 2746/875/738
f 2750/879/741 2747/880/739 2748/877/739
f 2752/881/742 2749/882/741 2750/879/741
f 2754/883/743 2751/884/742 2752/881/742
f 2756/885/744 2753/886/743 2754/883/743
f 2758/887/745 2755/888/744 2756/885/744
f 2760/889/746 2757/890/745 2758/887/745
f 2762/891/747 2759/892/746 2760/889/746
f 2764/893/748 2761/894/747 2762/891/747
f 2766/895/749 2763/896/748 2764/893/748
f 2768/897/750 2765/898/749 2766/895/749
f 2770/899/751 2767/900/750 2768/897/750
f 2772/740/752 2769/901/753 2770/899/751
f 2774/902/754 2771/201/752 2772/740/752
f 2776/903/755 2773/904/754 2774/902/754
f 2778/905/756 2775/906/755 2776/903/755
f 2780/907/757 2777/908/756 2778/905/756
f 2782/909/758 2779/910/757 2780/907/757
f 2784/911/759 2781/912/758 2782/909/758
f 2786/913/760 2783/914/759 2784/911/759
f 2788/915/761 2785/916/762 2786/913/760
f 2790/917/763 2787/918/764 2788/915/761
f 2792/919/765 2789/920/763 2790/917/763
f 2794/921/766 2791/922/767 2792/919/765
f 2796/923/768 2793/924/766 2794/921/766
f 2798/925/769 2795/926/768 2796/923/768
f 2800/927/770 2797/928/769 2798/925/769
f 2802/929/771 2799/930/770 2800/927/770
f 2804/931/772 2801/932/771 2802/929/771
f 2806/933/773 2803/934/772 2804/931/772
f 2808/935/774 2805/103/773 2806/933/773
f 2810/936/775 2807/937/774 2808/935/774
f 2812/938/776 2809/939/775 2810/936/775
f 2814/940/777 2811/941/776 2812/938/776
f 2816/942/778 2813/943/777 2814/940/777
f 2818/944/779 2815/945/778 2816/942/778
f 2820/946/780 2817/947/779 2818/944/779
f 2822/948/781 2819/949/782 2820/946/780
f 2824/950/783 2821/951/781 2822/948/781
f 2826/952/784 2823/953/785 2824/950/783
f 2828/954/786 2825/955/787 2826/952/784
f 2830/956/788 2827/957/786 2828/954/786
f 2832/958/789 2829/959/788 2830/956/788
f 2834/960/790 2831/961/789 2832/958/789
f 2836/962/642 2833/963/790 2834/960/790
f 2838/964/791 2835/965/792 2836/962/642
f 2840/966/793 2837/967/791 2838/964/791
f 2842/968/794 2839/969/793 2840/966/793
f 2844/970/795 2841/971/794 2842/968/794
f 2846/972/796 2843/973/797 2844/970/795
f 2848/974/798 2845/975/799 2846/972/796
f 2850/976/800 2847/977/798 2848/974/798
f 2852/978/801 2849/979/800 2850/976/800
f 2854/980/802 2851/981/801 2852/978/801
f 2856/982/803 2853/983/802 2854/980/802
f 2858/984/804 2855/985/803 2856/982/803
f 2860/986/805 2857/987/804 2858/984/804
f 2862/988/806 2859/989/805 2860/986/805
f 2864/990/807 2861/991/806 2862/988/806
f 2866/992/808 2863/993/807 2864/990/807
f 2868/994/809 2865/995/808 2866/992/808
f 2870/996/810 2867/997/809 2868/994/809
f 2872/998/811 2869/999/810 2870/996/810
f 2670/678/700 2871/1000/811 2872/998/811
f 1440/574/5 1439/577/5 1437/76/6
f 1442/576/7 1441/579/7 1439/577/5
f 1444/578/8 1443/581/8 1441/579/7
f 1446/580/9 1445/583/9 1443/581/8
f 1448/582/10 1447/585/10 1445/583/9
f 1450/584/11 1449/587/13 1447/585/10
f 1452/586/12 1451/589/15 1449/587/13
f 1454/588/14 1453/591/17 1451/589/15
f 1456/590/16 1455/593/16 1453/591/17
f 1458/592/18 1457/595/20 1455/593/16
f 1460/594/19 1459/597/19 1457/595/20
f 1462/596/21 1461/599/21 1459/597/19
f 1464/598/22 1463/601/22 1461/599/21
f 1466/600/23 1465/603/25 1463/601/22
f 1468/602/24 1467/605/27 1465/603/25
f 1470/604/26 1469/607/26 1467/605/27
f 1472/606/28 1471/609/28 1469/607/26
f 1474/608/29 1473/611/29 1471/609/28
f 1476/610/30 1475/613/30 1473/611/29
f 1478/612/31 1477/615/31 1475/613/30
f 1480/614/32 1479/617/34 1477/615/31
f 1482/616/33 1481/619/33 1479/617/34
f 1484/618/35 1483/621/35 1481/619/33
f 1486/620/36 1485/623/38 1483/621/35
f 1488/622/37 1487/625/37 1485/623/38
f 1490/624/39 1489/627/39 1487/625/37
f 1492/626/40 1491/629/40 1489/627/39
f 1494/628/41 1493/631/43 1491/629/40
f 1496/630/42 1495/633/42 1493/631/43
f 1498/632/44 1497/635/46 1495/633/42
f 1500/634/45 1499/637/48 1497/635/46
f 1502/636/47 1501/639/47 1499/637/48
f 1504/638/49 1503/641/51 1501/639/47
f 1506/640/50 1505/643/50 1503/641/51
f 1508/642/52 1507/645/52 1505/643/50
f 1510/644/53 1509/647/53 1507/645/52
f 1512/646/54 1511/649/54 1509/647/53
f 1514/648/55 1513/651/57 1511/649/54
f 1516/650/56 1515/653/56 1513/651/57
f 1518/652/58 1517/655/60 1515/653/56
f 1520/654/59 1519/657/59 1517/655/60
f 1522/656/61 1521/659/61 1519/657/59
f 1524/658/62 1523/661/62 1521/659/61
f 1526/660/63 1525/663/63 1523/661/62
f 1528/662/64 1527/665/64 1525/663/63
f 1530/664/65 1529/667/67 1527/665/64
f 1532/666/66 1531/669/69 1529/667/67
f 1534/668/68 1533/671/71 1531/669/69
f 1536/670/70 1535/673/73 1533/671/71
f 1538/672/72 1537/675/74 1535/673/73
f 1540/674/43 1539/677/76 1537/675/74
f 1542/676/75 1541/679/77 1539/677/76
f 1438/678/6 1437/97/6 1541/679/77
f 1546/680/5 1545/682/5 1543/76/78
f 1548/681/79 1547/684/79 1545/682/5
f 1550/683/80 1549/686/80 1547/684/79
f 1552/685/81 1551/688/81 1549/686/80
f 1554/687/82 1553/690/84 1551/688/81
f 1556/689/83 1555/692/86 1553/690/84
f 1558/691/85 1557/694/88 1555/692/86
f 1560/693/87 1559/696/87 1557/694/88
f 1562/695/89 1561/698/89 1559/696/87
f 1564/697/90 1563/700/90 1561/698/89
f 1566/699/91 1565/702/91 1563/700/90
f 1568/701/92 1567/704/94 1565/702/91
f 1570/703/93 1569/706/96 1567/704/94
f 1572/705/95 1571/708/95 1569/706/96
f 1574/707/97 1573/710/97 1571/708/95
f 1576/709/98 1575/524/98 1573/710/97
f 1578/711/99 1577/713/101 1575/524/98
f 1580/712/100 1579/715/100 1577/713/101
f 1582/714/102 1581/717/102 1579/715/100
f 1584/716/103 1583/719/103 1581/717/102
f 1586/718/104 1585/721/104 1583/719/103
f 1588/720/105 1587/723/105 1585/721/104
f 1590/722/106 1589/725/106 1587/723/105
f 1592/724/107 1591/727/107 1589/725/106
f 1594/726/108 1593/729/108 1591/727/107
f 1596/728/109 1595/731/109 1593/729/108
f 1598/730/110 1597/733/110 1595/731/109
f 1600/732/111 1599/735/111 1597/733/110
f 1602/734/112 1601/737/112 1599/735/111
f 1604/736/113 1603/739/113 1601/737/112
f 1606/738/114 1605/741/114 1603/739/113
f 1608/740/115 1607/201/117 1605/741/114
f 1610/742/116 1609/744/116 1607/201/117
f 1612/743/118 1611/746/118 1609/744/116
f 1614/745/119 1613/748/119 1611/746/118
f 1616/747/120 1615/750/122 1613/748/119
f 1618/749/121 1617/752/124 1615/750/122
f 1620/751/123 1619/754/123 1617/752/124
f 1622/753/125 1621/756/125 1619/754/123
f 1624/755/126 1623/758/126 1621/756/125
f 1626/757/127 1625/760/127 1623/758/126
f 1628/759/128 1627/762/128 1625/760/127
f 1630/761/129 1629/764/131 1627/762/128
f 1632/763/130 1631/766/133 1629/764/131
f 1634/765/132 1633/768/135 1631/766/133
f 1636/767/134 1635/770/137 1633/768/135
f 1638/769/136 1637/772/139 1635/770/137
f 1640/771/138 1639/563/141 1637/772/139
f 1642/773/140 1641/775/143 1639/563/141
f 1644/774/142 1643/777/145 1641/775/143
f 1646/776/144 1645/779/147 1643/777/145
f 1648/778/146 1647/781/146 1645/779/147
f 1650/780/148 1649/783/150 1647/781/146
f 1652/782/149 1651/785/149 1649/783/150
f 1654/784/151 1653/787/151 1651/785/149
f 1656/786/152 1655/789/152 1653/787/151
f 1658/788/153 1657/791/155 1655/789/152
f 1660/790/154 1659/793/157 1657/791/155
f 1662/792/156 1661/795/156 1659/793/157
f 1664/794/158 1663/797/158 1661/795/156
f 1666/796/159 1665/799/159 1663/797/158
f 1668/798/160 1667/801/160 1665/799/159
f 1670/800/161 1669/802/161 1667/801/160
f 1544/678/78 1543/97/78 1669/802/161
f 1674/803/162 1673/805/165 1671/76/163
f 1676/804/164 1675/807/167 1673/805/165
f 1678/806/166 1677/809/169 1675/807/167
f 1680/808/168 1679/811/168 1677/809/169
f 1682/810/170 1681/813/170 1679/811/168
f 1684/812/171 1683/815/171 1681/813/170
f 1686/814/172 1685/817/172 1683/815/171
f 1688/816/173 1687/819/173 1685/817/172
f 1690/818/174 1689/821/174 1687/819/173
f 1692/820/175 1691/823/175 1689/821/174
f 1694/822/176 1693/825/176 1691/823/175
f 1696/824/177 1695/827/177 1693/825/176
f 1698/826/178 1697/829/178 1695/827/177
f 1700/828/179 1699/831/179 1697/829/178
f 1702/830/180 1701/833/180 1699/831/179
f 1704/832/181 1703/835/181 1701/833/180
f 1706/834/182 1705/837/182 1703/835/181
f 1708/836/183 1707/839/185 1705/837/182
f 1710/838/184 1709/841/184 1707/839/185
f 1712/840/186 1711/843/186 1709/841/184
f 1714/842/187 1713/845/187 1711/843/186
f 1716/844/188 1715/847/188 1713/845/187
f 1718/846/189 1717/849/189 1715/847/188
f 1720/848/190 1719/851/190 1717/849/189
f 1722/850/191 1721/853/191 1719/851/190
f 1724/852/192 1723/855/194 1721/853/191
f 1726/854/193 1725/857/193 1723/855/194
f 1728/856/195 1727/859/195 1725/857/193
f 1730/858/196 1729/861/196 1727/859/195
f 1732/860/197 1731/863/197 1729/861/196
f 1734/862/198 1733/865/198 1731/863/197
f 1736/864/199 1735/867/199 1733/865/198
f 1738/866/200 1737/869/200 1735/867/199
f 1740/868/201 1739/104/201 1737/869/200
f 1742/870/202 1741/872/202 1739/104/201
f 1744/871/203 1743/874/203 1741/872/202
f 1746/873/204 1745/876/204 1743/874/203
f 1748/875/205 1747/878/205 1745/876/204
f 1750/877/206 1749/880/206 1747/878/205
f 1752/879/207 1751/882/207 1749/880/206
f 1754/881/208 1753/884/208 1751/882/207
f 1756/883/209 1755/886/211 1753/884/208
f 1758/885/210 1757/888/210 1755/886/211
f 1760/887/212 1759/890/212 1757/888/210
f 1762/889/213 1761/892/215 1759/890/212
f 1764/891/214 1763/894/214 1761/892/215
f 1766/893/216 1765/896/216 1763/894/214
f 1768/895/217 1767/898/217 1765/896/216
f 1770/897/218 1769/900/218 1767/898/217
f 1772/899/219 1771/901/219 1769/900/218
f 1774/740/220 1773/201/222 1771/901/219
f 1776/902/221 1775/904/221 1773/201/222
f 1778/903/223 1777/906/223 1775/904/221
f 1780/905/224 1779/908/224 1777/906/223
f 1782/907/225 1781/910/225 1779/908/224
f 1784/909/226 1783/912/226 1781/910/225
f 1786/911/227 1785/914/229 1783/912/226
f 1788/913/228 1787/916/228 1785/914/229
f 1790/915/230 1789/918/232 1787/916/228
f 1792/917/231 1791/920/231 1789/918/232
f 1794/919/233 1793/922/233 1791/920/231
f 1796/921/234 1795/924/236 1793/922/233
f 1798/923/235 1797/926/238 1795/924/236
f 1800/925/237 1799/928/237 1797/926/238
f 1802/927/239 1801/930/239 1799/928/237
f 1804/929/240 1803/932/240 1801/930/239
f 1806/931/241 1805/934/243 1803/932/240
f 1808/933/242 1807/103/242 1805/934/243
f 1810/935/244 1809/937/246 1807/103/242
f 1812/936/245 1811/939/245 1809/937/246
f 1814/938/247 1813/941/247 1811/939/245
f 1816/940/248 1815/943/248 1813/941/247
f 1818/942/249 1817/945/249 1815/943/248
f 1820/944/250 1819/947/250 1817/945/249
f 1822/946/251 1821/949/251 1819/947/250
f 1824/948/252 1823/951/252 1821/949/251
f 1826/950/253 1825/953/255 1823/951/252
f 1828/952/254 1827/955/257 1825/953/255
f 1830/954/256 1829/957/256 1827/955/257
f 1832/956/258 1831/959/258 1829/957/256
f 1834/958/259 1833/961/259 1831/959/258
f 1836/960/62 1835/963/261 1833/961/259
f 1838/962/260 1837/965/260 1835/963/261
f 1840/964/262 1839/967/262 1837/965/260
f 1842/966/263 1841/969/263 1839/967/262
f 1844/968/264 1843/971/264 1841/969/263
f 1846/970/265 1845/973/265 1843/971/264
f 1848/972/266 1847/975/266 1845/973/265
f 1850/974/267 1849/977/267 1847/975/266
f 1852/976/268 1851/979/268 1849/977/267
f 1854/978/269 1853/981/269 1851/979/268
f 1856/980/270 1855/983/272 1853/981/269
f 1858/982/271 1857/985/274 1855/983/272
f 1860/984/273 1859/987/276 1857/985/274
f 1862/986/275 1861/989/278 1859/987/276
f 1864/988/277 1863/991/277 1861/989/278
f 1866/990/279 1865/993/279 1863/991/277
f 1868/992/280 1867/995/280 1865/993/279
f 1870/994/281 1869/997/281 1867/995/280
f 1872/996/282 1871/999/282 1869/997/281
f 1874/998/283 1873/1000/283 1871/999/282
f 1672/678/163 1671/97/163 1873/1000/283
f 1878/1001/284 1877/1003/284 1875/76/285
f 1880/1002/286 1879/1005/286 1877/1003/284
f 1882/1004/287 1881/1007/287 1879/1005/286
f 1884/1006/288 1883/1009/288 1881/1007/287
f 1886/1008/289 1885/1011/289 1883/1009/288
f 1888/1010/290 1887/1013/290 1885/1011/289
f 1890/1012/291 1889/1015/291 1887/1013/290
f 1892/1014/292 1891/1017/294 1889/1015/291
f 1894/1016/293 1893/1019/293 1891/1017/294
f 1896/1018/295 1895/1021/295 1893/1019/293
f 1898/1020/296 1897/1023/296 1895/1021/295
f 1900/1022/297 1899/1024/299 1897/1023/296
f 1902/740/298 1901/201/301 1899/1024/299
f 1904/1025/300 1903/1027/300 1901/201/301
f 1906/1026/302 1905/1029/302 1903/1027/300
f 1908/1028/303 1907/1031/303 1905/1029/302
f 1910/1030/304 1909/1033/304 1907/1031/303
f 1912/1032/305 1911/1035/307 1909/1033/304
f 1914/1034/306 1913/1037/306 1911/1035/307
f 1916/1036/308 1915/1039/308 1913/1037/306
f 1918/1038/309 1917/1041/309 1915/1039/308
f 1920/1040/310 1919/1043/310 1917/1041/309
f 1922/1042/311 1921/1045/311 1919/1043/310
f 1924/1044/312 1923/1047/312 1921/1045/311
f 1926/1046/313 1925/1048/313 1923/1047/312
f 1876/678/285 1875/97/285 1925/1048/313
f 1930/1001/314 1929/1003/314 1927/76/315
f 1932/1002/316 1931/1005/316 1929/1003/314
f 1934/1004/317 1933/1007/317 1931/1005/316
f 1936/1006/318 1935/1009/318 1933/1007/317
f 1938/1008/319 1937/1011/319 1935/1009/318
f 1940/1010/320 1939/1013/320 1937/1011/319
f 1942/1012/321 1941/1015/321 1939/1013/320
f 1944/1014/322 1943/1017/322 1941/1015/321
f 1946/1016/323 1945/1019/323 1943/1017/322
f 1948/1018/324 1947/1021/324 1945/1019/323
f 1950/1020/325 1949/1023/325 1947/1021/324
f 1952/1022/326 1951/1024/326 1949/1023/325
f 1954/740/327 1953/201/327 1951/1024/326
f 1956/1025/328 1955/1027/328 1953/201/327
f 1958/1026/329 1957/1029/331 1955/1027/328
f 1960/1028/330 1959/1031/330 1957/1029/331
f 1962/1030/332 1961/1033/332 1959/1031/330
f 1964/1032/333 1963/1035/333 1961/1033/332
f 1966/1034/334 1965/1037/334 1963/1035/333
f 1968/1036/335 1967/1039/335 1965/1037/334
f 1970/1038/336 1969/1041/336 1967/1039/335
f 1972/1040/337 1971/1043/337 1969/1041/336
f 1974/1042/338 1973/1045/338 1971/1043/337
f 1976/1044/339 1975/1047/339 1973/1045/338
f 1978/1046/340 1977/1048/341 1975/1047/339
f 1928/678/315 1927/97/315 1977/1048/341
f 1982/1049/342 1981/1051/342 1979/76/343
f 1984/1050/345 1983/1053/345 1981/1051/342
f 1986/1052/346 1985/1055/346 1983/1053/345
f 1988/1054/347 1987/1057/347 1985/1055/346
f 1990/1056/348 1989/1059/348 1987/1057/347
f 1992/1058/349 1991/1061/349 1989/1059/348
f 1994/1060/350 1993/1063/350 1991/1061/349
f 1996/1062/351 1995/1065/351 1993/1063/350
f 1998/1064/352 1997/1067/352 1995/1065/351
f 2000/1066/353 1999/1069/353 1997/1067/352
f 2002/1068/354 2001/1071/354 1999/1069/353
f 2004/1070/355 2003/1073/355 2001/1071/354
f 2006/1072/356 2005/1075/356 2003/1073/355
f 2008/1074/357 2007/1077/357 2005/1075/356
f 2010/1076/358 2009/1079/358 2007/1077/357
f 2012/1078/359 2011/1081/359 2009/1079/358
f 2014/1080/360 2013/1083/360 2011/1081/359
f 2016/1082/361 2015/1085/361 2013/1083/360
f 2018/1084/362 2017/1087/362 2015/1085/361
f 2020/1086/363 2019/1089/363 2017/1087/362
f 2022/1088/364 2021/1091/364 2019/1089/363
f 2024/1090/365 2023/1093/365 2021/1091/364
f 2026/1092/366 2025/1095/366 2023/1093/365
f 2028/1094/367 2027/1097/367 2025/1095/366
f 2030/1096/368 2029/1099/368 2027/1097/367
f 2032/1098/369 2031/1101/369 2029/1099/368
f 2034/1100/370 2033/1103/370 2031/1101/369
f 2036/1102/371 2035/1105/371 2033/1103/370
f 2038/1104/372 2037/1107/372 2035/1105/371
f 2040/1106/373 2039/1109/373 2037/1107/372
f 2042/1108/374 2041/1111/374 2039/1109/373
f 2044/1110/375 2043/1113/375 2041/1111/374
f 2046/1112/376 2045/1115/376 2043/1113/375
f 2048/1114/377 2047/1117/377 2045/1115/376
f 2050/1116/378 2049/1119/378 2047/1117/377
f 2052/1118/379 2051/1120/379 2049/1119/378
f 2054/740/380 2053/201/380 2051/1120/379
f 2056/1121/381 2055/1123/381 2053/201/380
f 2058/1122/382 2057/1125/382 2055/1123/381
f 2060/1124/383 2059/1127/383 2057/1125/382
f 2062/1126/384 2061/1129/384 2059/1127/383
f 2064/1128/385 2063/1131/385 2061/1129/384
f 2066/1130/386 2065/1133/386 2063/1131/385
f 2068/1132/387 2067/1135/387 2065/1133/386
f 2070/1134/388 2069/1137/388 2067/1135/387
f 2072/1136/389 2071/1139/389 2069/1137/388
f 2074/1138/390 2073/1141/390 2071/1139/389
f 2076/1140/391 2075/1143/391 2073/1141/390
f 2078/1142/392 2077/1145/392 2075/1143/391
f 2080/1144/393 2079/1147/393 2077/1145/392
f 2082/1146/394 2081/1149/394 2079/1147/393
f 2084/1148/395 2083/1151/397 2081/1149/394
f 2086/1150/396 2085/1153/396 2083/1151/397
f 2088/1152/398 2087/1155/398 2085/1153/396
f 2090/1154/399 2089/1157/399 2087/1155/398
f 2092/1156/400 2091/1159/402 2089/1157/399
f 2094/1158/401 2093/1161/401 2091/1159/402
f 2096/1160/403 2095/1163/403 2093/1161/401
f 2098/1162/404 2097/1165/404 2095/1163/403
f 2100/1164/405 2099/1167/405 2097/1165/404
f 2102/1166/406 2101/1169/406 2099/1167/405
f 2104/1168/407 2103/1171/407 2101/1169/406
f 2106/1170/408 2105/1173/408 2103/1171/407
f 2108/1172/409 2107/1175/411 2105/1173/408
f 2110/1174/410 2109/1177/413 2107/1175/411
f 2112/1176/412 2111/1179/412 2109/1177/413
f 2114/1178/414 2113/1181/414 2111/1179/412
f 2116/1180/415 2115/1183/415 2113/1181/414
f 2118/1182/416 2117/1185/416 2115/1183/415
f 2120/1184/417 2119/1187/417 2117/1185/416
f 2122/1186/418 2121/1189/418 2119/1187/417
f 2124/1188/419 2123/1191/419 2121/1189/418
f 2126/1190/420 2125/1192/420 2123/1191/419
f 1980/678/344 1979/97/343 2125/1192/420
f 2130/1193/5 2129/1194/5 2127/76/6
f 2132/834/79 2131/837/79 2129/1194/5
f 2134/709/421 2133/524/421 2131/837/79
f 2136/868/6 2135/104/6 2133/524/421
f 2138/1195/5 2137/1196/5 2135/104/6
f 2140/740/5 2139/201/5 2137/1196/5
f 2142/1197/6 2141/1198/6 2139/201/5
f 2144/933/6 2143/103/6 2141/1198/6
f 2146/771/5 2145/563/5 2143/103/6
f 2148/966/5 2147/969/5 2145/563/5
f 2150/1199/6 2149/1200/6 2147/969/5
f 2128/678/6 2127/97/6 2149/1200/6
f 2154/1001/422 2153/1003/425 2151/76/423
f 2156/1002/424 2155/1005/424 2153/1003/425
f 2158/1004/426 2157/1007/426 2155/1005/424
f 2160/1006/427 2159/1009/427 2157/1007/426
f 2162/1008/428 2161/1011/428 2159/1009/427
f 2164/1010/429 2163/1013/429 2161/1011/428
f 2166/1012/430 2165/1015/430 2163/1013/429
f 2168/1014/431 2167/1017/431 2165/1015/430
f 2170/1016/432 2169/1019/432 2167/1017/431
f 2172/1018/433 2171/1021/433 2169/1019/432
f 2174/1020/434 2173/1023/434 2171/1021/433
f 2176/1022/435 2175/1024/435 2173/1023/434
f 2178/740/436 2177/201/436 2175/1024/435
f 2180/1025/437 2179/1027/437 2177/201/436
f 2182/1026/438 2181/1029/438 2179/1027/437
f 2184/1028/439 2183/1031/439 2181/1029/438
f 2186/1030/440 2185/1033/440 2183/1031/439
f 2188/1032/441 2187/1035/441 2185/1033/440
f 2190/1034/442 2189/1037/442 2187/1035/441
f 2192/1036/443 2191/1039/443 2189/1037/442
f 2194/1038/444 2193/1041/444 2191/1039/443
f 2196/1040/445 2195/1043/445 2193/1041/444
f 2198/1042/446 2197/1045/446 2195/1043/445
f 2200/1044/447 2199/1047/447 2197/1045/446
f 2202/1046/448 2201/1048/448 2199/1047/447
f 2152/678/423 2151/97/423 2201/1048/448
f 2206/1201/449 2205/1203/449 2203/76/450
f 2208/1202/451 2207/1205/451 2205/1203/449
f 2210/1204/452 2209/1207/452 2207/1205/451
f 2212/1206/453 2211/1209/453 2209/1207/452
f 2214/1208/454 2213/1211/454 2211/1209/453
f 2216/1210/455 2215/1213/455 2213/1211/454
f 2218/1212/456 2217/1215/456 2215/1213/455
f 2220/1214/457 2219/1217/457 2217/1215/456
f 2222/1216/458 2221/1219/458 2219/1217/457
f 2224/1218/459 2223/1221/459 2221/1219/458
f 2226/1220/460 2225/1223/460 2223/1221/459
f 2228/1222/461 2227/1225/461 2225/1223/460
f 2230/1224/462 2229/1227/462 2227/1225/461
f 2232/1226/463 2231/1229/463 2229/1227/462
f 2234/1228/464 2233/1231/464 2231/1229/463
f 2236/1230/465 2235/1233/465 2233/1231/464
f 2238/1232/466 2237/1235/466 2235/1233/465
f 2240/1234/467 2239/1237/467 2237/1235/466
f 2242/1236/468 2241/1239/470 2239/1237/467
f 2244/1238/469 2243/1241/469 2241/1239/470
f 2246/1240/471 2245/1243/471 2243/1241/469
f 2248/1242/472 2247/1245/472 2245/1243/471
f 2250/1244/473 2249/1247/473 2247/1245/472
f 2252/1246/474 2251/1249/474 2249/1247/473
f 2254/1248/475 2253/1251/477 2251/1249/474
f 2256/1250/476 2255/1253/476 2253/1251/477
f 2258/1252/478 2257/1255/478 2255/1253/476
f 2260/1254/479 2259/1257/479 2257/1255/478
f 2262/1256/480 2261/1259/480 2259/1257/479
f 2264/1258/481 2263/1260/481 2261/1259/480
f 2266/740/482 2265/201/482 2263/1260/481
f 2268/1261/483 2267/1263/483 2265/201/482
f 2270/1262/484 2269/1265/484 2267/1263/483
f 2272/1264/485 2271/1267/485 2269/1265/484
f 2274/1266/486 2273/1269/486 2271/1267/485
f 2276/1268/487 2275/1271/487 2273/1269/486
f 2278/1270/488 2277/1273/488 2275/1271/487
f 2280/1272/489 2279/1275/489 2277/1273/488
f 2282/1274/490 2281/1277/490 2279/1275/489
f 2284/1276/491 2283/1279/491 2281/1277/490
f 2286/1278/492 2285/1281/492 2283/1279/491
f 2288/1280/493 2287/1283/493 2285/1281/492
f 2290/1282/494 2289/1285/494 2287/1283/493
f 2292/1284/495 2291/1287/495 2289/1285/494
f 2294/1286/496 2293/1289/496 2291/1287/495
f 2296/1288/497 2295/1291/497 2293/1289/496
f 2298/1290/498 2297/1293/498 2295/1291/497
f 2300/1292/499 2299/1295/499 2297/1293/498
f 2302/1294/500 2301/1297/500 2299/1295/499
f 2304/1296/501 2303/1299/501 2301/1297/500
f 2306/1298/502 2305/1301/502 2303/1299/501
f 2308/1300/503 2307/1303/503 2305/1301/502
f 2310/1302/504 2309/1305/504 2307/1303/503
f 2312/1304/505 2311/1307/505 2309/1305/504
f 2314/1306/506 2313/1309/506 2311/1307/505
f 2316/1308/507 2315/1311/507 2313/1309/506
f 2318/1310/508 2317/1313/508 2315/1311/507
f 2320/1312/509 2319/1315/509 2317/1313/508
f 2322/1314/510 2321/1317/510 2319/1315/509
f 2324/1316/511 2323/1319/511 2321/1317/510
f 2326/1318/512 2325/1320/512 2323/1319/511
f 2204/678/450 2203/97/450 2325/1320/512
f 2330/1321/421 2329/1323/421 2327/76/79
f 2332/1322/513 2331/1325/513 2329/1323/421
f 2334/1324/514 2333/1327/514 2331/1325/513
f 2336/1326/515 2335/1329/515 2333/1327/514
f 2338/1328/516 2337/1331/516 2335/1329/515
f 2340/1330/517 2339/1333/517 2337/1331/516
f 2342/1332/518 2341/1335/518 2339/1333/517
f 2344/1334/519 2343/1337/521 2341/1335/518
f 2346/1336/520 2345/1339/520 2343/1337/521
f 2348/1338/522 2347/1341/522 2345/1339/520
f 2350/1340/523 2349/1343/523 2347/1341/522
f 2352/1342/524 2351/1345/524 2349/1343/523
f 2354/1344/525 2353/1347/525 2351/1345/524
f 2356/1346/526 2355/1349/526 2353/1347/525
f 2358/1348/527 2357/1351/527 2355/1349/526
f 2360/1350/528 2359/1353/528 2357/1351/527
f 2362/1352/529 2361/1355/529 2359/1353/528
f 2364/1354/530 2363/1357/530 2361/1355/529
f 2366/1356/531 2365/1359/531 2363/1357/530
f 2368/1358/532 2367/1361/534 2365/1359/531
f 2370/1360/533 2369/1363/533 2367/1361/534
f 2372/1362/535 2371/1365/535 2369/1363/533
f 2374/1364/536 2373/377/536 2371/1365/535
f 2376/1366/537 2375/1368/537 2373/377/536
f 2378/1367/538 2377/1370/538 2375/1368/537
f 2380/1369/539 2379/1372/539 2377/1370/538
f 2382/1371/540 2381/1374/540 2379/1372/539
f 2384/1373/541 2383/1376/541 2381/1374/540
f 2386/1375/542 2385/1378/542 2383/1376/541
f 2388/1377/543 2387/1380/543 2385/1378/542
f 2390/1379/544 2389/1382/544 2387/1380/543
f 2392/1381/545 2391/1384/545 2389/1382/544
f 2394/1383/546 2393/1386/546 2391/1384/545
f 2396/1385/547 2395/1388/547 2393/1386/546
f 2398/1387/548 2397/1390/548 2395/1388/547
f 2400/1389/549 2399/1392/549 2397/1390/548
f 2402/1391/550 2401/1394/552 2399/1392/549
f 2404/1393/551 2403/1396/554 2401/1394/552
f 2406/1395/553 2405/1398/556 2403/1396/554
f 2408/1397/555 2407/1400/558 2405/1398/556
f 2410/1399/557 2409/1402/557 2407/1400/558
f 2412/1401/559 2411/1404/559 2409/1402/557
f 2414/1403/560 2413/1406/560 2411/1404/559
f 2416/1405/561 2415/1408/561 2413/1406/560
f 2418/1407/562 2417/1410/562 2415/1408/561
f 2420/1409/563 2419/413/563 2417/1410/562
f 2422/1411/564 2421/1413/564 2419/413/563
f 2424/1412/565 2423/1415/565 2421/1413/564
f 2426/1414/566 2425/1417/566 2423/1415/565
f 2428/1416/567 2427/1419/567 2425/1417/566
f 2430/1418/568 2429/1421/568 2427/1419/567
f 2432/1420/569 2431/1423/569 2429/1421/568
f 2434/1422/570 2433/1425/570 2431/1423/569
f 2436/1424/571 2435/1427/571 2433/1425/570
f 2438/1426/572 2437/1429/572 2435/1427/571
f 2440/1428/573 2439/1431/573 2437/1429/572
f 2442/1430/574 2441/1433/574 2439/1431/573
f 2444/1432/575 2443/1435/575 2441/1433/574
f 2446/1434/576 2445/1437/576 2443/1435/575
f 2448/1436/577 2447/1439/577 2445/1437/576
f 2450/1438/578 2449/1441/217 2447/1439/577
f 2452/1440/579 2451/1443/579 2449/1441/217
f 2454/1442/580 2453/1445/580 2451/1443/579
f 2456/1444/581 2455/1447/581 2453/1445/580
f 2458/1446/582 2457/1449/582 2455/1447/581
f 2460/1448/583 2459/1451/583 2457/1449/582
f 2462/1450/584 2461/1453/584 2459/1451/583
f 2464/1452/585 2463/1455/585 2461/1453/584
f 2466/1454/586 2465/440/586 2463/1455/585
f 2468/1456/587 2467/1458/587 2465/440/586
f 2470/1457/588 2469/1460/588 2467/1458/587
f 2472/1459/589 2471/1462/589 2469/1460/588
f 2474/1461/590 2473/1464/590 2471/1462/589
f 2476/1463/591 2475/1466/591 2473/1464/590
f 2478/1465/592 2477/1468/592 2475/1466/591
f 2480/1467/593 2479/1470/593 2477/1468/592
f 2482/1469/530 2481/1472/530 2479/1470/593
f 2484/1471/594 2483/1474/594 2481/1472/530
f 2486/1473/595 2485/1476/595 2483/1474/594
f 2488/1475/596 2487/1478/596 2485/1476/595
f 2490/1477/597 2489/1480/597 2487/1478/596
f 2492/1479/598 2491/1482/598 2489/1480/597
f 2494/1481/599 2493/1484/601 2491/1482/598
f 2496/1483/600 2495/1486/600 2493/1484/601
f 2498/1485/602 2497/1488/602 2495/1486/600
f 2500/1487/603 2499/1490/603 2497/1488/602
f 2502/1489/604 2501/1492/604 2499/1490/603
f 2504/1491/605 2503/1494/605 2501/1492/604
f 2506/1493/606 2505/1496/606 2503/1494/605
f 2508/1495/607 2507/1498/607 2505/1496/606
f 2510/1497/608 2509/1500/608 2507/1498/607
f 2512/1499/609 2511/439/609 2509/1500/608
f 2514/1501/610 2513/1503/610 2511/439/609
f 2516/1502/611 2515/1505/611 2513/1503/610
f 2518/1504/612 2517/1507/612 2515/1505/611
f 2520/1506/613 2519/1509/613 2517/1507/612
f 2522/1508/614 2521/1511/614 2519/1509/613
f 2524/1510/615 2523/1513/615 2521/1511/614
f 2526/1512/145 2525/1515/145 2523/1513/615
f 2528/1514/616 2527/1517/618 2525/1515/145
f 2530/1516/617 2529/1519/620 2527/1517/618
f 2532/1518/619 2531/1521/619 2529/1519/620
f 2534/1520/621 2533/1523/623 2531/1521/619
f 2536/1522/622 2535/1525/622 2533/1523/623
f 2538/1524/624 2537/1527/624 2535/1525/622
f 2540/1526/625 2539/1529/627 2537/1527/624
f 2542/1528/626 2541/1531/626 2539/1529/627
f 2544/1530/628 2543/1533/628 2541/1531/626
f 2546/1532/629 2545/1535/629 2543/1533/628
f 2548/1534/630 2547/1537/632 2545/1535/629
f 2550/1536/631 2549/1539/631 2547/1537/632
f 2552/1538/633 2551/1541/633 2549/1539/631
f 2554/1540/634 2553/1543/634 2551/1541/633
f 2556/1542/635 2555/1544/635 2553/1543/634
f 2328/678/79 2327/97/79 2555/1544/635
f 2560/1001/636 2559/1003/639 2557/76/637
f 2562/1002/638 2561/1005/638 2559/1003/639
f 2564/1004/640 2563/1007/640 2561/1005/638
f 2566/1006/641 2565/1009/641 2563/1007/640
f 2568/1008/642 2567/1011/642 2565/1009/641
f 2570/1010/643 2569/1013/645 2567/1011/642
f 2572/1012/644 2571/1015/644 2569/1013/645
f 2574/1014/646 2573/1017/646 2571/1015/644
f 2576/1016/647 2575/1019/649 2573/1017/646
f 2578/1018/648 2577/1021/651 2575/1019/649
f 2580/1020/650 2579/1023/650 2577/1021/651
f 2582/1022/652 2581/1024/654 2579/1023/650
f 2584/740/653 2583/201/656 2581/1024/654
f 2586/1025/655 2585/1027/655 2583/201/656
f 2588/1026/657 2587/1029/657 2585/1027/655
f 2590/1028/658 2589/1031/658 2587/1029/657
f 2592/1030/659 2591/1033/659 2589/1031/658
f 2594/1032/660 2593/1035/660 2591/1033/659
f 2596/1034/661 2595/1037/663 2593/1035/660
f 2598/1036/662 2597/1039/662 2595/1037/663
f 2600/1038/664 2599/1041/664 2597/1039/662
f 2602/1040/665 2601/1043/665 2599/1041/664
f 2604/1042/666 2603/1045/668 2601/1043/665
f 2606/1044/667 2605/1047/667 2603/1045/668
f 2608/1046/669 2607/1048/669 2605/1047/667
f 2558/678/637 2557/97/637 2607/1048/669
f 2612/1001/670 2611/1003/670 2609/76/671
f 2614/1002/672 2613/1005/672 2611/1003/670
f 2616/1004/673 2615/1007/675 2613/1005/672
f 2618/1006/674 2617/1009/674 2615/1007/675
f 2620/1008/676 2619/1011/678 2617/1009/674
f 2622/1010/677 2621/1013/677 2619/1011/678
f 2624/1012/679 2623/1015/679 2621/1013/677
f 2626/1014/680 2625/1017/680 2623/1015/679
f 2628/1016/681 2627/1019/681 2625/1017/680
f 2630/1018/682 2629/1021/682 2627/1019/681
f 2632/1020/683 2631/1023/683 2629/1021/682
f 2634/1022/684 2633/1024/684 2631/1023/683
f 2636/740/685 2635/201/685 2633/1024/684
f 2638/1025/686 2637/1027/686 2635/201/685
f 2640/1026/687 2639/1029/689 2637/1027/686
f 2642/1028/688 2641/1031/688 2639/1029/689
f 2644/1030/690 2643/1033/690 2641/1031/688
f 2646/1032/691 2645/1035/691 2643/1033/690
f 2648/1034/692 2647/1037/692 2645/1035/691
f 2650/1036/693 2649/1039/693 2647/1037/692
f 2652/1038/694 2651/1041/694 2649/1039/693
f 2654/1040/695 2653/1043/695 2651/1041/694
f 2656/1042/696 2655/1045/696 2653/1043/695
f 2658/1044/697 2657/1047/697 2655/1045/696
f 2660/1046/698 2659/1048/698 2657/1047/697
f 2610/678/671 2609/97/671 2659/1048/698
f 2664/709/5 2663/524/5 2661/76/6
f 2666/740/79 2665/201/79 2663/524/5
f 2668/771/421 2667/563/421 2665/201/79
f 2662/678/6 2661/97/6 2667/563/421
f 2672/803/699 2671/805/699 2669/76/700
f 2674/804/701 2673/807/701 2671/805/699
f 2676/806/702 2675/809/702 2673/807/701
f 2678/808/703 2677/811/703 2675/809/702
f 2680/810/704 2679/813/704 2677/811/703
f 2682/812/705 2681/815/705 2679/813/704
f 2684/814/706 2683/817/706 2681/815/705
f 2686/816/707 2685/819/707 2683/817/706
f 2688/818/708 2687/821/708 2685/819/707
f 2690/820/709 2689/823/709 2687/821/708
f 2692/822/710 2691/825/710 2689/823/709
f 2694/824/711 2693/827/711 2691/825/710
f 2696/826/712 2695/829/712 2693/827/711
f 2698/828/713 2697/831/713 2695/829/712
f 2700/830/714 2699/833/714 2697/831/713
f 2702/832/614 2701/835/614 2699/833/714
f 2704/834/715 2703/837/715 2701/835/614
f 2706/836/716 2705/839/716 2703/837/715
f 2708/838/717 2707/841/717 2705/839/716
f 2710/840/718 2709/843/718 2707/841/717
f 2712/842/719 2711/845/721 2709/843/718
f 2714/844/720 2713/847/720 2711/845/721
f 2716/846/722 2715/849/722 2713/847/720
f 2718/848/723 2717/851/723 2715/849/722
f 2720/850/724 2719/853/726 2717/851/723
f 2722/852/725 2721/855/725 2719/853/726
f 2724/854/727 2723/857/729 2721/855/725
f 2726/856/728 2725/859/728 2723/857/729
f 2728/858/730 2727/861/730 2725/859/728
f 2730/860/10 2729/863/10 2727/861/730
f 2732/862/731 2731/865/731 2729/863/10
f 2734/864/732 2733/867/732 2731/865/731
f 2736/866/733 2735/869/733 2733/867/732
f 2738/868/734 2737/104/734 2735/869/733
f 2740/870/735 2739/872/735 2737/104/734
f 2742/871/736 2741/874/736 2739/872/735
f 2744/873/737 2743/876/737 2741/874/736
f 2746/875/738 2745/878/740 2743/876/737
f 2748/877/739 2747/880/739 2745/878/740
f 2750/879/741 2749/882/741 2747/880/739
f 2752/881/742 2751/884/742 2749/882/741
f 2754/883/743 2753/886/743 2751/884/742
f 2756/885/744 2755/888/744 2753/886/743
f 2758/887/745 2757/890/745 2755/888/744
f 2760/889/746 2759/892/746 2757/890/745
f 2762/891/747 2761/894/747 2759/892/746
f 2764/893/748 2763/896/748 2761/894/747
f 2766/895/749 2765/898/749 2763/896/748
f 2768/897/750 2767/900/750 2765/898/749
f 2770/899/751 2769/901/753 2767/900/750
f 2772/740/752 2771/201/752 2769/901/753
f 2774/902/754 2773/904/754 2771/201/752
f 2776/903/755 2775/906/755 2773/904/754
f 2778/905/756 2777/908/756 2775/906/755
f 2780/907/757 2779/910/757 2777/908/756
f 2782/909/758 2781/912/758 2779/910/757
f 2784/911/759 2783/914/759 2781/912/758
f 2786/913/760 2785/916/762 2783/914/759
f 2788/915/761 2787/918/764 2785/916/762
f 2790/917/763 2789/920/763 2787/918/764
f 2792/919/765 2791/922/767 2789/920/763
f 2794/921/766 2793/924/766 2791/922/767
f 2796/923/768 2795/926/768 2793/924/766
f 2798/925/769 2797/928/769 2795/926/768
f 2800/927/770 2799/930/770 2797/928/769
f 2802/929/771 2801/932/771 2799/930/770
f 2804/931/772 2803/934/772 2801/932/771
f 2806/933/773 2805/103/773 2803/934/772
f 2808/935/774 2807/937/774 2805/103/773
f 2810/936/775 2809/939/775 2807/937/774
f 2812/938/776 2811/941/776 2809/939/775
f 2814/940/777 2813/943/777 2811/941/776
f 2816/942/778 2815/945/778 2813/943/777
f 2818/944/779 2817/947/779 2815/945/778
f 2820/946/780 2819/949/782 2817/947/779
f 2822/948/781 2821/951/781 2819/949/782
f 2824/950/783 2823/953/785 2821/951/781
f 2826/952/784 2825/955/787 2823/953/785
f 2828/954/786 2827/957/786 2825/955/787
f 2830/956/788 2829/959/788 2827/957/786
f 2832/958/789 2831/961/789 2829/959/788
f 2834/960/790 2833/963/790 2831/961/789
f 2836/962/642 2835/965/792 2833/963/790
f 2838/964/791 2837/967/791 2835/965/792
f 2840/966/793 2839/969/793 2837/967/791
f 2842/968/794 2841/971/794 2839/969/793
f 2844/970/795 2843/973/797 2841/971/794
f 2846/972/796 2845/975/799 2843/973/797
f 2848/974/798 2847/977/798 2845/975/799
f 2850/976/800 2849/979/800 2847/977/798
f 2852/978/801 2851/981/801 2849/979/800
f 2854/980/802 2853/983/802 2851/981/801
f 2856/982/803 2855/985/803 2853/983/802
f 2858/984/804 2857/987/804 2855/985/803
f 2860/986/805 2859/989/805 2857/987/804
f 2862/988/806 2861/991/806 2859/989/805
f 2864/990/807 2863/993/807 2861/991/806
f 2866/992/808 2865/995/808 2863/993/807
f 2868/994/809 2867/997/809 2865/995/808
f 2870/996/810 2869/999/810 2867/997/809
f 2872/998/811 2871/1000/811 2869/999/810
f 2670/678/700 2669/97/700 2871/1000/811
